dataset_role,Time_stamp,source_segment_id,T_P1_true_C,T_P1_predicted_C,T_280_predictor_C
Prospective operational challenge,2026-09-01 12:40:09,94,6.11,6.305983465576192,5.48
Prospective operational challenge,2026-09-01 12:41:09,94,6.11,6.284562868848221,5.43
Prospective operational challenge,2026-09-01 12:42:09,94,6.11,6.255762901579249,5.34
Prospective operational challenge,2026-09-01 12:43:09,94,6.11,6.221442339191128,5.22
Prospective operational challenge,2026-09-01 12:44:09,94,6.1,6.1822200807876255,5.04
Prospective operational challenge,2026-09-01 12:45:09,94,6.08,6.140990178679681,4.85
Prospective operational challenge,2026-09-01 12:46:09,94,6.06,6.095757457826116,4.64
Prospective operational challenge,2026-09-01 12:47:09,94,6.03,6.046473366007861,4.43
Prospective operational challenge,2026-09-01 12:48:09,94,5.99,5.993602266471884,4.23
Prospective operational challenge,2026-09-01 12:49:09,94,5.96,5.937001147428942,4.02
Prospective operational challenge,2026-09-01 12:50:09,94,5.91,5.877993576376292,3.83
Prospective operational challenge,2026-09-01 12:51:09,94,5.86,5.82267559613457,3.64
Prospective operational challenge,2026-09-01 12:52:09,94,5.82,5.767944776581041,3.52
Prospective operational challenge,2026-09-01 12:53:09,94,5.76,5.712191526639966,3.45
Prospective operational challenge,2026-09-01 12:54:09,94,5.71,5.660058156347034,3.42
Prospective operational challenge,2026-09-01 12:55:09,94,5.66,5.595798633192803,3.45
Prospective operational challenge,2026-09-01 12:56:09,94,5.61,5.534461689139704,3.49
Prospective operational challenge,2026-09-01 12:57:09,94,5.56,5.481743047349984,3.54
Prospective operational challenge,2026-09-01 12:58:09,94,5.51,5.439932785642902,3.6
Prospective operational challenge,2026-09-01 12:59:09,94,5.47,5.40962524363398,3.68
Prospective operational challenge,2026-09-01 13:00:09,94,5.43,5.386284094925266,3.77
Prospective operational challenge,2026-09-01 13:01:09,94,5.39,5.367930222602507,3.85
Prospective operational challenge,2026-09-01 13:02:09,94,5.36,5.353135209045561,3.91
Prospective operational challenge,2026-09-01 13:03:09,94,5.33,5.34526162603342,3.98
Prospective operational challenge,2026-09-01 13:04:09,94,5.31,5.343279675332065,4.03
Prospective operational challenge,2026-09-01 13:05:09,94,5.29,5.348590948043713,4.11
Prospective operational challenge,2026-09-01 13:06:09,94,5.27,5.353856124485116,4.17
Prospective operational challenge,2026-09-01 13:07:09,94,5.26,5.357659822456814,4.23
Prospective operational challenge,2026-09-01 13:08:09,94,5.25,5.35884717925388,4.28
Prospective operational challenge,2026-09-01 13:09:09,94,5.25,5.35897904481384,4.33
Prospective operational challenge,2026-09-01 13:10:09,94,5.25,5.3596260928695205,4.38
Prospective operational challenge,2026-09-01 13:11:09,94,5.25,5.361680777439909,4.43
Prospective operational challenge,2026-09-01 13:12:09,94,5.25,5.366772526110476,4.49
Prospective operational challenge,2026-09-01 13:13:09,94,5.25,5.371299028713132,4.52
Prospective operational challenge,2026-09-01 13:14:09,94,5.26,5.380253040288904,4.58
Prospective operational challenge,2026-09-01 13:15:09,94,5.27,5.392044806271793,4.63
Prospective operational challenge,2026-09-01 13:16:09,94,5.27,5.4039393442670285,4.66
Prospective operational challenge,2026-09-01 13:17:09,94,5.28,5.4190419181844565,4.72
Prospective operational challenge,2026-09-01 13:18:09,94,5.29,5.438255750434062,4.79
Prospective operational challenge,2026-09-01 13:19:09,94,5.31,5.456339090547846,4.83
Prospective operational challenge,2026-09-01 13:20:09,94,5.32,5.478549180363318,4.9
Prospective operational challenge,2026-09-01 13:21:09,94,5.33,5.4992244910826305,4.93
Prospective operational challenge,2026-09-01 13:22:09,94,5.35,5.522788753296092,4.99
Prospective operational challenge,2026-09-01 13:23:09,94,5.37,5.545485309897951,5.03
Prospective operational challenge,2026-09-01 13:24:09,94,5.39,5.5705911522966245,5.09
Prospective operational challenge,2026-09-01 13:25:09,94,5.41,5.596007011004604,5.14
Prospective operational challenge,2026-09-01 13:26:09,94,5.43,5.623712947531839,5.2
Prospective operational challenge,2026-09-01 13:27:09,94,5.45,5.6473499436143335,5.21
Prospective operational challenge,2026-09-01 13:28:09,94,5.48,5.667756611316076,5.22
Prospective operational challenge,2026-09-01 13:29:09,94,5.5,5.681072765842405,5.19
Prospective operational challenge,2026-09-01 13:30:09,94,5.52,5.684230360354125,5.12
Prospective operational challenge,2026-09-01 13:31:09,94,5.54,5.680306887647448,5.07
Prospective operational challenge,2026-09-01 13:32:09,94,5.55,5.666526180955012,4.97
Prospective operational challenge,2026-09-01 13:33:09,94,5.55,5.64546207464487,4.84
Prospective operational challenge,2026-09-01 13:34:09,94,5.55,5.618744940898198,4.66
Prospective operational challenge,2026-09-01 13:35:09,94,5.53,5.590656065273484,4.48
Prospective operational challenge,2026-09-01 13:36:09,94,5.51,5.557788668912893,4.27
Prospective operational challenge,2026-09-01 13:37:09,94,5.48,5.5215630459135365,4.08
Prospective operational challenge,2026-09-01 13:38:09,94,5.45,5.4814230183262405,3.89
Prospective operational challenge,2026-09-01 13:39:09,94,5.41,5.434198334056882,3.7
Prospective operational challenge,2026-09-01 13:40:09,94,5.37,5.3798166370747085,3.5
Prospective operational challenge,2026-09-01 13:41:09,94,5.33,5.323462813186478,3.32
Prospective operational challenge,2026-09-01 13:42:09,94,5.29,5.280570611562642,3.19
Prospective operational challenge,2026-09-01 13:43:09,94,5.25,5.232926904639999,3.14
Prospective operational challenge,2026-09-01 13:44:09,94,5.21,5.1889943253102855,3.13
Prospective operational challenge,2026-09-01 13:45:09,94,5.17,5.149541774474703,3.15
Prospective operational challenge,2026-09-01 13:46:09,94,5.13,5.114717364739283,3.2
Prospective operational challenge,2026-09-01 13:47:09,94,5.09,5.07980869706727,3.25
Prospective operational challenge,2026-09-01 13:48:09,94,5.05,5.046011251778762,3.34
Prospective operational challenge,2026-09-01 13:49:09,94,5.02,5.014650957860271,3.4
Prospective operational challenge,2026-09-01 13:50:09,94,4.98,4.991830753681056,3.5
Prospective operational challenge,2026-09-01 13:51:09,94,4.95,4.974866098256822,3.57
Prospective operational challenge,2026-09-01 13:52:09,94,4.93,4.963079905388574,3.64
Prospective operational challenge,2026-09-01 13:53:09,94,4.91,4.959783360849131,3.72
Prospective operational challenge,2026-09-01 13:54:09,94,4.89,4.96505666081357,3.79
Prospective operational challenge,2026-09-01 13:55:09,94,4.88,4.973430123871063,3.84
Prospective operational challenge,2026-09-01 13:56:09,94,4.87,4.984242627489975,3.91
Prospective operational challenge,2026-09-01 13:57:09,94,4.87,4.991069126166757,3.95
Prospective operational challenge,2026-09-01 13:58:09,94,4.87,4.9973948002024855,4.01
Prospective operational challenge,2026-09-01 13:59:09,94,4.87,5.004980753823451,4.08
Prospective operational challenge,2026-09-01 14:00:09,94,4.87,5.012299670239542,4.13
Prospective operational challenge,2026-09-01 14:01:09,94,4.88,5.020572061556951,4.18
Prospective operational challenge,2026-09-01 14:02:09,94,4.88,5.030309804186443,4.23
Prospective operational challenge,2026-09-01 14:03:09,94,4.89,5.041285817321323,4.27
Prospective operational challenge,2026-09-01 14:04:09,94,4.9,5.053661721286157,4.32
Prospective operational challenge,2026-09-01 14:05:09,94,4.91,5.069638424065959,4.38
Prospective operational challenge,2026-09-01 14:06:09,94,4.93,5.086833277462702,4.43
Prospective operational challenge,2026-09-01 14:07:09,94,4.94,5.103982223508342,4.47
Prospective operational challenge,2026-09-01 14:08:09,94,4.95,5.123121999454933,4.52
Prospective operational challenge,2026-09-01 14:09:09,94,4.97,5.143776529068807,4.57
Prospective operational challenge,2026-09-01 14:10:09,94,5.0,5.167526309878088,4.64
Prospective operational challenge,2026-09-01 14:11:09,94,5.02,5.191837180534191,4.69
Prospective operational challenge,2026-09-01 14:12:09,94,5.04,5.215310572641147,4.73
Prospective operational challenge,2026-09-01 14:13:09,94,5.06,5.2425103947914,4.8
Prospective operational challenge,2026-09-01 14:14:09,94,5.08,5.3159623454765175,5.19
Prospective operational challenge,2026-09-01 14:15:09,94,5.12,5.394745216463878,5.36
Prospective operational challenge,2026-09-01 14:16:09,94,5.18,5.484782189560708,5.55
Prospective operational challenge,2026-09-01 14:17:09,94,5.24,5.567794960100384,5.77
Prospective operational challenge,2026-09-01 14:18:09,94,5.32,5.643143658954561,5.98
Prospective operational challenge,2026-09-01 14:19:09,94,5.4,5.722175714288037,6.18
Prospective operational challenge,2026-09-01 14:20:09,94,5.49,5.792639908768605,6.35
Prospective operational challenge,2026-09-01 14:21:09,94,5.57,5.838545559600078,6.53
Prospective operational challenge,2026-09-01 14:22:09,94,5.67,5.89828292529188,6.66
Prospective operational challenge,2026-09-01 14:23:09,94,5.75,5.973752154557596,6.73
Prospective operational challenge,2026-09-01 14:24:09,94,5.84,6.0665377122273,6.76
Prospective operational challenge,2026-09-01 14:25:09,94,5.92,6.176634119645916,6.77
Prospective operational challenge,2026-09-01 14:26:09,94,5.98,6.303845656584052,6.74
Prospective operational challenge,2026-09-01 14:27:09,94,6.04,6.37960563240676,6.65
Prospective operational challenge,2026-09-01 14:28:09,94,6.09,6.444538463377178,6.56
Prospective operational challenge,2026-09-01 14:29:09,94,6.12,6.507096769672605,6.46
Prospective operational challenge,2026-09-01 14:30:09,94,6.15,6.560759251487488,6.33
Prospective operational challenge,2026-09-01 14:31:09,94,6.17,6.604984466565595,6.2
Prospective operational challenge,2026-09-01 14:32:09,94,6.19,6.639580661979479,6.14
Prospective operational challenge,2026-09-01 14:33:09,94,6.19,6.637919307059288,6.15
Prospective operational challenge,2026-09-01 14:34:09,94,6.2,6.6406423875482155,6.16
Prospective operational challenge,2026-09-01 14:35:09,94,6.21,6.644938408799652,6.16
Prospective operational challenge,2026-09-01 14:36:09,94,6.22,6.650391370866558,6.17
Prospective operational challenge,2026-09-01 14:37:09,94,6.22,6.658647137299616,6.23
Prospective operational challenge,2026-09-01 14:38:09,94,6.24,6.657162232856508,6.18
Prospective operational challenge,2026-09-01 14:39:09,94,6.26,6.652983341472085,6.18
Prospective operational challenge,2026-09-01 14:40:09,94,6.27,6.6485301394958825,6.22
Prospective operational challenge,2026-09-01 14:41:09,94,6.29,6.642073638955466,6.25
Prospective operational challenge,2026-09-01 14:42:09,94,6.31,6.633954649980017,6.27
Prospective operational challenge,2026-09-01 14:43:09,94,6.33,6.62582092531162,6.28
Prospective operational challenge,2026-09-01 14:44:09,94,6.35,6.617313140745342,6.27
Prospective operational challenge,2026-09-01 14:45:09,94,6.37,6.6113580316034,6.26
Prospective operational challenge,2026-09-01 14:46:09,94,6.39,6.60616086605252,6.25
Prospective operational challenge,2026-09-01 14:47:09,94,6.4,6.597604907105454,6.23
Prospective operational challenge,2026-09-01 14:48:09,94,6.42,6.587903720329619,6.22
Prospective operational challenge,2026-09-01 14:49:09,94,6.43,6.57668721312908,6.2
Prospective operational challenge,2026-09-01 14:50:09,94,6.44,6.564009983135397,6.17
Prospective operational challenge,2026-09-01 14:51:09,94,6.46,6.551943150884167,6.15
Prospective operational challenge,2026-09-01 14:52:09,94,6.47,6.543093800512145,6.16
Prospective operational challenge,2026-09-01 14:53:09,94,6.48,6.534046462881042,6.15
Prospective operational challenge,2026-09-01 14:54:09,94,6.49,6.527133155859273,6.16
Prospective operational challenge,2026-09-01 14:55:09,94,6.5,6.523114467905863,6.18
Prospective operational challenge,2026-09-01 14:56:09,94,6.51,6.523248600495507,6.22
Prospective operational challenge,2026-09-01 14:57:09,94,6.52,6.52545385362075,6.25
Prospective operational challenge,2026-09-01 14:58:09,94,6.53,6.529224679662027,6.27
Prospective operational challenge,2026-09-01 14:59:09,94,6.54,6.536544351754679,6.3
Prospective operational challenge,2026-09-01 15:00:09,94,6.55,6.547057324076574,6.33
Prospective operational challenge,2026-09-01 15:01:09,94,6.56,6.5587147685506775,6.35
Prospective operational challenge,2026-09-01 15:02:09,94,6.57,6.571475878642675,6.37
Prospective operational challenge,2026-09-01 15:03:09,94,6.59,6.582813294093034,6.37
Prospective operational challenge,2026-09-01 15:04:09,94,6.6,6.593095029387149,6.37
Prospective operational challenge,2026-09-01 15:05:09,94,6.62,6.594193972026533,6.3
Prospective operational challenge,2026-09-01 15:06:09,94,6.63,6.5865108195078585,6.2
Prospective operational challenge,2026-09-01 15:07:09,94,6.63,6.573484466942818,6.09
Prospective operational challenge,2026-09-01 15:08:10,94,6.63,6.556894721552599,5.97
Prospective operational challenge,2026-09-01 15:09:09,94,6.62,6.53369960733937,5.78
Prospective operational challenge,2026-09-01 15:10:09,94,6.6,6.505292402963175,5.57
Prospective operational challenge,2026-09-01 15:11:09,94,6.57,6.472546481609825,5.36
Prospective operational challenge,2026-09-01 15:12:09,94,6.54,6.433735500174854,5.12
Prospective operational challenge,2026-09-01 15:13:09,94,6.5,6.391714404707146,4.92
Prospective operational challenge,2026-09-01 15:14:09,94,6.45,6.337922324361989,4.68
Prospective operational challenge,2026-09-01 15:15:09,94,6.4,6.279644170110209,4.47
Prospective operational challenge,2026-09-01 15:16:09,94,6.35,6.194466386222183,4.25
Prospective operational challenge,2026-09-01 15:17:09,94,6.3,6.089911166109013,4.02
Prospective operational challenge,2026-09-01 15:18:10,94,6.25,5.997419944459967,3.8
Prospective operational challenge,2026-09-01 15:19:09,94,6.19,5.932271934588696,3.66
Prospective operational challenge,2026-09-01 15:20:10,94,6.13,5.869334467578597,3.57
Prospective operational challenge,2026-09-01 15:21:09,94,6.06,5.808915103790151,3.52
Prospective operational challenge,2026-09-01 15:22:09,94,6.0,5.753730311542373,3.53
Prospective operational challenge,2026-09-01 15:23:09,94,5.94,5.701234783257401,3.55
Prospective operational challenge,2026-09-01 15:24:10,94,5.88,5.652822931110117,3.59
Prospective operational challenge,2026-09-01 15:25:09,94,5.82,5.61054433885412,3.67
Prospective operational challenge,2026-09-01 15:26:09,94,5.77,5.56323690800129,3.74
Prospective operational challenge,2026-09-01 15:27:10,94,5.72,5.543343533603864,3.79
Prospective operational challenge,2026-09-01 15:28:10,94,5.67,5.522353672515878,3.86
Prospective operational challenge,2026-09-01 15:29:10,94,5.63,5.486514389158527,3.91
Prospective operational challenge,2026-09-01 15:30:10,94,5.59,5.454507330563066,3.97
Prospective operational challenge,2026-09-01 15:31:10,94,5.56,5.427148438496642,4.01
Prospective operational challenge,2026-09-01 15:32:10,94,5.53,5.410142315321103,4.07
Prospective operational challenge,2026-09-01 15:33:10,94,5.5,5.396626851101711,4.11
Prospective operational challenge,2026-09-01 15:34:10,94,5.48,5.386814202033072,4.18
Prospective operational challenge,2026-09-01 15:35:10,94,5.46,5.375845745663805,4.23
Prospective operational challenge,2026-09-01 15:36:10,94,5.44,5.363364802656941,4.27
Prospective operational challenge,2026-09-01 15:37:10,94,5.43,5.3523179448444305,4.32
Prospective operational challenge,2026-09-01 15:38:10,94,5.42,5.342151828064207,4.36
Prospective operational challenge,2026-09-01 15:39:10,94,5.41,5.335854586359101,4.42
Prospective operational challenge,2026-09-01 15:40:10,94,5.4,5.333141896422893,4.47
Prospective operational challenge,2026-09-01 15:41:10,94,5.4,5.333067840119878,4.51
Prospective operational challenge,2026-09-01 15:42:10,94,5.39,5.337570727829991,4.57
Prospective operational challenge,2026-09-01 15:43:10,94,5.39,5.345317923937243,4.62
Prospective operational challenge,2026-09-01 15:44:10,94,5.39,5.355422641996854,4.67
Prospective operational challenge,2026-09-01 15:45:10,94,5.39,5.366627436210692,4.71
Prospective operational challenge,2026-09-01 15:46:10,94,5.4,5.379929988558915,4.76
Prospective operational challenge,2026-09-01 15:47:10,94,5.4,5.397705201554798,4.83
Prospective operational challenge,2026-09-01 15:48:10,94,5.41,5.417468221745386,4.89
Prospective operational challenge,2026-09-01 15:49:10,94,5.42,5.437526900390613,4.93
Prospective operational challenge,2026-09-01 15:50:10,94,5.43,5.458203722463048,4.97
Prospective operational challenge,2026-09-01 15:51:10,94,5.45,5.48041966877187,5.02
Prospective operational challenge,2026-09-01 15:52:10,94,5.46,5.502396443449016,5.06
Prospective operational challenge,2026-09-01 15:53:10,94,5.48,5.523914333534265,5.1
Prospective operational challenge,2026-09-01 15:54:10,94,5.5,5.5495325246415526,5.17
Prospective operational challenge,2026-09-01 15:55:10,94,5.52,5.57466217085191,5.21
Prospective operational challenge,2026-09-01 15:56:10,94,5.54,5.600701651642167,5.26
Prospective operational challenge,2026-09-01 15:57:10,94,5.56,5.630583936666172,5.33
Prospective operational challenge,2026-09-01 15:58:10,94,5.58,5.659860924764514,5.37
Prospective operational challenge,2026-09-01 15:59:10,94,5.61,5.693625687041742,5.45
Prospective operational challenge,2026-09-01 16:00:10,94,5.64,5.7295607524032475,5.52
Prospective operational challenge,2026-09-01 16:01:10,94,5.66,5.7653633854473725,5.57
Prospective operational challenge,2026-09-01 16:02:10,94,5.7,5.803018748500856,5.63
Prospective operational challenge,2026-09-01 16:03:10,94,5.73,5.843873835034357,5.7
Prospective operational challenge,2026-09-01 16:04:10,94,5.76,5.8852818878916455,5.76
Prospective operational challenge,2026-09-01 16:05:10,94,5.8,5.928347139448038,5.83
Prospective operational challenge,2026-09-01 16:06:10,94,5.83,5.972041869580057,5.89
Prospective operational challenge,2026-09-01 16:07:10,94,5.87,6.017500348806334,5.96
Prospective operational challenge,2026-09-01 16:08:10,94,5.91,6.062841320327317,6.02
Prospective operational challenge,2026-09-01 16:09:10,94,5.95,6.108997477938886,6.08
Prospective operational challenge,2026-09-01 16:10:10,94,5.99,6.156315866101856,6.15
Prospective operational challenge,2026-09-01 16:11:10,94,6.04,6.205865200393155,6.23
Prospective operational challenge,2026-09-01 16:12:10,94,6.08,6.257601840491363,6.31
Prospective operational challenge,2026-09-01 16:13:10,94,6.12,6.308292813147764,6.37
Prospective operational challenge,2026-09-01 16:14:10,94,6.17,6.359405831163695,6.43
Prospective operational challenge,2026-09-01 16:15:10,94,6.21,6.413261010501728,6.51
Prospective operational challenge,2026-09-01 16:16:10,94,6.26,6.464843114743134,6.56
Prospective operational challenge,2026-09-01 16:17:10,94,6.3,6.5183903558824055,6.64
Prospective operational challenge,2026-09-01 16:18:10,94,6.35,6.571322098462434,6.7
Prospective operational challenge,2026-09-01 16:19:10,94,6.39,6.622833358026211,6.75
Prospective operational challenge,2026-09-01 16:20:10,94,6.44,6.675582604716666,6.82
Prospective operational challenge,2026-09-01 16:21:10,94,6.49,6.728063586227833,6.88
Prospective operational challenge,2026-09-01 16:22:10,94,6.53,6.781509188869599,6.95
Prospective operational challenge,2026-09-01 16:23:10,94,6.58,6.834356673513033,7.01
Prospective operational challenge,2026-09-01 16:24:10,94,6.63,6.887036397959842,7.07
Prospective operational challenge,2026-09-01 16:25:10,94,6.67,6.939609572011497,7.13
Prospective operational challenge,2026-09-01 16:26:10,94,6.72,6.99129973800118,7.18
Prospective operational challenge,2026-09-01 16:27:10,94,6.77,7.0435389030127045,7.24
Prospective operational challenge,2026-09-01 16:28:10,94,6.81,7.098132378351204,7.32
Prospective operational challenge,2026-09-01 16:29:10,94,6.86,7.15082154875503,7.37
Prospective operational challenge,2026-09-01 16:30:10,94,6.9,7.204041581943224,7.43
Prospective operational challenge,2026-09-01 16:31:10,94,6.95,7.25595202765055,7.48
Prospective operational challenge,2026-09-01 16:32:10,94,7.0,7.308627218037991,7.54
Prospective operational challenge,2026-09-01 16:33:10,94,7.04,7.358636381516888,7.58
Prospective operational challenge,2026-09-01 16:34:10,94,7.09,7.411263964280962,7.66
Prospective operational challenge,2026-09-01 16:35:10,94,7.14,7.462401730704277,7.71
Prospective operational challenge,2026-09-01 16:36:10,94,7.18,7.513929426233265,7.77
Prospective operational challenge,2026-09-01 16:37:10,94,7.23,7.565884079019432,7.83
Prospective operational challenge,2026-09-01 16:38:10,94,7.27,7.61607422703478,7.87
Prospective operational challenge,2026-09-01 16:39:10,94,7.32,7.665663612183831,7.92
Prospective operational challenge,2026-09-01 16:40:10,94,7.37,7.717101382202014,7.99
Prospective operational challenge,2026-09-01 16:41:10,94,7.41,7.765934712951406,8.03
Prospective operational challenge,2026-09-01 16:42:10,94,7.46,7.8130364108604,8.07
Prospective operational challenge,2026-09-01 16:43:10,94,7.5,7.863053131104912,8.14
Prospective operational challenge,2026-09-01 16:44:10,94,7.55,7.912270345547485,8.19
Prospective operational challenge,2026-09-01 16:45:10,94,7.59,7.960865260341763,8.24
Prospective operational challenge,2026-09-01 16:46:10,94,7.64,8.009026038951529,8.29
Prospective operational challenge,2026-09-01 16:47:10,94,7.68,8.054900140286565,8.32
Prospective operational challenge,2026-09-01 16:48:10,94,7.73,8.099264399851966,8.36
Prospective operational challenge,2026-09-01 16:49:10,94,7.77,8.145390897158501,8.42
Prospective operational challenge,2026-09-01 16:50:10,94,7.81,8.192217150960873,8.48
Prospective operational challenge,2026-09-01 16:51:10,94,7.86,8.237496157003823,8.52
Prospective operational challenge,2026-09-01 16:52:10,94,7.9,8.283430334625487,8.57
Prospective operational challenge,2026-09-01 16:53:10,94,7.94,8.328295607751082,8.61
Prospective operational challenge,2026-09-01 16:54:10,94,7.99,8.373358112459197,8.66
Prospective operational challenge,2026-09-01 16:55:10,94,8.03,8.417546299385798,8.7
Prospective operational challenge,2026-09-01 16:56:10,94,8.07,8.461950609808952,8.75
Prospective operational challenge,2026-09-01 16:57:10,94,8.11,8.506185648682356,8.8
Prospective operational challenge,2026-09-01 16:58:10,94,8.15,8.547609192909153,8.82
Prospective operational challenge,2026-09-01 16:59:10,94,8.19,8.59016738549286,8.87
Prospective operational challenge,2026-09-01 17:00:10,94,8.24,8.63213426116729,8.91
Prospective operational challenge,2026-09-01 17:01:10,94,8.28,8.673589165971384,8.95
Prospective operational challenge,2026-09-01 17:02:10,94,8.32,8.713949851114602,8.99
Prospective operational challenge,2026-09-01 17:03:10,94,8.36,8.752710768977382,9.02
Prospective operational challenge,2026-09-01 17:04:10,94,8.4,8.792760871053874,9.07
Prospective operational challenge,2026-09-01 17:05:10,94,8.44,8.832607696135355,9.11
Prospective operational challenge,2026-09-01 17:06:10,94,8.47,8.872062325081481,9.15
Prospective operational challenge,2026-09-01 17:07:10,94,8.51,8.910205855193617,9.18
Prospective operational challenge,2026-09-01 17:08:10,94,8.55,8.948534148225008,9.22
Prospective operational challenge,2026-09-01 17:09:10,94,8.59,8.986810677411944,9.26
Prospective operational challenge,2026-09-01 17:10:10,94,8.63,9.023696006049384,9.29
Prospective operational challenge,2026-09-01 17:11:10,94,8.66,9.06090363074025,9.33
Prospective operational challenge,2026-09-01 17:12:10,94,8.7,9.097337442632266,9.36
Prospective operational challenge,2026-09-01 17:13:10,94,8.74,9.13250851899022,9.39
Prospective operational challenge,2026-09-01 17:14:10,94,8.78,9.167008932399948,9.42
Prospective operational challenge,2026-09-01 17:15:10,94,8.81,9.204389607023373,9.48
Prospective operational challenge,2026-09-01 17:16:10,94,8.85,9.239046823319589,9.5
Prospective operational challenge,2026-09-01 17:17:10,94,8.89,9.27447520754669,9.54
Prospective operational challenge,2026-09-01 17:18:10,94,8.92,9.308957862557229,9.57
Prospective operational challenge,2026-09-01 17:19:10,94,8.96,9.343278047107066,9.6
Prospective operational challenge,2026-09-01 17:20:10,94,8.99,9.37677189933704,9.63
Prospective operational challenge,2026-09-01 17:21:10,94,9.03,9.41107583684081,9.67
Prospective operational challenge,2026-09-01 17:22:10,94,9.06,9.445574738897417,9.71
Prospective operational challenge,2026-09-01 17:23:10,94,9.1,9.479379929870678,9.74
Prospective operational challenge,2026-09-01 17:24:10,94,9.13,9.511741778611707,9.76
Prospective operational challenge,2026-09-01 17:25:10,94,9.17,9.545174421040208,9.8
Prospective operational challenge,2026-09-01 17:26:10,94,9.2,9.579219539321707,9.84
Prospective operational challenge,2026-09-01 17:27:10,94,9.23,9.612331019211624,9.87
Prospective operational challenge,2026-09-01 17:28:10,94,9.27,9.644865917885207,9.9
Prospective operational challenge,2026-09-01 17:29:10,94,9.3,9.6771208383928,9.93
Prospective operational challenge,2026-09-01 17:30:10,94,9.33,9.710783584334242,9.97
Prospective operational challenge,2026-09-01 17:31:10,94,9.37,9.74350702430989,10.0
Prospective operational challenge,2026-09-01 17:32:10,94,9.4,9.775990536977302,10.03
Prospective operational challenge,2026-09-01 17:33:10,94,9.43,9.809325697129385,10.07
Prospective operational challenge,2026-09-01 17:34:10,94,9.46,9.839811200968512,10.08
Prospective operational challenge,2026-09-01 17:35:10,94,9.5,9.871508054335528,10.12
Prospective operational challenge,2026-09-01 17:36:10,94,9.53,9.902848984042134,10.15
Prospective operational challenge,2026-09-01 17:37:10,94,9.56,9.936433517459472,10.2
Prospective operational challenge,2026-09-01 17:38:10,94,9.59,9.967859838617514,10.22
Prospective operational challenge,2026-09-01 17:39:10,94,9.62,9.998154911963171,10.24
Prospective operational challenge,2026-09-01 17:40:10,94,9.65,10.029856299389555,10.28
Prospective operational challenge,2026-09-01 17:41:10,94,9.68,10.062529486873872,10.32
Prospective operational challenge,2026-09-01 17:42:10,94,9.72,10.093200131470535,10.34
Prospective operational challenge,2026-09-01 17:43:10,94,9.75,10.121615081531486,10.35
Prospective operational challenge,2026-09-01 17:44:10,94,9.78,10.15178697959764,10.39
Prospective operational challenge,2026-09-01 17:45:10,94,9.81,10.18175408931566,10.42
Prospective operational challenge,2026-09-01 17:46:10,94,9.84,10.211318423426466,10.45
Prospective operational challenge,2026-09-01 17:47:10,94,9.87,10.240751269815592,10.48
Prospective operational challenge,2026-09-01 17:48:10,94,9.9,10.270697976266456,10.51
Prospective operational challenge,2026-09-01 17:49:10,94,9.93,10.302496090292696,10.56
Prospective operational challenge,2026-09-01 17:50:10,94,9.96,10.33150500213089,10.57
Prospective operational challenge,2026-09-01 17:51:10,94,10.0,10.360946916638753,10.6
Prospective operational challenge,2026-09-01 17:52:10,94,10.02,10.390876998205265,10.63
Prospective operational challenge,2026-09-01 17:53:10,94,10.05,10.41958061671266,10.65
Prospective operational challenge,2026-09-01 17:54:10,94,10.08,10.446823512426912,10.67
Prospective operational challenge,2026-09-01 17:55:10,94,10.11,10.473578996759072,10.69
Prospective operational challenge,2026-09-01 17:56:10,94,10.14,10.502138281043246,10.73
Prospective operational challenge,2026-09-01 17:57:10,94,10.17,10.531499338159042,10.77
Prospective operational challenge,2026-09-01 17:58:10,94,10.2,10.557984290282231,10.78
Prospective operational challenge,2026-09-01 17:59:10,94,10.23,10.584292414090058,10.8
Prospective operational challenge,2026-09-01 18:00:10,94,10.25,10.611350169046773,10.83
Prospective operational challenge,2026-09-01 18:01:10,94,10.28,10.638516741428322,10.86
Prospective operational challenge,2026-09-01 18:02:10,94,10.31,10.66666191495686,10.9
Prospective operational challenge,2026-09-01 18:03:10,94,10.34,10.694809355515082,10.93
Prospective operational challenge,2026-09-01 18:04:10,94,10.36,10.722632610828471,10.95
Prospective operational challenge,2026-09-01 18:05:10,94,10.39,10.750767960561712,10.98
Prospective operational challenge,2026-09-01 18:06:10,94,10.42,10.778112116935189,11.0
Prospective operational challenge,2026-09-01 18:07:10,94,10.45,10.80585451485651,11.03
Prospective operational challenge,2026-09-01 18:08:10,94,10.47,10.83358935601222,11.06
Prospective operational challenge,2026-09-01 18:09:10,94,10.5,10.860331993842838,11.08
Prospective operational challenge,2026-09-01 18:10:10,94,10.53,10.88850739443383,11.12
Prospective operational challenge,2026-09-01 18:11:10,94,10.56,10.914754308440186,11.13
Prospective operational challenge,2026-09-01 18:12:10,94,10.58,10.942084862635555,11.16
Prospective operational challenge,2026-09-01 18:13:10,94,10.61,10.96824865222016,11.18
Prospective operational challenge,2026-09-01 18:14:10,94,10.64,10.994835620679137,11.21
Prospective operational challenge,2026-09-01 18:15:10,94,10.66,11.023734959415927,11.26
Prospective operational challenge,2026-09-01 18:16:10,94,10.69,11.050185150417294,11.27
Prospective operational challenge,2026-09-01 18:17:10,94,10.71,11.07878524123578,11.31
Prospective operational challenge,2026-09-01 18:18:10,94,10.74,11.10652083806805,11.33
Prospective operational challenge,2026-09-01 18:19:10,94,10.77,11.133589172496624,11.35
Prospective operational challenge,2026-09-01 18:20:10,94,10.79,11.162011679323186,11.39
Prospective operational challenge,2026-09-01 18:21:10,94,10.82,11.188144486168774,11.4
Prospective operational challenge,2026-09-01 18:22:10,94,10.84,11.21491810673841,11.43
Prospective operational challenge,2026-09-01 18:23:10,94,10.87,11.242086190473085,11.46
Prospective operational challenge,2026-09-01 18:24:10,94,10.9,11.267281202706,11.47
Prospective operational challenge,2026-09-01 18:25:10,94,10.92,11.292239688175204,11.49
Prospective operational challenge,2026-09-01 18:26:10,94,10.95,11.318791895512357,11.53
Prospective operational challenge,2026-09-01 18:27:10,94,10.97,11.34426499671986,11.55
Prospective operational challenge,2026-09-01 18:28:10,94,11.0,11.368823729288096,11.57
Prospective operational challenge,2026-09-01 18:29:10,94,11.02,11.39417214386297,11.6
Prospective operational challenge,2026-09-01 18:30:10,94,11.05,11.420550545591006,11.63
Prospective operational challenge,2026-09-01 18:31:10,94,11.07,11.445659410695924,11.65
Prospective operational challenge,2026-09-01 18:32:10,94,11.1,11.471625213021449,11.68
Prospective operational challenge,2026-09-01 18:33:10,94,11.12,11.496865565848044,11.7
Prospective operational challenge,2026-09-01 18:34:10,94,11.15,11.521498354719297,11.72
Prospective operational challenge,2026-09-01 18:35:10,94,11.17,11.548139731890693,11.76
Prospective operational challenge,2026-09-01 18:36:10,94,11.2,11.573589407124793,11.78
Prospective operational challenge,2026-09-01 18:37:10,94,11.22,11.598585676422063,11.8
Prospective operational challenge,2026-09-01 18:38:10,94,11.25,11.625616227022569,11.84
Prospective operational challenge,2026-09-01 18:39:10,94,11.27,11.65047345183255,11.85
Prospective operational challenge,2026-09-01 18:40:10,94,11.3,11.674850822026054,11.87
Prospective operational challenge,2026-09-01 18:41:10,94,11.32,11.70024382151805,11.9
Prospective operational challenge,2026-09-01 18:42:10,94,11.35,11.724987694843824,11.92
Prospective operational challenge,2026-09-01 18:43:10,94,11.37,11.748931306691098,11.94
Prospective operational challenge,2026-09-01 18:44:10,94,11.4,11.77265501665901,11.96
Prospective operational challenge,2026-09-01 18:45:10,94,11.42,11.798454570141027,12.0
Prospective operational challenge,2026-09-01 18:46:10,94,11.44,11.823139500695016,12.02
Prospective operational challenge,2026-09-01 18:47:10,94,11.47,11.847485888149505,12.04
Prospective operational challenge,2026-09-01 18:48:10,94,11.49,11.871451414617056,12.06
Prospective operational challenge,2026-09-01 18:49:10,94,11.52,11.895084443397604,12.08
Prospective operational challenge,2026-09-01 18:50:10,94,11.54,11.920656538234647,12.12
Prospective operational challenge,2026-09-01 18:51:10,94,11.56,11.94516388479671,12.14
Prospective operational challenge,2026-09-01 18:52:10,94,11.59,11.969197422154789,12.16
Prospective operational challenge,2026-09-01 18:53:10,94,11.61,11.993302748786196,12.18
Prospective operational challenge,2026-09-01 18:54:10,94,11.63,12.01816299630242,12.21
Prospective operational challenge,2026-09-01 18:55:10,94,11.66,12.04213078979966,12.23
Prospective operational challenge,2026-09-01 18:56:10,94,11.68,12.0669222707488,12.26
Prospective operational challenge,2026-09-01 18:57:10,94,11.7,12.089994587520804,12.27
Prospective operational challenge,2026-09-01 18:58:10,94,11.73,12.114161123953684,12.3
Prospective operational challenge,2026-09-01 18:59:10,94,11.75,12.137606744947009,12.32
Prospective operational challenge,2026-09-01 19:00:10,94,11.77,12.161053877293456,12.34
Prospective operational challenge,2026-09-01 19:01:10,94,11.8,12.185138800657707,12.37
Prospective operational challenge,2026-09-01 19:02:10,94,11.82,12.209856980980394,12.4
Prospective operational challenge,2026-09-01 19:03:10,94,11.84,12.23383459827293,12.42
Prospective operational challenge,2026-09-01 19:04:10,94,11.87,12.257428331872283,12.44
Prospective operational challenge,2026-09-01 19:05:10,94,11.89,12.281144485074584,12.46
Prospective operational challenge,2026-09-01 19:06:10,94,11.91,12.304500936233666,12.48
Prospective operational challenge,2026-09-01 19:07:10,94,11.94,12.328467974054345,12.51
Prospective operational challenge,2026-09-01 19:08:10,94,11.96,12.351744323497918,12.53
Prospective operational challenge,2026-09-01 19:09:10,94,11.98,12.375969802702588,12.56
Prospective operational challenge,2026-09-01 19:10:10,94,12.01,12.399657995872111,12.58
Prospective operational challenge,2026-09-01 19:11:10,94,12.03,12.422211918523011,12.59
Prospective operational challenge,2026-09-01 19:12:10,94,12.05,12.4467109526429,12.63
Prospective operational challenge,2026-09-01 19:13:10,94,12.07,12.470542724359088,12.65
Prospective operational challenge,2026-09-01 19:14:10,94,12.1,12.492784552590138,12.66
Prospective operational challenge,2026-09-01 19:15:10,94,12.12,12.51605258959154,12.69
Prospective operational challenge,2026-09-01 19:16:10,94,12.14,12.540281091502452,12.72
Prospective operational challenge,2026-09-01 19:17:10,94,12.16,12.562789673559667,12.73
Prospective operational challenge,2026-09-01 19:18:10,94,12.18,12.587394502398148,12.77
Prospective operational challenge,2026-09-01 19:19:10,94,12.21,12.609177634956442,12.77
Prospective operational challenge,2026-09-01 19:20:10,94,12.23,12.6322801787909,12.8
Prospective operational challenge,2026-09-01 19:21:10,94,12.25,12.654695056954504,12.82
Prospective operational challenge,2026-09-01 19:22:10,94,12.27,12.678234381841442,12.85
Prospective operational challenge,2026-09-01 19:23:10,94,12.3,12.699827083906268,12.86
Prospective operational challenge,2026-09-01 19:24:10,94,12.32,12.724057097170304,12.9
Prospective operational challenge,2026-09-01 19:25:10,94,12.34,12.746397919030894,12.91
Prospective operational challenge,2026-09-01 19:26:10,94,12.36,12.768577026107348,12.93
Prospective operational challenge,2026-09-01 19:27:10,94,12.38,12.790772002391591,12.95
Prospective operational challenge,2026-09-01 19:28:10,94,12.41,12.812942797025872,12.97
Prospective operational challenge,2026-09-01 19:29:10,94,12.43,12.834435749784596,12.99
Prospective operational challenge,2026-09-01 19:30:10,94,12.45,12.857010831379212,13.02
Prospective operational challenge,2026-09-01 19:31:10,94,12.47,12.878236274635208,13.03
Prospective operational challenge,2026-09-01 19:32:10,94,12.49,12.900490949367802,13.06
Prospective operational challenge,2026-09-01 19:33:10,94,12.51,12.92380054858008,13.09
Prospective operational challenge,2026-09-01 19:34:10,94,12.54,12.94524211533263,13.1
Prospective operational challenge,2026-09-01 19:35:10,94,12.56,12.966807613041244,13.12
Prospective operational challenge,2026-09-01 19:36:10,94,12.58,12.987313652210808,13.13
Prospective operational challenge,2026-09-01 19:37:10,94,12.6,13.010271106145485,13.17
Prospective operational challenge,2026-09-01 19:38:10,94,12.62,13.031018961814686,13.18
Prospective operational challenge,2026-09-01 19:39:10,94,12.64,13.05118570220819,13.19
Prospective operational challenge,2026-09-01 19:40:10,94,12.67,13.072535076420252,13.22
Prospective operational challenge,2026-09-01 19:41:10,94,12.69,13.093747673174706,13.24
Prospective operational challenge,2026-09-01 19:42:10,94,12.71,13.115651713982816,13.27
Prospective operational challenge,2026-09-01 19:43:10,94,12.73,13.137179427863366,13.29
Prospective operational challenge,2026-09-01 19:44:10,94,12.75,13.157720228154751,13.3
Prospective operational challenge,2026-09-01 19:45:10,94,12.77,13.178626775901844,13.32
Prospective operational challenge,2026-09-01 19:46:10,94,12.79,13.199318711505509,13.34
Prospective operational challenge,2026-09-01 19:47:10,94,12.81,13.219925255657737,13.36
Prospective operational challenge,2026-09-01 19:48:10,94,12.83,13.23945118232719,13.37
Prospective operational challenge,2026-09-01 19:49:10,94,12.85,13.261346155016568,13.41
Prospective operational challenge,2026-09-01 19:50:10,94,12.88,13.282687972463014,13.43
Prospective operational challenge,2026-09-01 19:51:10,94,12.9,13.303769837172348,13.45
Prospective operational challenge,2026-09-01 19:52:10,94,12.92,13.32627539652332,13.48
Prospective operational challenge,2026-09-01 19:53:10,94,12.94,13.347484214894964,13.49
Prospective operational challenge,2026-09-01 19:54:10,94,12.96,13.368546432013702,13.51
Prospective operational challenge,2026-09-01 19:55:10,94,12.98,13.389684216788575,13.53
Prospective operational challenge,2026-09-01 19:56:10,94,13.0,13.41077061555728,13.55
Prospective operational challenge,2026-09-01 19:57:10,94,13.02,13.43178446937609,13.57
Prospective operational challenge,2026-09-01 19:58:10,94,13.04,13.45177815983704,13.58
Prospective operational challenge,2026-09-01 19:59:10,94,13.06,13.471913917491529,13.6
Prospective operational challenge,2026-09-01 20:00:10,94,13.08,13.493115179097558,13.63
Prospective operational challenge,2026-09-01 20:01:10,94,13.1,13.51181137290262,13.63
Prospective operational challenge,2026-09-01 20:02:10,94,13.12,13.532033277685104,13.66
Prospective operational challenge,2026-09-01 20:03:10,94,13.14,13.55187658851034,13.68
Prospective operational challenge,2026-09-01 20:04:10,94,13.16,13.572065243524124,13.7
Prospective operational challenge,2026-09-01 20:05:11,94,13.18,13.59200830365546,13.72
Prospective operational challenge,2026-09-01 20:06:11,94,13.2,13.611094426566194,13.73
Prospective operational challenge,2026-09-01 20:07:11,94,13.22,13.632767986023088,13.77
Prospective operational challenge,2026-09-01 20:08:11,94,13.24,13.653676045123303,13.79
Prospective operational challenge,2026-09-01 20:09:11,94,13.26,13.673430186114295,13.8
Prospective operational challenge,2026-09-01 20:10:11,94,13.28,13.695693173289063,13.84
Prospective operational challenge,2026-09-01 20:11:11,94,13.3,13.71660198806584,13.85
Prospective operational challenge,2026-09-01 20:12:11,94,13.32,13.7365465595503,13.86
Prospective operational challenge,2026-09-01 20:13:11,94,13.34,13.757685100001735,13.89
Prospective operational challenge,2026-09-01 20:14:11,94,13.36,13.776649558986088,13.89
Prospective operational challenge,2026-09-01 20:15:11,94,13.38,13.797179779805615,13.92
Prospective operational challenge,2026-09-01 20:16:11,94,13.4,13.816086807371304,13.93
Prospective operational challenge,2026-09-01 20:17:11,94,13.42,13.83667748231574,13.96
Prospective operational challenge,2026-09-01 20:18:11,94,13.44,13.856861603270158,13.98
Prospective operational challenge,2026-09-01 20:19:11,94,13.46,13.877287540724216,14.0
Prospective operational challenge,2026-09-01 20:20:11,94,13.48,13.89764697864087,14.02
Prospective operational challenge,2026-09-01 20:21:11,94,13.5,13.916881969834195,14.03
Prospective operational challenge,2026-09-01 20:22:11,94,13.52,13.936639889207994,14.05
Prospective operational challenge,2026-09-01 20:23:11,94,13.54,13.957434596824005,14.08
Prospective operational challenge,2026-09-01 20:24:11,94,13.56,13.97553607317526,14.08
Prospective operational challenge,2026-09-01 20:25:11,94,13.58,13.995548655550245,14.11
Prospective operational challenge,2026-09-01 20:26:11,94,13.6,14.01642875461769,14.14
Prospective operational challenge,2026-09-01 20:27:11,94,13.62,14.035854176304484,14.15
Prospective operational challenge,2026-09-01 20:28:11,94,13.64,14.05560076052986,14.17
Prospective operational challenge,2026-09-01 20:29:11,94,13.66,14.074346073311412,14.18
Prospective operational challenge,2026-09-01 20:30:11,94,13.68,14.093629427804666,14.2
Prospective operational challenge,2026-09-01 20:31:11,94,13.69,14.113684328067086,14.23
Prospective operational challenge,2026-09-01 20:32:11,94,13.71,14.132632162167088,14.24
Prospective operational challenge,2026-09-01 20:33:11,94,13.73,14.151912493954097,14.26
Prospective operational challenge,2026-09-01 20:34:11,94,13.75,14.171467892009444,14.28
Prospective operational challenge,2026-09-01 20:35:11,94,13.77,14.19013763713486,14.29
Prospective operational challenge,2026-09-01 20:36:11,94,13.79,14.209919738158622,14.32
Prospective operational challenge,2026-09-01 20:37:11,94,13.81,14.227437832204494,14.32
Prospective operational challenge,2026-09-01 20:38:11,94,13.83,14.24792875784283,14.36
Prospective operational challenge,2026-09-01 20:39:11,94,13.85,14.267579371144912,14.38
Prospective operational challenge,2026-09-01 20:40:11,94,13.87,14.28545036614495,14.38
Prospective operational challenge,2026-09-01 20:41:11,94,13.89,14.304060412822016,14.4
Prospective operational challenge,2026-09-01 20:42:11,94,13.9,14.322990110684543,14.42
Prospective operational challenge,2026-09-01 20:43:11,94,13.92,14.340741708787885,14.43
Prospective operational challenge,2026-09-01 20:44:11,94,13.94,14.35958299249273,14.46
Prospective operational challenge,2026-09-01 20:45:11,94,13.96,14.37955552400996,14.49
Prospective operational challenge,2026-09-01 20:46:11,94,13.98,14.39957793018024,14.51
Prospective operational challenge,2026-09-01 20:47:11,94,14.0,14.418515184808385,14.52
Prospective operational challenge,2026-09-01 20:48:11,94,14.02,14.438127258605835,14.54
Prospective operational challenge,2026-09-01 20:49:11,94,14.04,14.457889712039002,14.56
Prospective operational challenge,2026-09-01 20:50:11,94,14.05,14.476356180169406,14.57
Prospective operational challenge,2026-09-01 20:51:11,94,14.07,14.495273787206951,14.59
Prospective operational challenge,2026-09-01 20:52:11,94,14.09,14.51409920170401,14.61
Prospective operational challenge,2026-09-01 20:53:11,94,14.11,14.533399181081611,14.63
Prospective operational challenge,2026-09-01 20:54:11,94,14.13,14.55175909881686,14.64
Prospective operational challenge,2026-09-01 20:55:11,94,14.15,14.570363100081437,14.66
Prospective operational challenge,2026-09-01 20:56:11,94,14.17,14.589154509133232,14.68
Prospective operational challenge,2026-09-01 20:57:11,94,14.18,14.608044911814568,14.7
Prospective operational challenge,2026-09-01 20:58:11,94,14.2,14.6257262319977,14.71
Prospective operational challenge,2026-09-01 20:59:11,94,14.22,14.64515089800793,14.74
Prospective operational challenge,2026-09-01 21:00:11,94,14.24,14.662490652385316,14.74
Prospective operational challenge,2026-09-01 21:01:11,94,14.26,14.679451812805455,14.75
Prospective operational challenge,2026-09-01 21:02:11,94,14.28,14.697710469881478,14.78
Prospective operational challenge,2026-09-01 21:03:11,94,14.29,14.71592378636382,14.8
Prospective operational challenge,2026-09-01 21:04:11,94,14.31,14.73404339895255,14.82
Prospective operational challenge,2026-09-01 21:05:11,94,14.33,14.751293227819136,14.83
Prospective operational challenge,2026-09-01 21:06:11,94,14.35,14.770386907495482,14.86
Prospective operational challenge,2026-09-01 21:07:11,94,14.37,14.789352877832956,14.88
Prospective operational challenge,2026-09-01 21:08:11,94,14.39,14.808442779126496,14.9
Prospective operational challenge,2026-09-01 21:09:11,94,14.4,14.826474733234107,14.91
Prospective operational challenge,2026-09-01 21:10:11,94,14.42,14.84414622962194,14.92
Prospective operational challenge,2026-09-01 21:11:11,94,14.44,14.863324545073162,14.95
Prospective operational challenge,2026-09-01 21:12:11,94,14.46,14.881308135880843,14.96
Prospective operational challenge,2026-09-01 21:13:11,94,14.48,14.908152034370689,15.06
Prospective operational challenge,2026-09-01 21:14:11,94,14.5,14.931804710741831,15.07
Prospective operational challenge,2026-09-01 21:15:11,94,14.53,14.95365660986721,15.07
Prospective operational challenge,2026-09-01 21:16:11,94,14.55,14.974257864283508,15.07
Prospective operational challenge,2026-09-01 21:17:11,94,14.57,14.990332616097149,15.03
Prospective operational challenge,2026-09-01 21:18:11,94,14.58,14.997703485276832,14.95
Prospective operational challenge,2026-09-01 21:19:11,94,14.59,14.994243997978842,14.81
Prospective operational challenge,2026-09-01 21:20:11,94,14.58,14.981564500955471,14.64
Prospective operational challenge,2026-09-01 21:21:11,94,14.57,14.957668496731566,14.43
Prospective operational challenge,2026-09-01 21:22:11,94,14.54,14.923157503849978,14.23
Prospective operational challenge,2026-09-01 21:23:11,94,14.5,14.87557179510342,13.99
Prospective operational challenge,2026-09-01 21:24:11,94,14.45,14.817235075918134,13.75
Prospective operational challenge,2026-09-01 21:25:11,94,14.39,14.748859193614935,13.5
Prospective operational challenge,2026-09-01 21:26:11,94,14.33,14.668737830518232,13.2
Prospective operational challenge,2026-09-01 21:27:11,94,14.27,14.578440526846007,12.9
Prospective operational challenge,2026-09-01 21:28:11,94,14.19,14.47764158600031,12.6
Prospective operational challenge,2026-09-01 21:29:11,94,14.12,14.370098987520873,12.35
Prospective operational challenge,2026-09-01 21:30:11,94,14.04,14.253445196740891,12.08
Prospective operational challenge,2026-09-01 21:31:11,94,13.96,14.12965177380901,11.82
Prospective operational challenge,2026-09-01 21:32:11,94,13.88,14.001640164311516,11.59
Prospective operational challenge,2026-09-01 21:33:11,94,13.79,13.869974858639756,11.36
Prospective operational challenge,2026-09-01 21:34:11,94,13.7,13.735209767713222,11.13
Prospective operational challenge,2026-09-01 21:35:11,94,13.6,13.5995952963317,10.92
Prospective operational challenge,2026-09-01 21:36:11,94,13.5,13.460148789107429,10.66
Prospective operational challenge,2026-09-01 21:37:11,94,13.4,13.318463212231787,10.42
Prospective operational challenge,2026-09-01 21:38:11,94,13.29,13.176329519155257,10.19
Prospective operational challenge,2026-09-01 21:39:11,94,13.17,13.043336489765156,9.94
Prospective operational challenge,2026-09-01 21:40:11,94,13.05,12.907665342641527,9.71
Prospective operational challenge,2026-09-01 21:41:11,94,12.93,12.767189603940658,9.47
Prospective operational challenge,2026-09-01 21:42:11,94,12.81,12.620113786152707,9.26
Prospective operational challenge,2026-09-01 21:43:11,94,12.68,12.466824040000546,9.04
Prospective operational challenge,2026-09-01 21:44:11,94,12.55,12.307146559875052,8.85
Prospective operational challenge,2026-09-01 21:45:11,94,12.41,12.143196484471524,8.62
Prospective operational challenge,2026-09-01 21:46:11,94,12.27,11.975294976328549,8.42
Prospective operational challenge,2026-09-01 21:47:11,94,12.13,11.80360375023026,8.29
Prospective operational challenge,2026-09-01 21:48:11,94,11.99,11.631483299845112,8.23
Prospective operational challenge,2026-09-01 21:49:11,94,11.86,11.46339740662116,8.24
Prospective operational challenge,2026-09-01 21:50:11,94,11.72,11.305089968101443,8.26
Prospective operational challenge,2026-09-01 21:51:11,94,11.6,11.16156960853478,8.28
Prospective operational challenge,2026-09-01 21:52:11,94,11.47,11.03295723617099,8.29
Prospective operational challenge,2026-09-01 21:53:11,94,11.36,10.91722461511933,8.34
Prospective operational challenge,2026-09-01 21:54:11,94,11.25,10.8126911207073,8.36
Prospective operational challenge,2026-09-01 21:55:11,94,11.15,10.716996775033712,8.44
Prospective operational challenge,2026-09-01 21:56:11,94,11.06,10.629741069521035,8.47
Prospective operational challenge,2026-09-01 21:57:11,94,10.97,10.549034057089266,8.52
Prospective operational challenge,2026-09-01 21:58:11,94,10.89,10.475607232649814,8.58
Prospective operational challenge,2026-09-01 21:59:11,94,10.81,10.410772450713234,8.63
Prospective operational challenge,2026-09-01 22:00:11,94,10.74,10.355905798297796,8.68
Prospective operational challenge,2026-09-01 22:01:11,94,10.67,10.306059860956156,8.72
Prospective operational challenge,2026-09-01 22:02:11,94,10.61,10.258746951448256,8.79
Prospective operational challenge,2026-09-01 22:03:11,94,10.55,10.21204916266132,8.81
Prospective operational challenge,2026-09-01 22:04:11,94,10.5,10.165880347467349,8.81
Prospective operational challenge,2026-09-01 22:05:11,94,10.45,10.118450308092434,8.77
Prospective operational challenge,2026-09-01 22:06:11,94,10.4,10.067009893206285,8.68
Prospective operational challenge,2026-09-01 22:07:11,94,10.36,10.0085205273556,8.57
Prospective operational challenge,2026-09-01 22:08:11,94,10.31,9.944004640927922,8.46
Prospective operational challenge,2026-09-01 22:09:11,94,10.26,9.874380380945324,8.31
Prospective operational challenge,2026-09-01 22:10:11,94,10.21,9.801733414717216,8.15
Prospective operational challenge,2026-09-01 22:11:11,94,10.16,9.725136527102784,7.96
Prospective operational challenge,2026-09-01 22:12:11,94,10.1,9.643440711890449,7.77
Prospective operational challenge,2026-09-01 22:13:11,94,10.04,9.55614004362237,7.57
Prospective operational challenge,2026-09-01 22:14:11,94,9.96,9.46372835693141,7.37
Prospective operational challenge,2026-09-01 22:15:11,94,9.88,9.366847599056458,7.17
Prospective operational challenge,2026-09-01 22:16:11,94,9.8,9.266628262133336,6.96
Prospective operational challenge,2026-09-01 22:17:11,94,9.72,9.162627519697075,6.74
Prospective operational challenge,2026-09-01 22:18:11,94,9.62,9.054310352742226,6.6
Prospective operational challenge,2026-09-01 22:19:11,94,9.53,8.943671747390818,6.51
Prospective operational challenge,2026-09-01 22:20:11,94,9.44,8.834083910298009,6.51
Prospective operational challenge,2026-09-01 22:21:11,94,9.34,8.731800820685763,6.53
Prospective operational challenge,2026-09-01 22:22:11,94,9.26,8.641720396186654,6.59
Prospective operational challenge,2026-09-01 22:23:11,94,9.17,8.565455250582666,6.63
Prospective operational challenge,2026-09-01 22:24:11,94,9.1,8.503146695390774,6.7
Prospective operational challenge,2026-09-01 22:25:11,94,9.02,8.452825437492027,6.77
Prospective operational challenge,2026-09-01 22:26:11,94,8.95,8.412977856733985,6.83
Prospective operational challenge,2026-09-01 22:27:11,94,8.89,8.380269152451282,6.87
Prospective operational challenge,2026-09-01 22:28:11,94,8.83,8.354745420914167,6.96
Prospective operational challenge,2026-09-01 22:29:11,94,8.78,8.33691787731641,7.02
Prospective operational challenge,2026-09-01 22:30:11,94,8.73,8.328105932934177,7.09
Prospective operational challenge,2026-09-01 22:31:11,94,8.68,8.325649228433136,7.13
Prospective operational challenge,2026-09-01 22:32:11,94,8.64,8.32559633107384,7.19
Prospective operational challenge,2026-09-01 22:33:11,94,8.61,8.323600967113519,7.24
Prospective operational challenge,2026-09-01 22:34:11,94,8.58,8.320676120982704,7.32
Prospective operational challenge,2026-09-01 22:35:11,94,8.55,8.318011227589004,7.37
Prospective operational challenge,2026-09-01 22:36:11,94,8.52,8.320209868544334,7.44
Prospective operational challenge,2026-09-01 22:37:11,94,8.5,8.328538935603847,7.48
Prospective operational challenge,2026-09-01 22:38:11,94,8.49,8.337568136997476,7.51
Prospective operational challenge,2026-09-01 22:39:11,94,8.47,8.342438472435559,7.51
Prospective operational challenge,2026-09-01 22:40:11,94,8.46,8.341371834969173,7.49
Prospective operational challenge,2026-09-01 22:41:11,94,8.45,8.32908906814053,7.42
Prospective operational challenge,2026-09-01 22:42:11,94,8.43,8.304376933230333,7.32
Prospective operational challenge,2026-09-01 22:43:11,94,8.42,8.268334561797113,7.18
Prospective operational challenge,2026-09-01 22:44:11,94,8.4,8.230998849929092,7.04
Prospective operational challenge,2026-09-01 22:45:11,94,8.38,8.192697383415629,6.9
Prospective operational challenge,2026-09-01 22:46:11,94,8.35,8.151177112588975,6.71
Prospective operational challenge,2026-09-01 22:47:11,94,8.32,8.103603872505682,6.52
Prospective operational challenge,2026-09-01 22:48:11,94,8.28,8.049049692348373,6.32
Prospective operational challenge,2026-09-01 22:49:11,94,8.24,7.986980308788157,6.12
Prospective operational challenge,2026-09-01 22:50:11,94,8.2,7.917582373935694,5.92
Prospective operational challenge,2026-09-01 22:51:11,94,8.15,7.84189003116523,5.71
Prospective operational challenge,2026-09-01 22:52:11,94,8.09,7.759843204190135,5.57
Prospective operational challenge,2026-09-01 22:53:11,94,8.03,7.673433100749643,5.51
Prospective operational challenge,2026-09-01 22:54:11,94,7.96,7.587060403298937,5.52
Prospective operational challenge,2026-09-01 22:55:11,94,7.9,7.506113463558929,5.53
Prospective operational challenge,2026-09-01 22:56:11,94,7.83,7.43519397395013,5.59
Prospective operational challenge,2026-09-01 22:57:11,94,7.77,7.376952470011577,5.64
Prospective operational challenge,2026-09-01 22:58:11,94,7.72,7.331698401295153,5.72
Prospective operational challenge,2026-09-01 22:59:11,94,7.66,7.297318140458683,5.78
Prospective operational challenge,2026-09-01 23:00:11,94,7.61,7.271766448888796,5.87
Prospective operational challenge,2026-09-01 23:01:11,94,7.57,7.254486770798037,5.93
Prospective operational challenge,2026-09-01 23:02:11,94,7.53,7.244596853800997,5.99
Prospective operational challenge,2026-09-01 23:03:11,94,7.49,7.2429581691776495,6.06
Prospective operational challenge,2026-09-01 23:04:11,94,7.46,7.249983694168783,6.12
Prospective operational challenge,2026-09-01 23:05:11,94,7.44,7.263897211016882,6.18
Prospective operational challenge,2026-09-01 23:06:11,94,7.41,7.285095072078388,6.25
Prospective operational challenge,2026-09-01 23:07:11,94,7.39,7.303100199668069,6.3
Prospective operational challenge,2026-09-01 23:08:11,94,7.38,7.316573157080883,6.35
Prospective operational challenge,2026-09-01 23:09:11,94,7.36,7.3279120838843665,6.41
Prospective operational challenge,2026-09-01 23:10:11,94,7.35,7.337385245257805,6.47
Prospective operational challenge,2026-09-01 23:11:11,94,7.35,7.346654751797953,6.53
Prospective operational challenge,2026-09-01 23:12:11,94,7.34,7.357610172746536,6.6
Prospective operational challenge,2026-09-01 23:13:11,94,7.34,7.3678635701695985,6.64
Prospective operational challenge,2026-09-01 23:14:11,94,7.34,7.380281603102729,6.7
Prospective operational challenge,2026-09-01 23:15:11,94,7.35,7.39070427207554,6.72
Prospective operational challenge,2026-09-01 23:16:11,94,7.36,7.396109626519079,6.71
Prospective operational challenge,2026-09-01 23:17:11,94,7.36,7.397301328456374,6.7
Prospective operational challenge,2026-09-01 23:18:11,94,7.37,7.390981605373566,6.65
Prospective operational challenge,2026-09-01 23:19:11,94,7.37,7.376151452856516,6.58
Prospective operational challenge,2026-09-01 23:20:11,94,7.37,7.348654649817641,6.44
Prospective operational challenge,2026-09-01 23:21:11,94,7.36,7.315072383429987,6.3
Prospective operational challenge,2026-09-01 23:22:11,94,7.35,7.277319538100085,6.14
Prospective operational challenge,2026-09-01 23:23:11,94,7.33,7.236662627744806,5.97
Prospective operational challenge,2026-09-01 23:24:11,94,7.3,7.191590299241393,5.78
Prospective operational challenge,2026-09-01 23:25:11,94,7.28,7.142321698792646,5.58
Prospective operational challenge,2026-09-01 23:26:11,94,7.24,7.097776832529076,5.38
Prospective operational challenge,2026-09-01 23:27:11,94,7.21,7.053507410372128,5.17
Prospective operational challenge,2026-09-01 23:28:11,94,7.16,7.0037495093498885,4.99
Prospective operational challenge,2026-09-01 23:29:11,94,7.12,6.94605322605037,4.86
Prospective operational challenge,2026-09-01 23:30:11,94,7.07,6.881436456801747,4.83
Prospective operational challenge,2026-09-01 23:31:11,94,7.01,6.814858706876349,4.84
Prospective operational challenge,2026-09-01 23:32:11,94,6.96,6.75127456964885,4.88
Prospective operational challenge,2026-09-01 23:33:11,94,6.91,6.695112309768929,4.93
Prospective operational challenge,2026-09-01 23:34:11,94,6.87,6.648349532797713,5.0
Prospective operational challenge,2026-09-01 23:35:11,94,6.82,6.61215262550769,5.07
Prospective operational challenge,2026-09-01 23:36:11,94,6.78,6.5897624957514696,5.15
Prospective operational challenge,2026-09-01 23:37:11,94,6.75,6.5783944754003745,5.21
Prospective operational challenge,2026-09-01 23:38:11,94,6.71,6.57386381657663,5.28
Prospective operational challenge,2026-09-01 23:39:11,94,6.69,6.5722430792716136,5.33
Prospective operational challenge,2026-09-01 23:40:11,94,6.66,6.575945894422368,5.39
Prospective operational challenge,2026-09-01 23:41:11,94,6.64,6.585765344580059,5.46
Prospective operational challenge,2026-09-01 23:42:11,94,6.62,6.598579729869632,5.53
Prospective operational challenge,2026-09-01 23:43:11,94,6.61,6.609018079131092,5.59
Prospective operational challenge,2026-09-01 23:44:11,94,6.6,6.613675313778867,5.63
Prospective operational challenge,2026-09-01 23:45:11,94,6.59,6.617197900069732,5.69
Prospective operational challenge,2026-09-01 23:46:11,94,6.59,6.621815461698034,5.76
Prospective operational challenge,2026-09-01 23:47:11,94,6.59,6.62492167020358,5.8
Prospective operational challenge,2026-09-01 23:48:11,94,6.59,6.63170311166539,5.87
Prospective operational challenge,2026-09-01 23:49:11,94,6.59,6.6403348271877345,5.92
Prospective operational challenge,2026-09-01 23:50:11,94,6.6,6.653616976268801,5.99
Prospective operational challenge,2026-09-01 23:51:11,94,6.61,6.666162718540805,6.02
Prospective operational challenge,2026-09-01 23:52:11,94,6.62,6.682352711030056,6.08
Prospective operational challenge,2026-09-01 23:53:11,94,6.63,6.700087684249045,6.13
Prospective operational challenge,2026-09-01 23:54:11,94,6.64,6.716623398765126,6.16
Prospective operational challenge,2026-09-01 23:55:11,94,6.65,6.72988741160872,6.17
Prospective operational challenge,2026-09-01 23:56:11,94,6.66,6.739139537587956,6.16
Prospective operational challenge,2026-09-01 23:57:11,94,6.67,6.741636670785031,6.12
Prospective operational challenge,2026-09-01 23:58:11,94,6.68,6.734192500978892,6.04
Prospective operational challenge,2026-09-01 23:59:11,94,6.68,6.71585260867252,5.93
Prospective operational challenge,2026-09-02 00:00:11,94,6.68,6.688135903754285,5.78
Prospective operational challenge,2026-09-02 00:01:11,94,6.67,6.657726345409577,5.64
Prospective operational challenge,2026-09-02 00:02:11,94,6.66,6.62369898552727,5.47
Prospective operational challenge,2026-09-02 00:03:11,94,6.64,6.587429911125635,5.31
Prospective operational challenge,2026-09-02 00:04:11,94,6.62,6.5447400419011075,5.09
Prospective operational challenge,2026-09-02 00:05:11,94,6.59,6.4991357170984845,4.9
Prospective operational challenge,2026-09-02 00:06:11,94,6.56,6.448775164018546,4.69
Prospective operational challenge,2026-09-02 00:07:11,94,6.52,6.393944972997195,4.48
Prospective operational challenge,2026-09-02 00:08:11,94,6.47,6.338105387008983,4.34
Prospective operational challenge,2026-09-02 00:09:11,94,6.43,6.285516910506961,4.29
Prospective operational challenge,2026-09-02 00:10:11,94,6.38,6.2366027223655,4.29
Prospective operational challenge,2026-09-02 00:11:11,94,6.34,6.1938189603282225,4.34
Prospective operational challenge,2026-09-02 00:12:11,94,6.3,6.156791186658962,4.39
Prospective operational challenge,2026-09-02 00:13:11,94,6.26,6.12717357735058,4.46
Prospective operational challenge,2026-09-02 00:14:11,94,6.22,6.105028853557668,4.55
Prospective operational challenge,2026-09-02 00:15:11,94,6.19,6.086531213769108,4.61
Prospective operational challenge,2026-09-02 00:16:11,94,6.15,6.071052879681535,4.68
Prospective operational challenge,2026-09-02 00:17:11,94,6.13,6.057675137515453,4.74
Prospective operational challenge,2026-09-02 00:18:11,94,6.1,6.048648958828069,4.82
Prospective operational challenge,2026-09-02 00:19:11,94,6.08,6.044156839508956,4.87
Prospective operational challenge,2026-09-02 00:20:11,94,6.07,6.047964315863461,4.94
Prospective operational challenge,2026-09-02 00:21:12,94,6.05,6.055139464813749,4.99
Prospective operational challenge,2026-09-02 00:22:11,94,6.04,6.064533280148243,5.06
Prospective operational challenge,2026-09-02 00:23:11,94,6.04,6.0702692430873855,5.11
Prospective operational challenge,2026-09-02 00:24:11,94,6.04,6.07496463940151,5.17
Prospective operational challenge,2026-09-02 00:25:11,94,6.04,6.080744998338633,5.24
Prospective operational challenge,2026-09-02 00:26:11,94,6.04,6.085723017686713,5.28
Prospective operational challenge,2026-09-02 00:27:11,94,6.04,6.0920572875433265,5.33
Prospective operational challenge,2026-09-02 00:28:11,94,6.05,6.1005677169775705,5.38
Prospective operational challenge,2026-09-02 00:29:11,94,6.06,6.111910044325579,5.43
Prospective operational challenge,2026-09-02 00:30:11,94,6.07,6.1237258030392905,5.47
Prospective operational challenge,2026-09-02 00:31:11,94,6.08,6.139103065386779,5.53
Prospective operational challenge,2026-09-02 00:32:11,94,6.09,6.154690216899191,5.57
Prospective operational challenge,2026-09-02 00:33:11,94,6.1,6.172589738689419,5.62
Prospective operational challenge,2026-09-02 00:34:11,94,6.11,6.190491338590192,5.66
Prospective operational challenge,2026-09-02 00:35:11,94,6.12,6.210447434142212,5.71
Prospective operational challenge,2026-09-02 00:36:11,94,6.14,6.2301324307278385,5.75
Prospective operational challenge,2026-09-02 00:37:11,94,6.15,6.243328999438329,5.73
Prospective operational challenge,2026-09-02 00:38:11,94,6.17,6.251329158274501,5.71
Prospective operational challenge,2026-09-02 00:39:11,94,6.18,6.253887312353908,5.68
Prospective operational challenge,2026-09-02 00:40:12,94,6.19,6.24568708814811,5.59
Prospective operational challenge,2026-09-02 00:41:12,94,6.2,6.226496681871907,5.47
Prospective operational challenge,2026-09-02 00:42:12,94,6.2,6.199993971349525,5.32
Prospective operational challenge,2026-09-02 00:43:12,94,6.19,6.170481590002314,5.16
Prospective operational challenge,2026-09-02 00:44:12,94,6.18,6.137929499686958,4.99
Prospective operational challenge,2026-09-02 00:45:12,94,6.17,6.101680828552481,4.81
Prospective operational challenge,2026-09-02 00:46:12,94,6.14,6.061447852748135,4.62
Prospective operational challenge,2026-09-02 00:47:12,94,6.12,6.017902179817847,4.43
Prospective operational challenge,2026-09-02 00:48:12,94,6.08,5.969903115992215,4.22
Prospective operational challenge,2026-09-02 00:49:12,94,6.04,5.919596404867276,4.04
Prospective operational challenge,2026-09-02 00:50:12,94,6.0,5.869696058813217,3.93
Prospective operational challenge,2026-09-02 00:51:12,94,5.95,5.821721176637549,3.89
Prospective operational challenge,2026-09-02 00:52:12,94,5.91,5.778240680810681,3.9
Prospective operational challenge,2026-09-02 00:53:12,94,5.87,5.733784795462212,3.93
Prospective operational challenge,2026-09-02 00:54:12,94,5.83,5.699894401956655,4.0
Prospective operational challenge,2026-09-02 00:55:12,94,5.79,5.678470971441579,4.07
Prospective operational challenge,2026-09-02 00:56:12,94,5.76,5.659307013845023,4.18
Prospective operational challenge,2026-09-02 00:57:12,94,5.73,5.64218357188333,4.24
Prospective operational challenge,2026-09-02 00:58:12,94,5.7,5.628738952341568,4.31
Prospective operational challenge,2026-09-02 00:59:12,94,5.68,5.61768793830797,4.37
Prospective operational challenge,2026-09-02 01:00:12,94,5.66,5.611975968099651,4.44
Prospective operational challenge,2026-09-02 01:01:12,94,5.64,5.613202620077908,4.51
Prospective operational challenge,2026-09-02 01:02:12,94,5.63,5.6193772532609305,4.56
Prospective operational challenge,2026-09-02 01:03:12,94,5.62,5.630733560625325,4.63
Prospective operational challenge,2026-09-02 01:04:12,94,5.61,5.639313134464935,4.67
Prospective operational challenge,2026-09-02 01:05:12,94,5.61,5.6467939545843,4.73
Prospective operational challenge,2026-09-02 01:06:12,94,5.61,5.653231185372402,4.79
Prospective operational challenge,2026-09-02 01:07:12,94,5.62,5.6601533715937675,4.85
Prospective operational challenge,2026-09-02 01:08:12,94,5.62,5.665641094782497,4.89
Prospective operational challenge,2026-09-02 01:09:12,94,5.63,5.6732911864516105,4.94
Prospective operational challenge,2026-09-02 01:10:12,94,5.63,5.683025056238726,4.99
Prospective operational challenge,2026-09-02 01:11:12,94,5.64,5.694829479804017,5.03
Prospective operational challenge,2026-09-02 01:12:12,94,5.65,5.707460235689176,5.07
Prospective operational challenge,2026-09-02 01:13:12,94,5.66,5.721224506416402,5.11
Prospective operational challenge,2026-09-02 01:14:12,94,5.67,5.739325604929379,5.18
Prospective operational challenge,2026-09-02 01:15:12,94,5.69,5.7585859112875095,5.23
Prospective operational challenge,2026-09-02 01:16:12,94,5.7,5.779550268291549,5.28
Prospective operational challenge,2026-09-02 01:17:12,94,5.71,5.803003634969629,5.34
Prospective operational challenge,2026-09-02 01:18:12,94,5.73,5.82802616402741,5.39
Prospective operational challenge,2026-09-02 01:19:12,94,5.75,5.852205546961834,5.43
Prospective operational challenge,2026-09-02 01:20:12,94,5.77,5.872681925826363,5.44
Prospective operational challenge,2026-09-02 01:21:12,94,5.78,5.8894082597550526,5.44
Prospective operational challenge,2026-09-02 01:22:12,94,5.8,5.90174279042815,5.43
Prospective operational challenge,2026-09-02 01:23:12,94,5.82,5.90525725319598,5.38
Prospective operational challenge,2026-09-02 01:24:12,94,5.83,5.898911270352666,5.3
Prospective operational challenge,2026-09-02 01:25:12,94,5.84,5.881360304376372,5.17
Prospective operational challenge,2026-09-02 01:26:12,94,5.84,5.856607362931863,5.02
Prospective operational challenge,2026-09-02 01:27:12,94,5.84,5.82910073609769,4.87
Prospective operational challenge,2026-09-02 01:28:12,94,5.83,5.798237582897015,4.69
Prospective operational challenge,2026-09-02 01:29:12,94,5.81,5.765565906765822,4.53
Prospective operational challenge,2026-09-02 01:30:12,94,5.78,5.728165773470943,4.33
Prospective operational challenge,2026-09-02 01:31:12,94,5.76,5.687850428921408,4.14
Prospective operational challenge,2026-09-02 01:32:12,94,5.72,5.639816603973953,3.92
Prospective operational challenge,2026-09-02 01:33:12,94,5.68,5.588862278035911,3.78
Prospective operational challenge,2026-09-02 01:34:12,94,5.64,5.539014262583727,3.67
Prospective operational challenge,2026-09-02 01:35:12,94,5.6,5.487801873099976,3.65
Prospective operational challenge,2026-09-02 01:36:12,94,5.56,5.445688207253499,3.68
Prospective operational challenge,2026-09-02 01:37:12,94,5.52,5.4159468559081905,3.75
Prospective operational challenge,2026-09-02 01:38:12,94,5.48,5.3822200663781725,3.8
Prospective operational challenge,2026-09-02 01:39:12,94,5.45,5.362401315041183,3.89
Prospective operational challenge,2026-09-02 01:40:12,94,5.43,5.367668758512271,3.99
Prospective operational challenge,2026-09-02 01:41:12,94,5.4,5.3583848941174566,4.07
Prospective operational challenge,2026-09-02 01:42:12,94,5.38,5.348056684714818,4.13
Prospective operational challenge,2026-09-02 01:43:12,94,5.36,5.340334992691513,4.18
Prospective operational challenge,2026-09-02 01:44:12,94,5.35,5.33592543103673,4.23
Prospective operational challenge,2026-09-02 01:45:12,94,5.34,5.338660413431499,4.29
Prospective operational challenge,2026-09-02 01:46:12,94,5.33,5.345890348932486,4.34
Prospective operational challenge,2026-09-02 01:47:12,94,5.33,5.353510402458285,4.38
Prospective operational challenge,2026-09-02 01:48:12,94,5.33,5.361524352391703,4.44
Prospective operational challenge,2026-09-02 01:49:12,94,5.33,5.3644197271366245,4.47
Prospective operational challenge,2026-09-02 01:50:12,94,5.33,5.368837790152723,4.54
Prospective operational challenge,2026-09-02 01:51:12,94,5.34,5.37294829280834,4.59
Prospective operational challenge,2026-09-02 01:52:12,94,5.34,5.377782355771478,4.63
Prospective operational challenge,2026-09-02 01:53:12,94,5.35,5.381793486959275,4.66
Prospective operational challenge,2026-09-02 01:54:12,94,5.36,5.390769790993607,4.72
Prospective operational challenge,2026-09-02 01:55:12,94,5.37,5.399107170495295,4.74
Prospective operational challenge,2026-09-02 01:56:12,94,5.38,5.413506209534079,4.81
Prospective operational challenge,2026-09-02 01:57:12,94,5.39,5.428459915168915,4.85
Prospective operational challenge,2026-09-02 01:58:12,94,5.4,5.444373707874982,4.89
Prospective operational challenge,2026-09-02 01:59:12,94,5.41,5.4632440851274415,4.95
Prospective operational challenge,2026-09-02 02:00:12,94,5.43,5.482846524048737,4.99
Prospective operational challenge,2026-09-02 02:01:12,94,5.44,5.505198114300327,5.05
Prospective operational challenge,2026-09-02 02:02:12,94,5.46,5.527103477542422,5.09
Prospective operational challenge,2026-09-02 02:03:12,94,5.47,5.553442395170125,5.16
Prospective operational challenge,2026-09-02 02:04:12,94,5.49,5.57983213204658,5.21
Prospective operational challenge,2026-09-02 02:05:12,94,5.51,5.6066601613286355,5.25
Prospective operational challenge,2026-09-02 02:06:12,94,5.53,5.628775413735653,5.25
Prospective operational challenge,2026-09-02 02:07:12,94,5.56,5.645101616925093,5.23
Prospective operational challenge,2026-09-02 02:08:12,94,5.57,5.656930411059489,5.22
Prospective operational challenge,2026-09-02 02:09:12,94,5.59,5.660679322480487,5.17
Prospective operational challenge,2026-09-02 02:10:12,94,5.6,5.652849001951484,5.08
Prospective operational challenge,2026-09-02 02:11:12,94,5.61,5.6369344535688555,4.97
Prospective operational challenge,2026-09-02 02:12:12,94,5.61,5.61354890886216,4.81
Prospective operational challenge,2026-09-02 02:13:12,94,5.61,5.586596192947478,4.63
Prospective operational challenge,2026-09-02 02:14:12,94,5.59,5.557453904196201,4.45
Prospective operational challenge,2026-09-02 02:15:12,94,5.57,5.526375949932955,4.29
Prospective operational challenge,2026-09-02 02:16:12,94,5.55,5.490603732870426,4.1
Prospective operational challenge,2026-09-02 02:17:12,94,5.52,5.445146953916412,3.91
Prospective operational challenge,2026-09-02 02:18:12,94,5.48,5.394653590680812,3.7
Prospective operational challenge,2026-09-02 02:19:12,94,5.44,5.345178312692528,3.55
Prospective operational challenge,2026-09-02 02:20:12,94,5.4,5.283943384975214,3.46
Prospective operational challenge,2026-09-02 02:21:12,94,5.36,5.244595117505103,3.43
Prospective operational challenge,2026-09-02 02:22:12,94,5.32,5.20718157095126,3.42
Prospective operational challenge,2026-09-02 02:23:12,94,5.28,5.176482966321824,3.48
Prospective operational challenge,2026-09-02 02:24:12,94,5.24,5.150010105023618,3.55
Prospective operational challenge,2026-09-02 02:25:12,94,5.21,5.122770987692173,3.62
Prospective operational challenge,2026-09-02 02:26:12,94,5.18,5.09734209356351,3.71
Prospective operational challenge,2026-09-02 02:27:12,94,5.16,5.110776511471695,3.8
Prospective operational challenge,2026-09-02 02:28:12,94,5.14,5.1013592701637975,3.87
Prospective operational challenge,2026-09-02 02:29:12,94,5.12,5.09272566545005,3.93
Prospective operational challenge,2026-09-02 02:30:12,94,5.11,5.087315021270581,3.98
Prospective operational challenge,2026-09-02 02:31:12,94,5.1,5.087965092032507,4.03
Prospective operational challenge,2026-09-02 02:32:12,94,5.09,5.093964219334149,4.08
Prospective operational challenge,2026-09-02 02:33:12,94,5.08,5.1035550773320235,4.14
Prospective operational challenge,2026-09-02 02:34:12,94,5.08,5.110711901125697,4.18
Prospective operational challenge,2026-09-02 02:35:12,94,5.08,5.116425571606279,4.23
Prospective operational challenge,2026-09-02 02:36:12,94,5.09,5.12120635937184,4.28
Prospective operational challenge,2026-09-02 02:37:12,94,5.09,5.124116658728847,4.32
Prospective operational challenge,2026-09-02 02:38:12,94,5.1,5.1272804875721985,4.36
Prospective operational challenge,2026-09-02 02:39:12,94,5.11,5.135493180441259,4.43
Prospective operational challenge,2026-09-02 02:40:12,94,5.11,5.1455270538232405,4.48
Prospective operational challenge,2026-09-02 02:41:12,94,5.12,5.155858097012985,4.51
Prospective operational challenge,2026-09-02 02:42:12,94,5.13,5.169890066162079,4.56
Prospective operational challenge,2026-09-02 02:43:12,94,5.14,5.187951491655584,4.62
Prospective operational challenge,2026-09-02 02:44:12,94,5.16,5.204878268792179,4.65
Prospective operational challenge,2026-09-02 02:45:12,94,5.17,5.223480003027068,4.7
Prospective operational challenge,2026-09-02 02:46:12,94,5.19,5.24363446367645,4.75
Prospective operational challenge,2026-09-02 02:47:12,94,5.2,5.263855234944093,4.79
Prospective operational challenge,2026-09-02 02:48:12,94,5.22,5.284433063386987,4.83
Prospective operational challenge,2026-09-02 02:49:12,94,5.24,5.30784449001591,4.89
Prospective operational challenge,2026-09-02 02:50:12,94,5.25,5.332356748475621,4.94
Prospective operational challenge,2026-09-02 02:51:12,94,5.27,5.358042950473433,4.99
Prospective operational challenge,2026-09-02 02:52:12,94,5.3,5.383487335971604,5.03
Prospective operational challenge,2026-09-02 02:53:12,94,5.32,5.411478729319901,5.09
Prospective operational challenge,2026-09-02 02:54:12,94,5.34,5.434586185052009,5.09
Prospective operational challenge,2026-09-02 02:55:12,94,5.36,5.455323461249354,5.1
Prospective operational challenge,2026-09-02 02:56:12,94,5.39,5.467251249013291,5.06
Prospective operational challenge,2026-09-02 02:57:12,94,5.41,5.473833569701177,5.03
Prospective operational challenge,2026-09-02 02:58:12,94,5.42,5.471230452866369,4.96
Prospective operational challenge,2026-09-02 02:59:12,94,5.43,5.457227388345747,4.84
Prospective operational challenge,2026-09-02 03:00:12,94,5.44,5.434911881649963,4.68
Prospective operational challenge,2026-09-02 03:01:12,94,5.43,5.410565494195475,4.52
Prospective operational challenge,2026-09-02 03:02:12,94,5.42,5.382700865590349,4.33
Prospective operational challenge,2026-09-02 03:03:12,94,5.4,5.352479470709425,4.16
Prospective operational challenge,2026-09-02 03:04:12,94,5.38,5.3119179645200205,3.97
Prospective operational challenge,2026-09-02 03:05:12,94,5.35,5.266622522511861,3.77
Prospective operational challenge,2026-09-02 03:06:12,94,5.31,5.218211992798559,3.57
Prospective operational challenge,2026-09-02 03:07:12,94,5.28,5.166456838624597,3.38
Prospective operational challenge,2026-09-02 03:08:12,94,5.23,5.110475185442845,3.28
Prospective operational challenge,2026-09-02 03:09:12,94,5.19,5.068625628554571,3.2
Prospective operational challenge,2026-09-02 03:10:12,94,5.15,5.031376630571968,3.2
Prospective operational challenge,2026-09-02 03:11:12,94,5.1,4.998938647417381,3.24
Prospective operational challenge,2026-09-02 03:12:12,94,5.07,4.970195072511802,3.3
Prospective operational challenge,2026-09-02 03:13:12,94,5.03,4.945060136565516,3.38
Prospective operational challenge,2026-09-02 03:14:12,94,5.0,4.9216952785046875,3.46
Prospective operational challenge,2026-09-02 03:15:12,94,4.97,4.895085356370161,3.53
Prospective operational challenge,2026-09-02 03:16:12,94,4.94,4.899757987927874,3.61
Prospective operational challenge,2026-09-02 03:17:12,94,4.92,4.89401021754246,3.66
Prospective operational challenge,2026-09-02 03:18:12,94,4.91,4.886822033171488,3.75
Prospective operational challenge,2026-09-02 03:19:12,94,4.9,4.884267279636608,3.8
Prospective operational challenge,2026-09-02 03:20:12,94,4.89,4.889966025505103,3.86
Prospective operational challenge,2026-09-02 03:21:12,94,4.88,4.899576531093572,3.91
Prospective operational challenge,2026-09-02 03:22:12,94,4.88,4.909724511636323,3.96
Prospective operational challenge,2026-09-02 03:23:12,94,4.88,4.916847707823016,4.0
Prospective operational challenge,2026-09-02 03:24:12,94,4.88,4.920812459361858,4.04
Prospective operational challenge,2026-09-02 03:25:12,94,4.89,4.925503510535754,4.1
Prospective operational challenge,2026-09-02 03:26:12,94,4.89,4.930650990352723,4.15
Prospective operational challenge,2026-09-02 03:27:12,94,4.9,4.936116326623322,4.19
Prospective operational challenge,2026-09-02 03:28:12,94,4.91,4.9444835553491835,4.24
Prospective operational challenge,2026-09-02 03:29:12,94,4.92,4.954559935537743,4.28
Prospective operational challenge,2026-09-02 03:30:12,94,4.93,4.9683563225188285,4.34
Prospective operational challenge,2026-09-02 03:31:12,94,4.94,4.984231859098975,4.39
Prospective operational challenge,2026-09-02 03:32:12,94,4.95,5.0014703528171385,4.44
Prospective operational challenge,2026-09-02 03:33:12,94,4.96,5.022355930539654,4.5
Prospective operational challenge,2026-09-02 03:34:12,94,4.97,5.043222049590715,4.54
Prospective operational challenge,2026-09-02 03:35:12,94,5.0,5.064434268506886,4.58
Prospective operational challenge,2026-09-02 03:36:12,94,5.02,5.087137815116938,4.63
Prospective operational challenge,2026-09-02 03:37:12,94,5.03,5.109832482527393,4.67
Prospective operational challenge,2026-09-02 03:38:12,94,5.05,5.133483836464554,4.72
Prospective operational challenge,2026-09-02 03:39:12,94,5.07,5.160511742197093,4.79
Prospective operational challenge,2026-09-02 03:40:12,94,5.09,5.189734321583016,4.85
Prospective operational challenge,2026-09-02 03:41:12,94,5.11,5.218435106303306,4.89
Prospective operational challenge,2026-09-02 03:42:12,94,5.14,5.248238612045788,4.94
Prospective operational challenge,2026-09-02 03:43:12,94,5.17,5.277831284027646,4.98
Prospective operational challenge,2026-09-02 03:44:12,94,5.19,5.305464108847568,5.01
Prospective operational challenge,2026-09-02 03:45:12,94,5.22,5.3294506053397,5.02
Prospective operational challenge,2026-09-02 03:46:12,94,5.24,5.345884114600855,4.99
Prospective operational challenge,2026-09-02 03:47:12,94,5.27,5.3551088473047415,4.95
Prospective operational challenge,2026-09-02 03:48:12,94,5.29,5.356403888011803,4.89
Prospective operational challenge,2026-09-02 03:49:12,94,5.3,5.34712002361699,4.79
Prospective operational challenge,2026-09-02 03:50:12,94,5.31,5.327433893516521,4.64
Prospective operational challenge,2026-09-02 03:51:12,94,5.31,5.303413958336549,4.47
Prospective operational challenge,2026-09-02 03:52:12,94,5.29,5.278241616400474,4.31
Prospective operational challenge,2026-09-02 03:53:12,94,5.27,5.247048421461617,4.12
Prospective operational challenge,2026-09-02 03:54:12,94,5.25,5.208733919527471,3.95
Prospective operational challenge,2026-09-02 03:55:12,94,5.21,5.168151632232628,3.78
Prospective operational challenge,2026-09-02 03:56:12,94,5.18,5.122597937759617,3.57
Prospective operational challenge,2026-09-02 03:57:12,94,5.14,5.070347815437953,3.37
Prospective operational challenge,2026-09-02 03:58:12,94,5.1,5.0115572180179875,3.19
Prospective operational challenge,2026-09-02 03:59:12,94,5.06,4.970853266796762,3.11
Prospective operational challenge,2026-09-02 04:00:12,94,5.01,4.939407109128984,3.07
Prospective operational challenge,2026-09-02 04:01:12,94,4.96,4.933904555787738,3.08
Prospective operational challenge,2026-09-02 04:02:12,94,4.93,4.905452199737001,3.13
Prospective operational challenge,2026-09-02 04:03:12,94,4.9,4.852134117514967,3.18
Prospective operational challenge,2026-09-02 04:04:12,94,4.87,4.807979558195348,3.26
Prospective operational challenge,2026-09-02 04:05:12,94,4.84,4.787186550851602,3.35
Prospective operational challenge,2026-09-02 04:06:12,94,4.82,4.761153021014266,3.41
Prospective operational challenge,2026-09-02 04:07:12,94,4.8,4.761875825645225,3.49
Prospective operational challenge,2026-09-02 04:08:12,94,4.79,4.758007139489248,3.56
Prospective operational challenge,2026-09-02 04:09:12,94,4.77,4.750525752612462,3.62
Prospective operational challenge,2026-09-02 04:10:12,94,4.76,4.749604771803282,3.68
Prospective operational challenge,2026-09-02 04:11:12,94,4.76,4.756891855344223,3.74
Prospective operational challenge,2026-09-02 04:12:12,94,4.75,4.767155737779575,3.79
Prospective operational challenge,2026-09-02 04:13:12,94,4.75,4.775391289864617,3.83
Prospective operational challenge,2026-09-02 04:14:12,94,4.75,4.782324527855693,3.88
Prospective operational challenge,2026-09-02 04:15:12,94,4.76,4.786639913319014,3.92
Prospective operational challenge,2026-09-02 04:16:12,94,4.76,4.790873591254137,3.97
Prospective operational challenge,2026-09-02 04:17:12,94,4.77,4.7962668548726946,4.02
Prospective operational challenge,2026-09-02 04:18:12,94,4.77,4.801957855056434,4.06
Prospective operational challenge,2026-09-02 04:19:12,94,4.78,4.811563165368545,4.12
Prospective operational challenge,2026-09-02 04:20:12,94,4.79,4.825230709495915,4.18
Prospective operational challenge,2026-09-02 04:21:12,94,4.8,4.839217810349178,4.22
Prospective operational challenge,2026-09-02 04:22:12,94,4.8,4.85564442406171,4.27
Prospective operational challenge,2026-09-02 04:23:12,94,4.82,4.870478638340278,4.29
Prospective operational challenge,2026-09-02 04:24:12,94,4.83,4.888962581491163,4.35
Prospective operational challenge,2026-09-02 04:25:12,94,4.84,4.9086497506469025,4.4
Prospective operational challenge,2026-09-02 04:26:12,94,4.86,4.928643441107852,4.44
Prospective operational challenge,2026-09-02 04:27:12,94,4.87,4.951420760642208,4.5
Prospective operational challenge,2026-09-02 04:28:12,94,4.89,4.974172009335196,4.54
Prospective operational challenge,2026-09-02 04:29:12,94,4.91,4.998383130685197,4.59
Prospective operational challenge,2026-09-02 04:30:12,94,4.93,5.024764460659908,4.65
Prospective operational challenge,2026-09-02 04:31:12,94,4.95,5.052103138378314,4.7
Prospective operational challenge,2026-09-02 04:32:12,94,4.98,5.079056609969557,4.74
Prospective operational challenge,2026-09-02 04:33:12,94,5.01,5.108355323769039,4.8
Prospective operational challenge,2026-09-02 04:34:12,94,5.04,5.138705939341959,4.85
Prospective operational challenge,2026-09-02 04:35:12,94,5.06,5.170153041605439,4.9
Prospective operational challenge,2026-09-02 04:36:12,94,5.09,5.198480144266128,4.92
Prospective operational challenge,2026-09-02 04:37:12,94,5.12,5.2213467280942965,4.91
Prospective operational challenge,2026-09-02 04:38:12,94,5.14,5.2341034930460655,4.86
Prospective operational challenge,2026-09-02 04:39:12,94,5.16,5.239536240764955,4.81
Prospective operational challenge,2026-09-02 04:40:12,94,5.18,5.2352713911716755,4.73
Prospective operational challenge,2026-09-02 04:41:12,94,5.19,5.221169144102373,4.62
Prospective operational challenge,2026-09-02 04:42:12,94,5.19,5.199992064146306,4.47
Prospective operational challenge,2026-09-02 04:43:12,94,5.19,5.175851409635653,4.3
Prospective operational challenge,2026-09-02 04:44:12,94,5.17,5.147801262434709,4.13
Prospective operational challenge,2026-09-02 04:45:12,94,5.14,5.10910703302847,3.91
Prospective operational challenge,2026-09-02 04:46:12,94,5.11,5.06797839157975,3.72
Prospective operational challenge,2026-09-02 04:47:12,94,5.07,5.022777314682193,3.51
Prospective operational challenge,2026-09-02 04:48:12,94,5.03,4.973108677953767,3.31
Prospective operational challenge,2026-09-02 04:49:12,94,4.98,4.916070305560497,3.11
Prospective operational challenge,2026-09-02 04:50:12,94,4.94,4.874618045624368,2.98
Prospective operational challenge,2026-09-02 04:51:12,94,4.9,4.87409785677143,2.91
Prospective operational challenge,2026-09-02 04:52:12,94,4.86,4.854474825663837,2.89
Prospective operational challenge,2026-09-02 04:53:12,94,4.82,4.832549059154584,2.92
Prospective operational challenge,2026-09-02 04:54:12,94,4.79,4.808280695305058,2.98
Prospective operational challenge,2026-09-02 04:55:12,94,4.75,4.781016357268377,3.05
Prospective operational challenge,2026-09-02 04:56:12,94,4.72,4.711435926526342,3.12
Prospective operational challenge,2026-09-02 04:57:12,94,4.7,4.653782905709962,3.21
Prospective operational challenge,2026-09-02 04:58:12,94,4.67,4.630338323771908,3.29
Prospective operational challenge,2026-09-02 04:59:12,94,4.65,4.619449874658577,3.37
Prospective operational challenge,2026-09-02 05:00:12,94,4.64,4.623320922303808,3.44
Prospective operational challenge,2026-09-02 05:01:12,94,4.63,4.619692068996499,3.5
Prospective operational challenge,2026-09-02 05:02:12,94,4.62,4.624756707770427,3.56
Prospective operational challenge,2026-09-02 05:03:12,94,4.61,4.633343554996939,3.6
Prospective operational challenge,2026-09-02 05:04:12,94,4.61,4.643085926145369,3.65
Prospective operational challenge,2026-09-02 05:05:12,94,4.61,4.652413808699884,3.71
Prospective operational challenge,2026-09-02 05:06:12,94,4.61,4.659381335514933,3.76
Prospective operational challenge,2026-09-02 05:07:12,94,4.61,4.664841193130462,3.81
Prospective operational challenge,2026-09-02 05:08:12,94,4.62,4.670552502121789,3.86
Prospective operational challenge,2026-09-02 05:09:12,94,4.63,4.676471338788785,3.9
Prospective operational challenge,2026-09-02 05:10:12,94,4.63,4.683182030032536,3.94
Prospective operational challenge,2026-09-02 05:11:12,94,4.64,4.692019100660435,3.99
Prospective operational challenge,2026-09-02 05:12:12,94,4.65,4.702127786021993,4.03
Prospective operational challenge,2026-09-02 05:13:12,94,4.66,4.716025150283592,4.09
Prospective operational challenge,2026-09-02 05:14:12,94,4.67,4.7308206361383895,4.13
Prospective operational challenge,2026-09-02 05:15:12,94,4.68,4.748028619415387,4.18
Prospective operational challenge,2026-09-02 05:16:12,94,4.69,4.76569407039073,4.22
Prospective operational challenge,2026-09-02 05:17:12,94,4.71,4.785419873510669,4.27
Prospective operational challenge,2026-09-02 05:18:12,94,4.72,4.806030196045703,4.32
Prospective operational challenge,2026-09-02 05:19:12,94,4.74,4.826572318771072,4.36
Prospective operational challenge,2026-09-02 05:20:12,94,4.76,4.850140926124761,4.42
Prospective operational challenge,2026-09-02 05:21:12,94,4.78,4.874923716793446,4.47
Prospective operational challenge,2026-09-02 05:22:12,94,4.8,4.898438860030417,4.5
Prospective operational challenge,2026-09-02 05:23:12,94,4.82,4.9237478849645315,4.55
Prospective operational challenge,2026-09-02 05:24:12,94,4.85,4.951572462711904,4.61
Prospective operational challenge,2026-09-02 05:25:12,94,4.87,4.979852052208797,4.66
Prospective operational challenge,2026-09-02 05:26:12,94,4.9,5.008973559854635,4.71
Prospective operational challenge,2026-09-02 05:27:12,94,4.92,5.037817072985456,4.75
Prospective operational challenge,2026-09-02 05:28:12,94,4.95,5.065814511746243,4.78
Prospective operational challenge,2026-09-02 05:29:12,94,4.98,5.091324263266974,4.8
Prospective operational challenge,2026-09-02 05:30:12,94,5.01,5.107744548188305,4.76
Prospective operational challenge,2026-09-02 05:31:12,94,5.04,5.116891824044649,4.72
Prospective operational challenge,2026-09-02 05:32:12,94,5.06,5.118817287923042,4.67
Prospective operational challenge,2026-09-02 05:33:12,94,5.07,5.113801106908612,4.61
Prospective operational challenge,2026-09-02 05:34:12,94,5.08,5.097416149866525,4.48
Prospective operational challenge,2026-09-02 05:35:12,94,5.08,5.075308454225121,4.31
Prospective operational challenge,2026-09-02 05:36:12,94,5.07,5.051301554465832,4.15
Prospective operational challenge,2026-09-02 05:37:12,94,5.05,5.017136094691933,3.95
Prospective operational challenge,2026-09-02 05:38:12,94,5.02,4.979222951471449,3.76
Prospective operational challenge,2026-09-02 05:39:12,94,4.98,4.9365491403738515,3.55
Prospective operational challenge,2026-09-02 05:40:12,94,4.94,4.892926388434303,3.37
Prospective operational challenge,2026-09-02 05:41:12,94,4.9,4.837492695219121,3.15
Prospective operational challenge,2026-09-02 05:42:12,94,4.86,4.79555727458156,2.98
Prospective operational challenge,2026-09-02 05:43:12,94,4.82,4.79784376293715,2.84
Prospective operational challenge,2026-09-02 05:44:12,94,4.78,4.780828571642875,2.8
Prospective operational challenge,2026-09-02 05:45:12,94,4.74,4.760937747653843,2.79
Prospective operational challenge,2026-09-02 05:46:12,94,4.7,4.7386540738332075,2.82
Prospective operational challenge,2026-09-02 05:47:12,94,4.67,4.713352983502988,2.87
Prospective operational challenge,2026-09-02 05:48:12,94,4.64,4.684842156978314,2.95
Prospective operational challenge,2026-09-02 05:49:12,94,4.61,4.629982022273218,3.02
Prospective operational challenge,2026-09-02 05:50:12,94,4.58,4.5393094307287,3.11
Prospective operational challenge,2026-09-02 05:51:12,94,4.56,4.517532910340319,3.19
Prospective operational challenge,2026-09-02 05:52:12,94,4.54,4.501933290164645,3.25
Prospective operational challenge,2026-09-02 05:53:12,94,4.53,4.503798299918127,3.32
Prospective operational challenge,2026-09-02 05:54:12,94,4.51,4.5007918407186835,3.38
Prospective operational challenge,2026-09-02 05:55:12,94,4.51,4.5082743611103115,3.46
Prospective operational challenge,2026-09-02 05:56:12,94,4.5,4.520947812721188,3.52
Prospective operational challenge,2026-09-02 05:57:12,94,4.5,4.532490772196242,3.56
Prospective operational challenge,2026-09-02 05:58:12,94,4.5,4.540881237976366,3.6
Prospective operational challenge,2026-09-02 05:59:12,94,4.5,4.548110134422083,3.65
Prospective operational challenge,2026-09-02 06:00:12,94,4.5,4.554089897511839,3.7
Prospective operational challenge,2026-09-02 06:01:12,94,4.51,4.558689511821809,3.74
Prospective operational challenge,2026-09-02 06:02:12,94,4.52,4.5645186118971415,3.79
Prospective operational challenge,2026-09-02 06:03:12,94,4.52,4.572673495509257,3.84
Prospective operational challenge,2026-09-02 06:04:13,94,4.53,4.582857937446093,3.89
Prospective operational challenge,2026-09-02 06:05:12,94,4.54,4.594355650787035,3.93
Prospective operational challenge,2026-09-02 06:06:12,94,4.55,4.607372085097207,3.97
Prospective operational challenge,2026-09-02 06:07:12,94,4.56,4.6211145356637235,4.01
Prospective operational challenge,2026-09-02 06:08:13,94,4.57,4.636953044092364,4.06
Prospective operational challenge,2026-09-02 06:09:13,94,4.59,4.655539853715166,4.12
Prospective operational challenge,2026-09-02 06:10:13,94,4.6,4.67607904819386,4.17
Prospective operational challenge,2026-09-02 06:11:13,94,4.62,4.69844745224894,4.22
Prospective operational challenge,2026-09-02 06:12:13,94,4.64,4.722115714449162,4.27
Prospective operational challenge,2026-09-02 06:13:13,94,4.65,4.7442658224375736,4.3
Prospective operational challenge,2026-09-02 06:14:13,94,4.67,4.766721790514204,4.34
Prospective operational challenge,2026-09-02 06:15:13,94,4.69,4.788191317299525,4.37
Prospective operational challenge,2026-09-02 06:16:13,94,4.72,4.814979956940817,4.45
Prospective operational challenge,2026-09-02 06:17:13,94,4.74,4.840843837390123,4.49
Prospective operational challenge,2026-09-02 06:18:13,94,4.76,4.868268095479106,4.54
Prospective operational challenge,2026-09-02 06:19:13,94,4.79,4.897146936489172,4.59
Prospective operational challenge,2026-09-02 06:20:13,94,4.82,4.927406965334296,4.64
Prospective operational challenge,2026-09-02 06:21:13,94,4.84,4.959326837746488,4.7
Prospective operational challenge,2026-09-02 06:22:13,94,4.87,4.988974485198186,4.73
Prospective operational challenge,2026-09-02 06:23:13,94,4.9,5.013646380331489,4.73
Prospective operational challenge,2026-09-02 06:24:13,94,4.93,5.03125137718192,4.7
Prospective operational challenge,2026-09-02 06:25:13,94,4.95,5.040727372342465,4.65
Prospective operational challenge,2026-09-02 06:26:13,94,4.96,5.042103837199015,4.59
Prospective operational challenge,2026-09-02 06:27:13,94,4.98,5.035151801753474,4.51
Prospective operational challenge,2026-09-02 06:28:13,94,5.0,5.016896828600687,4.36
Prospective operational challenge,2026-09-02 06:29:13,94,5.0,4.995580609697756,4.22
Prospective operational challenge,2026-09-02 06:30:13,94,4.98,4.965592718874298,4.04
Prospective operational challenge,2026-09-02 06:31:13,94,4.96,4.932541598649721,3.86
Prospective operational challenge,2026-09-02 06:32:13,94,4.93,4.893185774413996,3.64
Prospective operational challenge,2026-09-02 06:33:13,94,4.89,4.854459523213468,3.48
Prospective operational challenge,2026-09-02 06:34:13,94,4.85,4.809648469881153,3.26
Prospective operational challenge,2026-09-02 06:35:13,94,4.81,4.758101693518991,3.04
Prospective operational challenge,2026-09-02 06:36:13,94,4.76,4.752538686052834,2.87
Prospective operational challenge,2026-09-02 06:37:13,94,4.72,4.7386639920880755,2.79
Prospective operational challenge,2026-09-02 06:38:13,94,4.68,4.720857229595756,2.74
Prospective operational challenge,2026-09-02 06:39:13,94,4.65,4.700834351127623,2.76
Prospective operational challenge,2026-09-02 06:40:13,94,4.61,4.678844729948935,2.81
Prospective operational challenge,2026-09-02 06:41:13,94,4.58,4.653998084610814,2.87
Prospective operational challenge,2026-09-02 06:42:13,94,4.55,4.625561597767865,2.94
Prospective operational challenge,2026-09-02 06:43:13,94,4.53,4.572783918746788,3.02
Prospective operational challenge,2026-09-02 06:44:13,94,4.5,4.480024054080173,3.12
Prospective operational challenge,2026-09-02 06:45:13,94,4.49,4.458158647236259,3.17
Prospective operational challenge,2026-09-02 06:46:13,94,4.47,4.4511420959042916,3.25
Prospective operational challenge,2026-09-02 06:47:13,94,4.46,4.452510909535658,3.31
Prospective operational challenge,2026-09-02 06:48:13,94,4.45,4.455145575866903,3.39
Prospective operational challenge,2026-09-02 06:49:13,94,4.45,4.46398651933718,3.44
Prospective operational challenge,2026-09-02 06:50:13,94,4.44,4.475004378061646,3.48
Prospective operational challenge,2026-09-02 06:51:13,94,4.44,4.4867017789339325,3.54
Prospective operational challenge,2026-09-02 06:52:13,94,4.44,4.495123699750924,3.58
Prospective operational challenge,2026-09-02 06:53:13,94,4.45,4.500151688211625,3.62
Prospective operational challenge,2026-09-02 06:54:13,94,4.45,4.503697417097182,3.66
Prospective operational challenge,2026-09-02 06:55:13,94,4.46,4.50857512038174,3.71
Prospective operational challenge,2026-09-02 06:56:13,94,4.46,4.516073415521587,3.77
Prospective operational challenge,2026-09-02 06:57:13,94,4.47,4.523949171103842,3.81
Prospective operational challenge,2026-09-02 06:58:13,94,4.48,4.5331853334157195,3.85
Prospective operational challenge,2026-09-02 06:59:13,94,4.49,4.544789219313535,3.89
Prospective operational challenge,2026-09-02 07:00:13,94,4.5,4.557094845358161,3.93
Prospective operational challenge,2026-09-02 07:01:13,94,4.51,4.571759599167839,3.98
Prospective operational challenge,2026-09-02 07:02:13,94,4.52,4.586901468266459,4.02
Prospective operational challenge,2026-09-02 07:03:13,94,4.54,4.604768023666697,4.07
Prospective operational challenge,2026-09-02 07:04:13,94,4.55,4.625725390662544,4.13
Prospective operational challenge,2026-09-02 07:05:13,94,4.57,4.647756574052109,4.18
Prospective operational challenge,2026-09-02 07:06:13,94,4.59,4.668857330675477,4.21
Prospective operational challenge,2026-09-02 07:07:13,94,4.61,4.693126544661135,4.27
Prospective operational challenge,2026-09-02 07:08:13,94,4.62,4.717100100192153,4.31
Prospective operational challenge,2026-09-02 07:09:13,94,4.65,4.739595646828685,4.34
Prospective operational challenge,2026-09-02 07:10:13,94,4.67,4.765044566386225,4.4
Prospective operational challenge,2026-09-02 07:11:13,94,4.69,4.792214350393163,4.45
Prospective operational challenge,2026-09-02 07:12:13,94,4.72,4.820355178781472,4.5
Prospective operational challenge,2026-09-02 07:13:13,94,4.74,4.848203938178808,4.54
Prospective operational challenge,2026-09-02 07:14:13,94,4.77,4.878805532829676,4.6
Prospective operational challenge,2026-09-02 07:15:13,94,4.8,4.908628308324474,4.64
Prospective operational challenge,2026-09-02 07:16:13,94,4.83,4.940847428654972,4.7
Prospective operational challenge,2026-09-02 07:17:13,94,4.86,4.973371181099275,4.75
Prospective operational challenge,2026-09-02 07:18:13,94,4.89,5.008037843352508,4.81
Prospective operational challenge,2026-09-02 07:19:13,94,4.92,5.039565519629345,4.83
Prospective operational challenge,2026-09-02 07:20:13,94,4.95,5.065450275643659,4.82
Prospective operational challenge,2026-09-02 07:21:13,94,4.98,5.082525165386285,4.78
Prospective operational challenge,2026-09-02 07:22:13,94,5.01,5.090834584855201,4.72
Prospective operational challenge,2026-09-02 07:23:13,94,5.03,5.089170962905326,4.64
Prospective operational challenge,2026-09-02 07:24:13,94,5.04,5.078806103189461,4.55
Prospective operational challenge,2026-09-02 07:25:13,94,5.04,5.0599634970506315,4.4
Prospective operational challenge,2026-09-02 07:26:13,94,5.04,5.034519300471601,4.22
Prospective operational challenge,2026-09-02 07:27:13,94,5.02,5.002285633367296,4.02
Prospective operational challenge,2026-09-02 07:28:13,94,4.98,4.965671970453672,3.81
Prospective operational challenge,2026-09-02 07:29:13,94,4.95,4.927904767269104,3.64
Prospective operational challenge,2026-09-02 07:30:13,94,4.91,4.890522675752129,3.5
Prospective operational challenge,2026-09-02 07:31:13,94,4.87,4.832554065511802,3.31
Prospective operational challenge,2026-09-02 07:32:13,94,4.83,4.791543404066228,3.09
Prospective operational challenge,2026-09-02 07:33:13,94,4.79,4.7844815121405775,2.93
Prospective operational challenge,2026-09-02 07:34:13,94,4.74,4.768647348852166,2.84
Prospective operational challenge,2026-09-02 07:35:13,94,4.7,4.74944485175098,2.81
Prospective operational challenge,2026-09-02 07:36:13,94,4.66,4.72728454212899,2.82
Prospective operational challenge,2026-09-02 07:37:13,94,4.63,4.7017510812561465,2.84
Prospective operational challenge,2026-09-02 07:38:13,94,4.6,4.674742539735492,2.92
Prospective operational challenge,2026-09-02 07:39:13,94,4.57,4.6438306453966085,2.98
Prospective operational challenge,2026-09-02 07:40:13,94,4.55,4.5566641097181755,3.05
Prospective operational challenge,2026-09-02 07:41:13,94,4.52,4.499393083403572,3.13
Prospective operational challenge,2026-09-02 07:42:13,94,4.51,4.478589685507106,3.2
Prospective operational challenge,2026-09-02 07:43:13,94,4.49,4.482290894845167,3.27
Prospective operational challenge,2026-09-02 07:44:13,94,4.48,4.476637867408636,3.35
Prospective operational challenge,2026-09-02 07:45:13,94,4.48,4.474111829583088,3.39
Prospective operational challenge,2026-09-02 07:46:13,94,4.47,4.481164086632582,3.46
Prospective operational challenge,2026-09-02 07:47:13,94,4.47,4.491599602106936,3.51
Prospective operational challenge,2026-09-02 07:48:13,94,4.47,4.500400305800319,3.55
Prospective operational challenge,2026-09-02 07:49:13,94,4.47,4.50496213628222,3.58
Prospective operational challenge,2026-09-02 07:50:13,94,4.47,4.507934873415112,3.62
Prospective operational challenge,2026-09-02 07:51:13,94,4.48,4.511027196363843,3.67
Prospective operational challenge,2026-09-02 07:52:13,94,4.48,4.514342066059899,3.72
Prospective operational challenge,2026-09-02 07:53:13,94,4.49,4.518771653143558,3.76
Prospective operational challenge,2026-09-02 07:54:13,94,4.5,4.525851209008832,3.81
Prospective operational challenge,2026-09-02 07:55:13,94,4.5,4.534284937272095,3.85
Prospective operational challenge,2026-09-02 07:56:13,94,4.51,4.5444246053726705,3.89
Prospective operational challenge,2026-09-02 07:57:13,94,4.52,4.554606307981972,3.92
Prospective operational challenge,2026-09-02 07:58:13,94,4.53,4.566454277409113,3.96
Prospective operational challenge,2026-09-02 07:59:13,94,4.54,4.580009036809697,4.0
Prospective operational challenge,2026-09-02 08:00:13,94,4.56,4.594152751630305,4.04
Prospective operational challenge,2026-09-02 08:01:13,94,4.57,4.613539255974186,4.11
Prospective operational challenge,2026-09-02 08:02:13,94,4.59,4.633254290703126,4.15
Prospective operational challenge,2026-09-02 08:03:13,94,4.6,4.656134382249831,4.21
Prospective operational challenge,2026-09-02 08:04:13,94,4.62,4.678731472924298,4.25
Prospective operational challenge,2026-09-02 08:05:13,94,4.64,4.701726238389191,4.29
Prospective operational challenge,2026-09-02 08:06:13,94,4.66,4.72497141617461,4.33
Prospective operational challenge,2026-09-02 08:07:13,94,4.68,4.7501276055241854,4.38
Prospective operational challenge,2026-09-02 08:08:13,94,4.71,4.7763861380576715,4.43
Prospective operational challenge,2026-09-02 08:09:13,94,4.73,4.804107943792697,4.48
Prospective operational challenge,2026-09-02 08:10:13,94,4.75,4.8318563871265106,4.52
Prospective operational challenge,2026-09-02 08:11:13,94,4.78,4.861145466049834,4.57
Prospective operational challenge,2026-09-02 08:12:13,94,4.81,4.891210435882553,4.62
Prospective operational challenge,2026-09-02 08:13:13,94,4.83,4.9220071840053965,4.67
Prospective operational challenge,2026-09-02 08:14:13,94,4.86,4.9508602375528055,4.7
Prospective operational challenge,2026-09-02 08:15:13,94,4.89,4.972247301133366,4.68
Prospective operational challenge,2026-09-02 08:16:13,94,4.91,4.987570910444996,4.65
Prospective operational challenge,2026-09-02 08:17:13,94,4.94,4.992541467487032,4.58
Prospective operational challenge,2026-09-02 08:18:13,94,4.95,4.99283060823133,4.54
Prospective operational challenge,2026-09-02 08:19:13,94,4.96,4.982582500544197,4.44
Prospective operational challenge,2026-09-02 08:20:13,94,4.97,4.964202935218353,4.3
Prospective operational challenge,2026-09-02 08:21:13,94,4.96,4.938664845826571,4.13
Prospective operational challenge,2026-09-02 08:22:13,94,4.95,4.909099944958344,3.96
Prospective operational challenge,2026-09-02 08:23:13,94,4.93,4.87501383122339,3.77
Prospective operational challenge,2026-09-02 08:24:13,94,4.9,4.835753600072679,3.56
Prospective operational challenge,2026-09-02 08:25:13,94,4.86,4.79507477509712,3.38
Prospective operational challenge,2026-09-02 08:26:13,94,4.82,4.741282127994541,3.15
Prospective operational challenge,2026-09-02 08:27:13,94,4.78,4.701156363802341,2.95
Prospective operational challenge,2026-09-02 08:28:13,94,4.74,4.712547054450278,2.79
Prospective operational challenge,2026-09-02 08:29:13,94,4.7,4.696995608655392,2.71
Prospective operational challenge,2026-09-02 08:30:13,94,4.65,4.678396991586318,2.68
Prospective operational challenge,2026-09-02 08:31:13,94,4.62,4.6574613502916105,2.7
Prospective operational challenge,2026-09-02 08:32:13,94,4.58,4.634344070764205,2.74
Prospective operational challenge,2026-09-02 08:33:13,94,4.55,4.608430410121418,2.81
Prospective operational challenge,2026-09-02 08:34:13,94,4.52,4.579034497424229,2.88
Prospective operational challenge,2026-09-02 08:35:13,94,4.49,4.537324551780669,2.98
Prospective operational challenge,2026-09-02 08:36:13,94,4.47,4.441315939117118,3.06
Prospective operational challenge,2026-09-02 08:37:13,94,4.45,4.403075682405127,3.12
Prospective operational challenge,2026-09-02 08:38:13,94,4.43,4.392043182447284,3.19
Prospective operational challenge,2026-09-02 08:39:13,94,4.42,4.398853717456706,3.28
Prospective operational challenge,2026-09-02 08:40:13,94,4.41,4.402759998521612,3.34
Prospective operational challenge,2026-09-02 08:41:13,94,4.41,4.41314828421088,3.39
Prospective operational challenge,2026-09-02 08:42:13,94,4.4,4.427323454068356,3.45
Prospective operational challenge,2026-09-02 08:43:13,94,4.41,4.436241854386173,3.47
Prospective operational challenge,2026-09-02 08:44:13,94,4.41,4.44343891795674,3.52
Prospective operational challenge,2026-09-02 08:45:13,94,4.41,4.446373021125432,3.55
Prospective operational challenge,2026-09-02 08:46:13,94,4.41,4.450712966076998,3.61
Prospective operational challenge,2026-09-02 08:47:13,94,4.42,4.452592522604286,3.64
Prospective operational challenge,2026-09-02 08:48:13,94,4.43,4.4582249578545206,3.7
Prospective operational challenge,2026-09-02 08:49:13,94,4.43,4.463122686567954,3.73
Prospective operational challenge,2026-09-02 08:50:13,94,4.44,4.471926979725003,3.78
Prospective operational challenge,2026-09-02 08:51:13,94,4.45,4.482090923935113,3.82
Prospective operational challenge,2026-09-02 08:52:13,94,4.47,4.49460587238724,3.87
Prospective operational challenge,2026-09-02 08:53:13,94,4.48,4.507690695426216,3.91
Prospective operational challenge,2026-09-02 08:54:13,94,4.49,4.522743016852313,3.95
Prospective operational challenge,2026-09-02 08:55:13,94,4.51,4.57984108769393,4.29
Prospective operational challenge,2026-09-02 08:56:13,94,4.53,4.667204571576173,4.61
Prospective operational challenge,2026-09-02 08:57:13,94,4.57,4.749913843516886,4.97
Prospective operational challenge,2026-09-02 08:58:13,94,4.64,4.820630245049814,5.34
Prospective operational challenge,2026-09-02 08:59:13,94,4.73,4.9303745071908285,5.67
Prospective operational challenge,2026-09-02 09:00:13,94,4.84,5.067552567837414,6.03
Prospective operational challenge,2026-09-02 09:01:13,94,4.96,5.212186227898128,6.37
Prospective operational challenge,2026-09-02 09:02:13,94,5.1,5.361286503194009,6.67
Prospective operational challenge,2026-09-02 09:03:13,94,5.24,5.516140499828225,7.0
Prospective operational challenge,2026-09-02 09:04:13,94,5.39,5.6779482321802455,7.3
Prospective operational challenge,2026-09-02 09:05:13,94,5.55,5.845846339778694,7.6
Prospective operational challenge,2026-09-02 09:06:13,94,5.71,6.018433420440497,7.88
Prospective operational challenge,2026-09-02 09:07:13,94,5.88,6.193442633400656,8.15
Prospective operational challenge,2026-09-02 09:08:13,94,6.04,6.363708464585043,8.35
Prospective operational challenge,2026-09-02 09:09:13,94,6.2,6.522210678738453,8.55
Prospective operational challenge,2026-09-02 09:10:13,94,6.35,6.665595961119771,8.65
Prospective operational challenge,2026-09-02 09:11:13,94,6.49,6.792884010309747,8.74
Prospective operational challenge,2026-09-02 09:12:13,94,6.62,6.901964788429872,8.78
Prospective operational challenge,2026-09-02 09:13:13,94,6.74,6.988784090728352,8.74
Prospective operational challenge,2026-09-02 09:14:13,94,6.84,7.048606470033309,8.66
Prospective operational challenge,2026-09-02 09:15:13,94,6.92,7.359713220616852,8.53
Prospective operational challenge,2026-09-02 09:16:13,94,6.98,7.561326215839477,8.34
Prospective operational challenge,2026-09-02 09:17:13,94,7.04,7.681901590134728,8.05
Prospective operational challenge,2026-09-02 09:18:13,94,7.06,7.770815627861349,7.73
Prospective operational challenge,2026-09-02 09:19:13,94,7.07,7.800359558704999,7.44
Prospective operational challenge,2026-09-02 09:20:13,94,7.07,7.783243484589779,7.13
Prospective operational challenge,2026-09-02 09:21:13,94,7.04,7.727472287330372,6.81
Prospective operational challenge,2026-09-02 09:22:13,94,7.01,7.648399803300862,6.56
Prospective operational challenge,2026-09-02 09:23:13,94,6.96,7.540068656329623,6.26
Prospective operational challenge,2026-09-02 09:24:13,94,6.9,7.410575542933546,5.93
Prospective operational challenge,2026-09-02 09:25:13,94,6.82,7.315919119017011,5.64
Prospective operational challenge,2026-09-02 09:26:13,94,6.74,7.205058344756559,5.37
Prospective operational challenge,2026-09-02 09:27:13,94,6.65,7.063306646181802,5.18
Prospective operational challenge,2026-09-02 09:28:13,94,6.56,6.943342614224706,5.01
Prospective operational challenge,2026-09-02 09:29:13,94,6.48,6.85878429619787,4.96
Prospective operational challenge,2026-09-02 09:30:13,94,6.41,6.81102175913595,4.94
Prospective operational challenge,2026-09-02 09:31:13,94,6.35,6.799531697020192,4.95
Prospective operational challenge,2026-09-02 09:32:13,94,6.3,6.781797101639484,4.95
Prospective operational challenge,2026-09-02 09:33:13,94,6.26,6.7202121067551115,4.98
Prospective operational challenge,2026-09-02 09:34:13,94,6.22,6.658283656873593,4.97
Prospective operational challenge,2026-09-02 09:35:13,94,6.19,6.595992860080894,4.98
Prospective operational challenge,2026-09-02 09:36:13,94,6.16,6.5294897332159305,4.99
Prospective operational challenge,2026-09-02 09:37:13,94,6.14,6.522641414378439,4.99
Prospective operational challenge,2026-09-02 09:38:13,94,6.12,6.495443859257871,5.0
Prospective operational challenge,2026-09-02 09:39:13,94,6.1,6.432195998100186,5.01
Prospective operational challenge,2026-09-02 09:40:13,94,6.08,6.36721537058726,4.99
Prospective operational challenge,2026-09-02 09:41:13,94,6.06,6.305471683624999,4.99
Prospective operational challenge,2026-09-02 09:42:13,94,6.05,6.246252900973443,4.99
Prospective operational challenge,2026-09-02 09:43:13,94,6.03,6.192952388231461,4.99
Prospective operational challenge,2026-09-02 09:44:13,94,6.02,6.142161288430678,5.01
Prospective operational challenge,2026-09-02 09:45:13,94,6.01,6.0918895273467015,5.02
Prospective operational challenge,2026-09-02 09:46:13,94,6.0,6.0424796153809766,5.02
Prospective operational challenge,2026-09-02 09:47:13,94,5.98,5.997494567520404,5.04
Prospective operational challenge,2026-09-02 09:48:13,94,5.97,5.962499941639532,5.09
Prospective operational challenge,2026-09-02 09:49:13,94,5.97,5.932373384167061,5.12
Prospective operational challenge,2026-09-02 09:50:13,94,5.96,5.909153332627307,5.16
Prospective operational challenge,2026-09-02 09:51:13,94,5.95,5.889882068959036,5.18
Prospective operational challenge,2026-09-02 09:52:13,94,5.95,5.874742844728383,5.2
Prospective operational challenge,2026-09-02 09:53:13,94,5.94,5.867047034627305,5.25
Prospective operational challenge,2026-09-02 09:54:13,94,5.94,5.861605029870539,5.27
Prospective operational challenge,2026-09-02 09:55:13,94,5.94,5.860723155323409,5.31
Prospective operational challenge,2026-09-02 09:56:13,94,5.94,5.865148208347701,5.36
Prospective operational challenge,2026-09-02 09:57:13,94,5.95,5.87290541716939,5.4
Prospective operational challenge,2026-09-02 09:58:13,94,5.95,5.880653180034063,5.42
Prospective operational challenge,2026-09-02 09:59:13,94,5.96,5.890590893573609,5.45
Prospective operational challenge,2026-09-02 10:00:13,94,5.96,5.901892792225584,5.48
Prospective operational challenge,2026-09-02 10:01:13,94,5.97,5.912254251396924,5.5
Prospective operational challenge,2026-09-02 10:02:13,94,5.98,5.915915882175082,5.47
Prospective operational challenge,2026-09-02 10:03:13,94,5.99,5.912338509333518,5.41
Prospective operational challenge,2026-09-02 10:04:13,94,6.0,5.902876683108499,5.35
Prospective operational challenge,2026-09-02 10:05:13,94,6.01,5.886299028543261,5.26
Prospective operational challenge,2026-09-02 10:06:13,94,6.0,5.864528364648231,5.16
Prospective operational challenge,2026-09-02 10:07:13,94,5.99,5.83563053726456,4.97
Prospective operational challenge,2026-09-02 10:08:13,94,5.98,5.803138712154976,4.76
Prospective operational challenge,2026-09-02 10:09:13,94,5.95,5.7693577028316785,4.6
Prospective operational challenge,2026-09-02 10:10:13,94,5.92,5.729743437211961,4.42
Prospective operational challenge,2026-09-02 10:11:13,94,5.88,5.678562030467225,4.21
Prospective operational challenge,2026-09-02 10:12:13,94,5.84,5.622250524466432,3.98
Prospective operational challenge,2026-09-02 10:13:13,94,5.8,5.582243307034798,3.99
Prospective operational challenge,2026-09-02 10:14:13,94,5.75,5.523493988446998,3.8
Prospective operational challenge,2026-09-02 10:15:13,94,5.7,5.4397153397123645,3.61
Prospective operational challenge,2026-09-02 10:16:13,94,5.65,5.372484118480514,3.54
Prospective operational challenge,2026-09-02 10:17:13,94,5.6,5.330183422685097,3.51
Prospective operational challenge,2026-09-02 10:18:13,94,5.55,5.290836477648967,3.53
Prospective operational challenge,2026-09-02 10:19:13,94,5.5,5.253821361562111,3.57
Prospective operational challenge,2026-09-02 10:20:13,94,5.46,5.219799669254015,3.62
Prospective operational challenge,2026-09-02 10:21:13,94,5.42,5.191502793655781,3.68
Prospective operational challenge,2026-09-02 10:22:13,94,5.38,5.1892573007536456,3.75
Prospective operational challenge,2026-09-02 10:23:13,94,5.35,5.181358213657557,3.83
Prospective operational challenge,2026-09-02 10:24:13,94,5.32,5.156083288628276,3.87
Prospective operational challenge,2026-09-02 10:25:13,94,5.29,5.133784406816842,3.92
Prospective operational challenge,2026-09-02 10:26:13,94,5.27,5.118029117269524,3.97
Prospective operational challenge,2026-09-02 10:27:13,94,5.25,5.109504141061474,4.01
Prospective operational challenge,2026-09-02 10:28:13,94,5.23,5.099183677343589,4.03
Prospective operational challenge,2026-09-02 10:29:13,94,5.22,5.096696745780093,4.1
Prospective operational challenge,2026-09-02 10:30:13,94,5.21,5.094739354566983,4.15
Prospective operational challenge,2026-09-02 10:31:13,94,5.2,5.091450839091005,4.19
Prospective operational challenge,2026-09-02 10:32:13,94,5.2,5.085059326734866,4.21
Prospective operational challenge,2026-09-02 10:33:13,94,5.19,5.081717536061311,4.26
Prospective operational challenge,2026-09-02 10:34:13,94,5.19,5.07960069709375,4.3
Prospective operational challenge,2026-09-02 10:35:13,94,5.18,5.077972969780541,4.33
Prospective operational challenge,2026-09-02 10:36:13,94,5.18,5.077581340402606,4.36
Prospective operational challenge,2026-09-02 10:37:13,94,5.18,5.083100990926054,4.42
Prospective operational challenge,2026-09-02 10:38:13,94,5.18,5.091258519406134,4.46
Prospective operational challenge,2026-09-02 10:39:13,94,5.18,5.09987512139725,4.49
Prospective operational challenge,2026-09-02 10:40:13,94,5.19,5.109421961235425,4.52
Prospective operational challenge,2026-09-02 10:41:13,94,5.19,5.122537861472988,4.57
Prospective operational challenge,2026-09-02 10:42:13,94,5.2,5.1377836360987965,4.62
Prospective operational challenge,2026-09-02 10:43:13,94,5.21,5.154241138090775,4.67
Prospective operational challenge,2026-09-02 10:44:13,94,5.22,5.1721786326282135,4.71
Prospective operational challenge,2026-09-02 10:45:13,94,5.23,5.195551519752506,4.78
Prospective operational challenge,2026-09-02 10:46:13,94,5.25,5.221672613611391,4.84
Prospective operational challenge,2026-09-02 10:47:13,94,5.26,5.245938143673812,4.87
Prospective operational challenge,2026-09-02 10:48:13,94,5.28,5.273532240069964,4.93
Prospective operational challenge,2026-09-02 10:49:13,94,5.3,5.3037838620133435,4.99
Prospective operational challenge,2026-09-02 10:50:13,94,5.32,5.330669322714063,5.01
Prospective operational challenge,2026-09-02 10:51:13,94,5.34,5.353777156284452,5.02
Prospective operational challenge,2026-09-02 10:52:13,94,5.36,5.370233524761589,4.99
Prospective operational challenge,2026-09-02 10:53:13,94,5.38,5.378659318420958,4.94
Prospective operational challenge,2026-09-02 10:54:13,94,5.39,5.379654166614012,4.89
Prospective operational challenge,2026-09-02 10:55:13,94,5.4,5.370364634644988,4.8
Prospective operational challenge,2026-09-02 10:56:13,94,5.41,5.349513251286875,4.64
Prospective operational challenge,2026-09-02 10:57:13,94,5.4,5.3234418431619,4.45
Prospective operational challenge,2026-09-02 10:58:13,94,5.39,5.296373508733327,4.27
Prospective operational challenge,2026-09-02 10:59:13,94,5.36,5.26654525458346,4.11
Prospective operational challenge,2026-09-02 11:00:13,94,5.33,5.224581023776996,3.9
Prospective operational challenge,2026-09-02 11:01:13,94,5.3,5.181643103721197,3.73
Prospective operational challenge,2026-09-02 11:02:13,94,5.26,5.133659531265074,3.51
Prospective operational challenge,2026-09-02 11:03:13,94,5.22,5.074010579730953,3.28
Prospective operational challenge,2026-09-02 11:04:13,94,5.17,5.0196347392421305,3.12
Prospective operational challenge,2026-09-02 11:05:13,94,5.13,4.975891834729323,3.02
Prospective operational challenge,2026-09-02 11:06:13,94,5.08,4.96798405735278,2.98
Prospective operational challenge,2026-09-02 11:07:13,94,5.04,4.946092390748358,2.99
Prospective operational challenge,2026-09-02 11:08:13,94,5.0,4.921988858848783,3.04
Prospective operational challenge,2026-09-02 11:09:13,94,4.95,4.883096831102604,3.09
Prospective operational challenge,2026-09-02 11:10:13,94,4.91,4.8059164667232155,3.18
Prospective operational challenge,2026-09-02 11:11:13,94,4.88,4.778714849841129,3.24
Prospective operational challenge,2026-09-02 11:12:13,94,4.85,4.7520824463289015,3.32
Prospective operational challenge,2026-09-02 11:13:13,94,4.82,4.735778346678883,3.4
Prospective operational challenge,2026-09-02 11:14:13,94,4.8,4.737477390967571,3.47
Prospective operational challenge,2026-09-02 11:15:13,94,4.78,4.727122921804424,3.53
Prospective operational challenge,2026-09-02 11:16:13,94,4.77,4.724803467058844,3.6
Prospective operational challenge,2026-09-02 11:17:13,94,4.76,4.7294941403944595,3.65
Prospective operational challenge,2026-09-02 11:18:13,94,4.75,4.740355290692011,3.72
Prospective operational challenge,2026-09-02 11:19:13,94,4.74,4.748707028048364,3.76
Prospective operational challenge,2026-09-02 11:20:13,94,4.74,4.754002998309645,3.8
Prospective operational challenge,2026-09-02 11:21:13,94,4.74,4.7566119716378035,3.84
Prospective operational challenge,2026-09-02 11:22:13,94,4.74,4.758046056832159,3.88
Prospective operational challenge,2026-09-02 11:23:13,94,4.74,4.759456527133972,3.92
Prospective operational challenge,2026-09-02 11:24:13,94,4.74,4.762666357787996,3.97
Prospective operational challenge,2026-09-02 11:25:13,94,4.75,4.768964638548375,4.02
Prospective operational challenge,2026-09-02 11:26:13,94,4.75,4.776249738438342,4.06
Prospective operational challenge,2026-09-02 11:27:13,94,4.76,4.78270094924283,4.08
Prospective operational challenge,2026-09-02 11:28:13,94,4.76,4.790270183519876,4.11
Prospective operational challenge,2026-09-02 11:29:13,94,4.77,4.795853499793621,4.12
Prospective operational challenge,2026-09-02 11:30:13,94,4.78,4.792371720037069,4.07
Prospective operational challenge,2026-09-02 11:31:13,94,4.79,4.777252143397011,3.97
Prospective operational challenge,2026-09-02 11:32:13,94,4.79,4.754160462413122,3.87
Prospective operational challenge,2026-09-02 11:33:13,94,4.78,4.722161055042844,3.7
Prospective operational challenge,2026-09-02 11:34:13,94,4.77,4.685742356682056,3.52
Prospective operational challenge,2026-09-02 11:35:13,94,4.75,4.6404535268438085,3.32
Prospective operational challenge,2026-09-02 11:36:13,94,4.73,4.591787767371901,3.11
Prospective operational challenge,2026-09-02 11:37:13,94,4.69,4.539395483397127,2.89
Prospective operational challenge,2026-09-02 11:38:13,94,4.65,4.4853662150712665,2.68
Prospective operational challenge,2026-09-02 11:39:13,94,4.61,4.495099707020101,2.46
Prospective operational challenge,2026-09-02 11:40:13,94,4.56,4.543883257576012,2.25
Prospective operational challenge,2026-09-02 11:41:13,94,4.51,4.51996184372773,2.04
Prospective operational challenge,2026-09-02 11:42:13,94,4.45,4.4896037658487655,1.83
Prospective operational challenge,2026-09-02 11:43:13,94,4.39,4.4148432667380515,1.6
Prospective operational challenge,2026-09-02 11:44:14,94,4.25,4.326998889184062,1.4
Prospective operational challenge,2026-09-02 11:45:14,94,4.17,4.235100684716558,1.22
Prospective operational challenge,2026-09-02 11:46:14,94,4.09,4.138890259181334,1.03
Prospective operational challenge,2026-09-02 11:47:14,94,4.0,4.045547059439119,0.89
Prospective operational challenge,2026-09-02 11:48:14,94,3.91,3.957239735531715,0.84
Prospective operational challenge,2026-09-02 11:49:14,94,3.83,3.875044559801665,0.83
Prospective operational challenge,2026-09-02 11:50:14,94,3.74,3.8023648397175984,0.88
Prospective operational challenge,2026-09-02 11:51:14,94,3.66,3.744079860761873,0.95
Prospective operational challenge,2026-09-02 11:52:14,94,3.58,3.6994685421906865,1.04
Prospective operational challenge,2026-09-02 11:53:14,94,3.51,3.6525723174617095,1.13
Prospective operational challenge,2026-09-02 11:54:14,94,3.45,3.5896443908681976,1.23
Prospective operational challenge,2026-09-02 11:55:14,94,3.4,3.5358206783744786,1.34
Prospective operational challenge,2026-09-02 11:56:14,94,3.35,3.4421874464257733,1.44
Prospective operational challenge,2026-09-02 11:57:14,94,3.3,3.369152044733946,1.55
Prospective operational challenge,2026-09-02 11:58:14,94,3.27,3.332591775092362,1.66
Prospective operational challenge,2026-09-02 11:59:14,94,3.24,3.359554486010313,1.77
Prospective operational challenge,2026-09-02 12:00:14,94,3.22,3.425163668166196,1.88
Prospective operational challenge,2026-09-02 12:01:14,94,3.21,3.445984963199348,1.99
Prospective operational challenge,2026-09-02 12:02:14,94,3.2,3.4675490115439342,2.09
Prospective operational challenge,2026-09-02 12:03:14,94,3.2,3.491801822034859,2.18
Prospective operational challenge,2026-09-02 12:04:14,94,3.19,3.5106366116442564,2.21
Prospective operational challenge,2026-09-02 12:05:14,94,3.19,3.517003582223319,2.18
Prospective operational challenge,2026-09-02 12:06:14,94,3.18,3.507327775553245,2.11
Prospective operational challenge,2026-09-02 12:07:14,94,3.17,3.475481121115382,1.96
Prospective operational challenge,2026-09-02 12:08:14,94,3.15,3.424568900530745,1.81
Prospective operational challenge,2026-09-02 12:09:14,94,3.11,3.357876954888731,1.64
Prospective operational challenge,2026-09-02 12:10:14,94,3.08,3.2697940374014407,1.43
Prospective operational challenge,2026-09-02 12:11:14,94,3.03,3.1709933887627364,1.27
Prospective operational challenge,2026-09-02 12:12:14,94,2.98,3.0782128846800383,1.07
Prospective operational challenge,2026-09-02 12:13:14,94,2.92,3.0133547476147338,0.89
Prospective operational challenge,2026-09-02 12:14:14,94,2.87,2.9478283799351375,0.72
Prospective operational challenge,2026-09-02 12:15:14,94,2.8,2.8941055856847013,0.56
Prospective operational challenge,2026-09-02 12:16:14,94,2.74,2.821204901051109,0.36
Prospective operational challenge,2026-09-02 12:17:14,94,2.67,2.746800325600804,0.22
Prospective operational challenge,2026-09-02 12:18:14,94,2.6,2.677200530646883,0.19
Prospective operational challenge,2026-09-02 12:19:14,94,2.53,2.613261981112098,0.22
Prospective operational challenge,2026-09-02 12:20:14,94,2.47,2.551968771839988,0.26
Prospective operational challenge,2026-09-02 12:21:14,94,2.41,2.492489658613037,0.31
Prospective operational challenge,2026-09-02 12:22:14,94,2.36,2.4125038449995317,0.4
Prospective operational challenge,2026-09-02 12:23:14,94,2.31,2.350099507803485,0.48
Prospective operational challenge,2026-09-02 12:24:14,94,2.27,2.262041557161336,0.58
Prospective operational challenge,2026-09-02 12:25:14,94,2.24,2.1889033067087604,0.68
Prospective operational challenge,2026-09-02 12:26:14,94,2.21,2.137496708348734,0.8
Prospective operational challenge,2026-09-02 12:27:14,94,2.19,2.1152278646806155,0.92
Prospective operational challenge,2026-09-02 12:28:14,94,2.18,2.1246949806415634,1.03
Prospective operational challenge,2026-09-02 12:29:14,94,2.17,2.1621428160193794,1.14
Prospective operational challenge,2026-09-02 12:30:14,94,2.17,2.222133333359243,1.27
Prospective operational challenge,2026-09-02 12:31:14,94,2.18,2.290411355547743,1.36
Prospective operational challenge,2026-09-02 12:32:14,94,2.19,2.3603644292941084,1.47
Prospective operational challenge,2026-09-02 12:33:14,94,2.2,2.426996776851067,1.57
Prospective operational challenge,2026-09-02 12:34:14,94,2.22,2.47232679106191,1.64
Prospective operational challenge,2026-09-02 12:35:14,94,2.24,2.499528502403566,1.66
Prospective operational challenge,2026-09-02 12:36:14,94,2.25,2.5192583672850235,1.61
Prospective operational challenge,2026-09-02 12:37:14,94,2.26,2.527695212714103,1.5
Prospective operational challenge,2026-09-02 12:38:14,94,2.26,2.502882950659525,1.37
Prospective operational challenge,2026-09-02 12:39:14,94,2.25,2.438060637386208,1.23
Prospective operational challenge,2026-09-02 12:40:14,94,2.22,2.3538759069594035,1.07
Prospective operational challenge,2026-09-02 12:41:14,94,2.19,2.261157698963234,0.9
Prospective operational challenge,2026-09-02 12:42:14,94,2.15,2.1687284427922213,0.69
Prospective operational challenge,2026-09-02 12:43:14,94,2.1,2.0871221752524103,0.55
Prospective operational challenge,2026-09-02 12:44:14,94,2.05,2.0129661229312283,0.38
Prospective operational challenge,2026-09-02 12:45:14,94,2.0,1.943835508662353,0.22
Prospective operational challenge,2026-09-02 12:46:14,94,1.94,1.8744963276625373,0.04
Prospective operational challenge,2026-09-02 12:47:14,94,1.88,1.8051850122359223,-0.09
Prospective operational challenge,2026-09-02 12:48:14,94,1.82,1.7337091557588091,-0.18
Prospective operational challenge,2026-09-02 12:49:14,94,1.64,1.6706043063903648,-0.21
Prospective operational challenge,2026-09-02 12:50:14,94,1.6,1.6023863604884945,-0.19
Prospective operational challenge,2026-09-02 12:51:14,94,1.56,1.528003794118039,-0.16
Prospective operational challenge,2026-09-02 12:52:14,94,1.52,1.4645326305364668,-0.09
Prospective operational challenge,2026-09-02 12:53:14,94,1.49,1.4342267887998084,-0.02
Prospective operational challenge,2026-09-02 12:54:14,94,1.47,1.407908085520123,0.08
Prospective operational challenge,2026-09-02 12:55:14,94,1.45,1.3866565714227597,0.19
Prospective operational challenge,2026-09-02 12:56:14,94,1.43,1.37001222840098,0.29
Prospective operational challenge,2026-09-02 12:57:14,94,1.42,1.361153054233661,0.4
Prospective operational challenge,2026-09-02 12:58:14,94,1.42,1.361788011464359,0.52
Prospective operational challenge,2026-09-02 12:59:14,94,1.42,1.3884624494853135,0.64
Prospective operational challenge,2026-09-02 13:00:14,94,1.43,1.4230261508070583,0.74
Prospective operational challenge,2026-09-02 13:01:14,94,1.44,1.4636265743393742,0.87
Prospective operational challenge,2026-09-02 13:02:14,94,1.45,1.503213257764601,0.97
Prospective operational challenge,2026-09-02 13:03:14,94,1.47,1.5394936673146569,1.06
Prospective operational challenge,2026-09-02 13:04:14,94,1.49,1.57485139578327,1.16
Prospective operational challenge,2026-09-02 13:05:14,94,1.52,1.6159930726526732,1.25
Prospective operational challenge,2026-09-02 13:06:14,94,1.54,1.6727651635176264,1.29
Prospective operational challenge,2026-09-02 13:07:14,94,1.56,1.7070460528862752,1.24
Prospective operational challenge,2026-09-02 13:08:14,94,1.57,1.7115128570405829,1.13
Prospective operational challenge,2026-09-02 13:09:14,94,1.57,1.6881343023420798,1.02
Prospective operational challenge,2026-09-02 13:10:14,94,1.56,1.6383061233996326,0.87
Prospective operational challenge,2026-09-02 13:11:14,94,1.55,1.56819577446893,0.71
Prospective operational challenge,2026-09-02 13:12:14,94,1.52,1.4943907339105085,0.54
Prospective operational challenge,2026-09-02 13:13:14,94,1.49,1.448275193914113,0.36
Prospective operational challenge,2026-09-02 13:14:14,94,1.45,1.4084472607466665,0.23
Prospective operational challenge,2026-09-02 13:15:14,94,1.41,1.3674397164669077,0.03
Prospective operational challenge,2026-09-02 13:16:14,94,1.36,1.3269781485027452,-0.12
Prospective operational challenge,2026-09-02 13:17:14,94,1.31,1.285084573454771,-0.28
Prospective operational challenge,2026-09-02 13:18:14,94,1.26,1.2422804081503354,-0.42
Prospective operational challenge,2026-09-02 13:19:14,94,1.22,1.202415446831381,-0.49
Prospective operational challenge,2026-09-02 13:20:14,94,1.18,1.1677183685965526,-0.48
Prospective operational challenge,2026-09-02 13:21:14,94,1.13,1.1349905834806768,-0.47
Prospective operational challenge,2026-09-02 13:22:14,94,1.1,1.104730082337701,-0.42
Prospective operational challenge,2026-09-02 13:23:14,94,1.07,1.0756928326284565,-0.37
Prospective operational challenge,2026-09-02 13:24:14,94,1.05,1.0484729850493273,-0.3
Prospective operational challenge,2026-09-02 13:25:14,94,1.03,1.025067225994615,-0.21
Prospective operational challenge,2026-09-02 13:26:14,94,1.02,1.0064120276430075,-0.11
Prospective operational challenge,2026-09-02 13:27:14,94,1.01,0.993216214609078,-0.01
Prospective operational challenge,2026-09-02 13:28:14,94,1.01,0.9887123823032627,0.11
Prospective operational challenge,2026-09-02 13:29:14,94,1.01,0.9896651015280208,0.19
Prospective operational challenge,2026-09-02 13:30:14,94,1.01,1.0028847183736334,0.33
Prospective operational challenge,2026-09-02 13:31:14,94,1.02,1.027044831555742,0.44
Prospective operational challenge,2026-09-02 13:32:14,94,1.04,1.0698958488069827,0.56
Prospective operational challenge,2026-09-02 13:33:14,94,1.06,1.1100011152724556,0.65
Prospective operational challenge,2026-09-02 13:34:14,94,1.08,1.1480872139659253,0.75
Prospective operational challenge,2026-09-02 13:35:14,94,1.11,1.1901230451265792,0.88
Prospective operational challenge,2026-09-02 13:36:14,94,1.13,1.228206310032944,0.95
Prospective operational challenge,2026-09-02 13:37:14,94,1.16,1.262254828858969,1.01
Prospective operational challenge,2026-09-02 13:38:14,94,1.18,1.2871056304181772,1.02
Prospective operational challenge,2026-09-02 13:39:14,94,1.21,1.297422504672395,0.97
Prospective operational challenge,2026-09-02 13:40:14,94,1.22,1.287417346999746,0.84
Prospective operational challenge,2026-09-02 13:41:14,94,1.22,1.2605315084607454,0.69
Prospective operational challenge,2026-09-02 13:42:14,94,1.21,1.2287265933454528,0.54
Prospective operational challenge,2026-09-02 13:43:14,94,1.2,1.1959417546491928,0.37
Prospective operational challenge,2026-09-02 13:44:14,94,1.17,1.1606677173597522,0.22
Prospective operational challenge,2026-09-02 13:45:14,94,1.14,1.1249487754948002,0.06
Prospective operational challenge,2026-09-02 13:46:14,94,1.1,1.0876164641713055,-0.12
Prospective operational challenge,2026-09-02 13:47:14,94,1.06,1.0497328867962854,-0.28
Prospective operational challenge,2026-09-02 13:48:14,94,1.02,1.0105338654470457,-0.44
Prospective operational challenge,2026-09-02 13:49:14,94,0.97,0.970248181202544,-0.59
Prospective operational challenge,2026-09-02 13:50:14,94,0.93,0.929050017510178,-0.72
Prospective operational challenge,2026-09-02 13:51:14,94,0.88,0.8920643728092155,-0.75
Prospective operational challenge,2026-09-02 13:52:14,94,0.85,0.8599962933314229,-0.73
Prospective operational challenge,2026-09-02 13:53:14,94,0.81,0.8287515234672518,-0.72
Prospective operational challenge,2026-09-02 13:54:14,94,0.78,0.7989516071884362,-0.67
Prospective operational challenge,2026-09-02 13:55:14,94,0.76,0.7706811802698503,-0.61
Prospective operational challenge,2026-09-02 13:56:14,94,0.74,0.7464847946127957,-0.52
Prospective operational challenge,2026-09-02 13:57:14,94,0.72,0.7255126919240023,-0.44
Prospective operational challenge,2026-09-02 13:58:14,94,0.71,0.708615197254161,-0.35
Prospective operational challenge,2026-09-02 13:59:14,94,0.71,0.6991546934631252,-0.23
Prospective operational challenge,2026-09-02 14:00:14,94,0.71,0.697669033343455,-0.12
Prospective operational challenge,2026-09-02 14:01:14,94,0.71,0.7067628450830825,0.0
Prospective operational challenge,2026-09-02 14:02:14,94,0.72,0.7276393546868616,0.14
Prospective operational challenge,2026-09-02 14:03:14,94,0.74,0.752972277892229,0.23
Prospective operational challenge,2026-09-02 14:04:14,94,0.76,0.7817473078346753,0.33
Prospective operational challenge,2026-09-02 14:05:14,94,0.78,0.8175193359780639,0.43
Prospective operational challenge,2026-09-02 14:06:14,94,0.8,0.8567640757592669,0.53
Prospective operational challenge,2026-09-02 14:07:14,94,0.83,0.8952601289872844,0.62
Prospective operational challenge,2026-09-02 14:08:14,94,0.86,0.933364741756508,0.71
Prospective operational challenge,2026-09-02 14:09:14,94,0.89,0.970751461792422,0.79
Prospective operational challenge,2026-09-02 14:10:14,94,0.91,1.004211119657993,0.84
Prospective operational challenge,2026-09-02 14:11:14,94,0.94,1.0221888539723247,0.79
Prospective operational challenge,2026-09-02 14:12:14,94,0.96,1.0245786810976836,0.69
Prospective operational challenge,2026-09-02 14:13:14,94,0.97,1.0138771674737237,0.52
Prospective operational challenge,2026-09-02 14:14:14,94,0.97,0.9893951360764685,0.35
Prospective operational challenge,2026-09-02 14:15:14,94,0.96,0.9647341982533062,0.21
Prospective operational challenge,2026-09-02 14:16:14,94,0.94,0.9410197453232708,0.04
Prospective operational challenge,2026-09-02 14:17:14,94,0.91,0.9094966975653724,-0.14
Prospective operational challenge,2026-09-02 14:18:14,94,0.87,0.8726500973517033,-0.29
Prospective operational challenge,2026-09-02 14:19:14,94,0.84,0.8311396503203476,-0.46
Prospective operational challenge,2026-09-02 14:20:14,94,0.8,0.7877292434945464,-0.6
Prospective operational challenge,2026-09-02 14:21:14,94,0.75,0.7407208716408822,-0.8
Prospective operational challenge,2026-09-02 14:22:14,94,0.7,0.6992946825461201,-0.92
Prospective operational challenge,2026-09-02 14:23:14,94,0.66,0.6603089509063298,-1.0
Prospective operational challenge,2026-09-02 14:24:14,94,0.62,0.6264916691080864,-0.99
Prospective operational challenge,2026-09-02 14:25:14,94,0.58,0.5959060381245775,-0.96
Prospective operational challenge,2026-09-02 14:26:14,94,0.55,0.5661134896922357,-0.92
Prospective operational challenge,2026-09-02 14:27:14,94,0.52,0.5352027288681938,-0.89
Prospective operational challenge,2026-09-02 14:28:14,94,0.5,0.5081818131438474,-0.8
Prospective operational challenge,2026-09-02 14:29:14,94,0.48,0.4857690130907861,-0.71
Prospective operational challenge,2026-09-02 14:30:14,94,0.47,0.4692417999360203,-0.64
Prospective operational challenge,2026-09-02 14:31:14,94,0.47,0.4619444203019296,-0.52
Prospective operational challenge,2026-09-02 14:32:14,94,0.46,0.4602341353243901,-0.41
Prospective operational challenge,2026-09-02 14:33:14,94,0.47,0.4638900985283385,-0.3
Prospective operational challenge,2026-09-02 14:34:14,94,0.47,0.4726959974980804,-0.19
Prospective operational challenge,2026-09-02 14:35:14,94,0.49,0.485811330978223,-0.09
Prospective operational challenge,2026-09-02 14:36:14,94,0.5,0.5106997274463603,0.02
Prospective operational challenge,2026-09-02 14:37:14,94,0.52,0.5431981647258577,0.15
Prospective operational challenge,2026-09-02 14:38:14,94,0.54,0.576168522017936,0.23
Prospective operational challenge,2026-09-02 14:39:14,94,0.57,0.6103156566352212,0.32
Prospective operational challenge,2026-09-02 14:40:14,94,0.6,0.6461483278226607,0.41
Prospective operational challenge,2026-09-02 14:41:14,94,0.63,0.6857529585662201,0.52
Prospective operational challenge,2026-09-02 14:42:14,94,0.66,0.7250715657312976,0.59
Prospective operational challenge,2026-09-02 14:43:14,94,0.69,0.7645516987613701,0.67
Prospective operational challenge,2026-09-02 14:44:14,94,0.73,0.8055462076204449,0.76
Prospective operational challenge,2026-09-02 14:45:14,94,0.76,0.8437938321789091,0.81
Prospective operational challenge,2026-09-02 14:46:14,94,0.8,0.8836665391826175,0.9
Prospective operational challenge,2026-09-02 14:47:14,94,0.83,0.9227784688081586,0.96
Prospective operational challenge,2026-09-02 14:48:14,94,0.87,0.9610406401404292,1.02
Prospective operational challenge,2026-09-02 14:49:14,94,0.9,0.9990379468379368,1.08
Prospective operational challenge,2026-09-02 14:50:14,94,0.94,1.0394762777478372,1.14
Prospective operational challenge,2026-09-02 14:51:14,94,0.98,1.0809468628405805,1.19
Prospective operational challenge,2026-09-02 14:52:14,94,1.01,1.1244999036173415,1.25
Prospective operational challenge,2026-09-02 14:53:14,94,1.05,1.1695238688208258,1.31
Prospective operational challenge,2026-09-02 14:54:14,94,1.09,1.2117491858792455,1.34
Prospective operational challenge,2026-09-02 14:55:14,94,1.13,1.257182538859857,1.41
Prospective operational challenge,2026-09-02 14:56:14,94,1.17,1.3022807492854969,1.45
Prospective operational challenge,2026-09-02 14:57:14,94,1.2,1.3479130341208907,1.5
Prospective operational challenge,2026-09-02 14:58:14,94,1.24,1.3955848899954448,1.56
Prospective operational challenge,2026-09-02 14:59:14,94,1.28,1.4437607821364389,1.61
Prospective operational challenge,2026-09-02 15:00:14,94,1.32,1.4876468873576276,1.63
Prospective operational challenge,2026-09-02 15:01:14,94,1.35,1.533639440993659,1.69
Prospective operational challenge,2026-09-02 15:02:14,94,1.39,1.5802072534120393,1.74
Prospective operational challenge,2026-09-02 15:03:14,94,1.43,1.6242080325514174,1.77
Prospective operational challenge,2026-09-02 15:04:14,94,1.47,1.668694333881481,1.82
Prospective operational challenge,2026-09-02 15:05:14,94,1.51,1.7108724211548143,1.85
Prospective operational challenge,2026-09-02 15:06:14,94,1.55,1.7565644044385575,1.92
Prospective operational challenge,2026-09-02 15:07:14,94,1.59,1.8028023640378965,1.97
Prospective operational challenge,2026-09-02 15:08:14,94,1.62,1.8490962437027771,2.02
Prospective operational challenge,2026-09-02 15:09:14,94,1.67,1.8921750029777031,2.05
Prospective operational challenge,2026-09-02 15:10:14,94,1.83,1.949889233595555,2.12
Prospective operational challenge,2026-09-02 15:11:14,94,1.88,2.0193581075852176,2.16
Prospective operational challenge,2026-09-02 15:12:14,94,1.93,2.088884790831825,2.21
Prospective operational challenge,2026-09-02 15:13:14,94,1.98,2.160031361247318,2.27
Prospective operational challenge,2026-09-02 15:14:14,94,2.02,2.231314142362999,2.31
Prospective operational challenge,2026-09-02 15:15:14,94,2.08,2.30229559744983,2.36
Prospective operational challenge,2026-09-02 15:16:14,94,2.13,2.374243940696945,2.42
Prospective operational challenge,2026-09-02 15:17:14,94,2.18,2.4476254245427143,2.48
Prospective operational challenge,2026-09-02 15:18:14,94,2.23,2.5230197473692844,2.55
Prospective operational challenge,2026-09-02 15:19:14,94,2.28,2.5784243470368535,2.59
Prospective operational challenge,2026-09-02 15:20:14,94,2.34,2.621579524104049,2.65
Prospective operational challenge,2026-09-02 15:21:14,94,2.39,2.6638714351594404,2.7
Prospective operational challenge,2026-09-02 15:22:14,94,2.44,2.7068814278672813,2.77
Prospective operational challenge,2026-09-02 15:23:14,94,2.5,2.7490538475664046,2.82
Prospective operational challenge,2026-09-02 15:24:14,94,2.55,2.792111353438042,2.87
Prospective operational challenge,2026-09-02 15:25:14,94,2.61,2.8363036021261596,2.94
Prospective operational challenge,2026-09-02 15:26:14,94,2.67,2.881017125952273,3.0
Prospective operational challenge,2026-09-02 15:27:14,94,2.72,2.925680255597699,3.05
Prospective operational challenge,2026-09-02 15:28:14,94,2.78,2.9722382914505667,3.13
Prospective operational challenge,2026-09-02 15:29:14,94,2.84,3.0192733953625894,3.19
Prospective operational challenge,2026-09-02 15:30:14,94,2.89,3.0663932767388418,3.24
Prospective operational challenge,2026-09-02 15:31:14,94,2.95,3.1444578299248276,3.34
Prospective operational challenge,2026-09-02 15:32:14,94,3.01,3.227957917387023,3.4
Prospective operational challenge,2026-09-02 15:33:14,94,3.06,3.3130840791199496,3.47
Prospective operational challenge,2026-09-02 15:34:14,94,3.12,3.3968700307601023,3.52
Prospective operational challenge,2026-09-02 15:35:14,94,3.18,3.4804124243022887,3.58
Prospective operational challenge,2026-09-02 15:36:14,94,3.24,3.5564781952722595,3.64
Prospective operational challenge,2026-09-02 15:37:14,94,3.29,3.6223329044177746,3.71
Prospective operational challenge,2026-09-02 15:38:14,94,3.35,3.688051568167349,3.79
Prospective operational challenge,2026-09-02 15:39:14,94,3.4,3.739960833130048,3.84
Prospective operational challenge,2026-09-02 15:40:14,94,3.46,3.790864434278906,3.89
Prospective operational challenge,2026-09-02 15:41:14,94,3.52,3.841838856490502,3.95
Prospective operational challenge,2026-09-02 15:42:14,94,3.58,3.892669865459683,4.01
Prospective operational challenge,2026-09-02 15:43:14,94,3.63,3.938214916882023,4.06
Prospective operational challenge,2026-09-02 15:44:14,94,3.69,3.97342604409773,4.13
Prospective operational challenge,2026-09-02 15:45:14,94,3.74,4.009418871486396,4.2
Prospective operational challenge,2026-09-02 15:46:14,94,3.8,4.044598118597168,4.24
Prospective operational challenge,2026-09-02 15:47:14,94,3.85,4.0791914802239475,4.29
Prospective operational challenge,2026-09-02 15:48:14,94,3.91,4.113438269687764,4.34
Prospective operational challenge,2026-09-02 15:49:14,94,3.96,4.149621999867748,4.42
Prospective operational challenge,2026-09-02 15:50:14,94,4.01,4.191330859226251,4.48
Prospective operational challenge,2026-09-02 15:51:14,94,4.07,4.234445182529347,4.53
Prospective operational challenge,2026-09-02 15:52:14,94,4.12,4.2770244868269875,4.58
Prospective operational challenge,2026-09-02 15:53:14,94,4.17,4.319092812079781,4.63
Prospective operational challenge,2026-09-02 15:54:14,94,4.23,4.360630463467347,4.68
Prospective operational challenge,2026-09-02 15:55:14,94,4.28,4.402330018558187,4.74
Prospective operational challenge,2026-09-02 15:56:14,94,4.33,4.444409867878542,4.8
Prospective operational challenge,2026-09-02 15:57:14,94,4.38,4.493401323948403,4.85
Prospective operational challenge,2026-09-02 15:58:14,94,4.43,4.558811742505612,4.9
Prospective operational challenge,2026-09-02 15:59:14,94,4.48,4.624321249151933,4.97
Prospective operational challenge,2026-09-02 16:00:14,94,4.54,4.687744899569708,5.01
Prospective operational challenge,2026-09-02 16:01:14,94,4.59,4.751643681625451,5.06
Prospective operational challenge,2026-09-02 16:02:14,94,4.64,4.810831764916701,5.12
Prospective operational challenge,2026-09-02 16:03:14,94,4.69,4.8626035439750135,5.18
Prospective operational challenge,2026-09-02 16:04:14,94,4.74,4.913526981633609,5.23
Prospective operational challenge,2026-09-02 16:05:14,94,4.79,4.965099545458428,5.29
Prospective operational challenge,2026-09-02 16:06:14,94,4.83,5.016047448145698,5.34
Prospective operational challenge,2026-09-02 16:07:14,94,4.88,5.067688400699321,5.4
Prospective operational challenge,2026-09-02 16:08:14,94,4.93,5.116643206455956,5.43
Prospective operational challenge,2026-09-02 16:09:14,94,4.98,5.166396573418827,5.48
Prospective operational challenge,2026-09-02 16:10:14,94,5.04,5.217295168210467,5.54
Prospective operational challenge,2026-09-02 16:11:14,94,5.09,5.267734311652789,5.59
Prospective operational challenge,2026-09-02 16:12:14,94,5.13,5.316767707771806,5.63
Prospective operational challenge,2026-09-02 16:13:14,94,5.18,5.364430684446765,5.66
Prospective operational challenge,2026-09-02 16:14:14,94,5.23,5.414436258461995,5.74
Prospective operational challenge,2026-09-02 16:15:14,94,5.27,5.463467009713048,5.78
Prospective operational challenge,2026-09-02 16:16:14,94,5.32,5.511968409532855,5.81
Prospective operational challenge,2026-09-02 16:17:14,94,5.37,5.560442604996453,5.87
Prospective operational challenge,2026-09-02 16:18:14,94,5.41,5.609443318104192,5.92
Prospective operational challenge,2026-09-02 16:19:14,94,5.46,5.658061281033591,5.96
Prospective operational challenge,2026-09-02 16:20:14,94,5.5,5.706534342982347,6.01
Prospective operational challenge,2026-09-02 16:21:14,94,5.55,5.755055768231031,6.05
Prospective operational challenge,2026-09-02 16:22:14,94,5.59,5.8032932480117765,6.1
Prospective operational challenge,2026-09-02 16:23:14,94,5.63,5.850952824142208,6.13
Prospective operational challenge,2026-09-02 16:24:14,94,5.68,5.898547601007502,6.19
Prospective operational challenge,2026-09-02 16:25:14,94,5.72,5.945652699461023,6.22
Prospective operational challenge,2026-09-02 16:26:14,94,5.76,5.991592355737757,6.28
Prospective operational challenge,2026-09-02 16:27:14,94,5.81,6.037150584270137,6.3
Prospective operational challenge,2026-09-02 16:28:14,94,5.85,6.082370836460439,6.35
Prospective operational challenge,2026-09-02 16:29:14,94,5.89,6.126904178656448,6.37
Prospective operational challenge,2026-09-02 16:30:14,94,5.92,6.168429361380751,6.36
Prospective operational challenge,2026-09-02 16:31:14,94,5.95,6.195162742173493,6.32
Prospective operational challenge,2026-09-02 16:32:14,94,5.97,6.206990213873906,6.23
Prospective operational challenge,2026-09-02 16:33:14,94,5.98,6.203119260688246,6.08
Prospective operational challenge,2026-09-02 16:34:14,94,5.98,6.188721544083444,5.92
Prospective operational challenge,2026-09-02 16:35:14,94,5.97,6.1652634544268565,5.74
Prospective operational challenge,2026-09-02 16:36:14,94,5.94,6.133395440318688,5.51
Prospective operational challenge,2026-09-02 16:37:14,94,5.89,6.091868179483843,5.23
Prospective operational challenge,2026-09-02 16:38:14,94,5.84,6.037193279995854,4.98
Prospective operational challenge,2026-09-02 16:39:14,94,5.78,5.947934464838105,4.7
Prospective operational challenge,2026-09-02 16:40:14,94,5.71,5.850615792395834,4.44
Prospective operational challenge,2026-09-02 16:41:14,94,5.63,5.756752262111325,4.18
Prospective operational challenge,2026-09-02 16:42:14,94,5.56,5.703512014575114,3.91
Prospective operational challenge,2026-09-02 16:43:14,94,5.48,5.591439701867633,3.65
Prospective operational challenge,2026-09-02 16:44:14,94,5.4,5.5468060436081,3.46
Prospective operational challenge,2026-09-02 16:45:14,94,5.32,5.523402173744791,3.2
Prospective operational challenge,2026-09-02 16:46:14,94,5.23,5.489767954593542,3.0
Prospective operational challenge,2026-09-02 16:47:14,94,5.15,5.447795600264044,2.88
Prospective operational challenge,2026-09-02 16:48:14,94,5.07,5.399449114139319,2.83
Prospective operational challenge,2026-09-02 16:49:14,94,5.0,5.344920438065957,2.82
Prospective operational challenge,2026-09-02 16:50:14,94,4.93,5.284023675609861,2.83
Prospective operational challenge,2026-09-02 16:51:14,94,4.88,5.218949344203324,2.89
Prospective operational challenge,2026-09-02 16:52:14,94,4.83,5.151613083929441,2.96
Prospective operational challenge,2026-09-02 16:53:14,94,4.79,5.057032416588185,3.04
Prospective operational challenge,2026-09-02 16:54:14,94,4.75,4.927443426728383,3.1
Prospective operational challenge,2026-09-02 16:55:14,94,4.72,4.876155847426773,3.17
Prospective operational challenge,2026-09-02 16:56:14,94,4.69,4.827652652875132,3.23
Prospective operational challenge,2026-09-02 16:57:14,94,4.67,4.810373636001366,3.29
Prospective operational challenge,2026-09-02 16:58:14,94,4.65,4.786234492843835,3.35
Prospective operational challenge,2026-09-02 16:59:14,94,4.64,4.760984127302798,3.39
Prospective operational challenge,2026-09-02 17:00:14,94,4.62,4.739030967518195,3.41
Prospective operational challenge,2026-09-02 17:01:14,94,4.61,4.715546334722388,3.43
Prospective operational challenge,2026-09-02 17:02:14,94,4.6,4.691151206129692,3.46
Prospective operational challenge,2026-09-02 17:03:14,94,4.59,4.668646024617002,3.51
Prospective operational challenge,2026-09-02 17:04:14,94,4.58,4.6467959202234566,3.55
Prospective operational challenge,2026-09-02 17:05:14,94,4.58,4.626581950044866,3.59
Prospective operational challenge,2026-09-02 17:06:14,94,4.57,4.60829457725951,3.62
Prospective operational challenge,2026-09-02 17:07:14,94,4.57,4.592803963427815,3.65
Prospective operational challenge,2026-09-02 17:08:14,94,4.57,4.584518442230152,3.71
Prospective operational challenge,2026-09-02 17:09:14,94,4.57,4.5773286520464875,3.74
Prospective operational challenge,2026-09-02 17:10:14,94,4.57,4.573537611657192,3.78
Prospective operational challenge,2026-09-02 17:11:14,94,4.58,4.571333303127652,3.81
Prospective operational challenge,2026-09-02 17:12:14,94,4.58,4.5725493756340505,3.85
Prospective operational challenge,2026-09-02 17:13:14,94,4.58,4.574972830366391,3.88
Prospective operational challenge,2026-09-02 17:14:14,94,4.59,4.577221157055631,3.9
Prospective operational challenge,2026-09-02 17:15:14,94,4.6,4.583335902871164,3.95
Prospective operational challenge,2026-09-02 17:16:14,94,4.61,4.587963855052186,3.97
Prospective operational challenge,2026-09-02 17:17:14,94,4.62,4.594753986794451,4.01
Prospective operational challenge,2026-09-02 17:18:14,94,4.63,4.602381030328443,4.04
Prospective operational challenge,2026-09-02 17:19:14,94,4.64,4.616835233756208,4.11
Prospective operational challenge,2026-09-02 17:20:14,94,4.65,4.63041049088352,4.14
Prospective operational challenge,2026-09-02 17:21:14,94,4.66,4.643930961460131,4.17
Prospective operational challenge,2026-09-02 17:22:14,94,4.68,4.658667410083571,4.21
Prospective operational challenge,2026-09-02 17:23:14,94,4.69,4.67694023609512,4.26
Prospective operational challenge,2026-09-02 17:24:14,94,4.71,4.695687154689365,4.3
Prospective operational challenge,2026-09-02 17:25:14,94,4.72,4.716827489872635,4.35
Prospective operational challenge,2026-09-02 17:26:14,94,4.74,4.742618730912479,4.42
Prospective operational challenge,2026-09-02 17:27:14,94,4.76,4.768604936505159,4.46
Prospective operational challenge,2026-09-02 17:28:14,94,4.78,4.7988491906020645,4.53
Prospective operational challenge,2026-09-02 17:29:14,94,4.81,4.829659068605162,4.58
Prospective operational challenge,2026-09-02 17:30:14,94,4.84,4.865823103964766,4.66
Prospective operational challenge,2026-09-02 17:31:14,94,4.86,4.900136581885125,4.7
Prospective operational challenge,2026-09-02 17:32:14,94,4.89,4.931646783141479,4.72
Prospective operational challenge,2026-09-02 17:33:14,94,4.91,4.9580029868705235,4.72
Prospective operational challenge,2026-09-02 17:34:14,94,4.93,4.975373346148648,4.67
Prospective operational challenge,2026-09-02 17:35:14,94,4.94,4.981113748687588,4.59
Prospective operational challenge,2026-09-02 17:36:14,94,4.94,4.978453861651106,4.52
Prospective operational challenge,2026-09-02 17:37:14,94,4.94,4.9620795785404495,4.39
Prospective operational challenge,2026-09-02 17:38:14,94,4.92,4.933367930969589,4.2
Prospective operational challenge,2026-09-02 17:39:14,94,4.9,4.900544269389988,4.01
Prospective operational challenge,2026-09-02 17:40:14,94,4.86,4.868587557745428,3.86
Prospective operational challenge,2026-09-02 17:41:14,94,4.82,4.831464852208146,3.66
Prospective operational challenge,2026-09-02 17:42:14,94,4.78,4.792326757281668,3.48
Prospective operational challenge,2026-09-02 17:43:14,94,4.73,4.735567229539547,3.26
Prospective operational challenge,2026-09-02 17:44:14,94,4.68,4.6922981342307235,3.08
Prospective operational challenge,2026-09-02 17:45:14,94,4.63,4.695762155588082,2.87
Prospective operational challenge,2026-09-02 17:46:14,94,4.58,4.680622836897857,2.69
Prospective operational challenge,2026-09-02 17:47:14,94,4.52,4.661296031002325,2.59
Prospective operational challenge,2026-09-02 17:48:14,94,4.46,4.638925548836701,2.57
Prospective operational challenge,2026-09-02 17:49:14,94,4.41,4.613360821846131,2.58
Prospective operational challenge,2026-09-02 17:50:14,94,4.36,4.585322198712747,2.62
Prospective operational challenge,2026-09-02 17:51:15,94,4.32,4.552849171057627,2.65
Prospective operational challenge,2026-09-02 17:52:15,94,4.28,4.517817894863529,2.72
Prospective operational challenge,2026-09-02 17:53:15,94,4.25,4.4831381027300425,2.81
Prospective operational challenge,2026-09-02 17:54:15,94,4.23,4.402363835084309,2.89
Prospective operational challenge,2026-09-02 17:55:15,94,4.21,4.318745956538108,2.96
Prospective operational challenge,2026-09-02 17:56:15,94,4.2,4.300631066927886,3.03
Prospective operational challenge,2026-09-02 17:57:15,94,4.19,4.296415052932386,3.11
Prospective operational challenge,2026-09-02 17:58:15,94,4.18,4.291952593918307,3.15
Prospective operational challenge,2026-09-02 17:59:15,94,4.18,4.293239322183194,3.19
Prospective operational challenge,2026-09-02 18:00:15,94,4.17,4.2977568511266835,3.23
Prospective operational challenge,2026-09-02 18:01:15,94,4.17,4.301773838807831,3.28
Prospective operational challenge,2026-09-02 18:02:15,94,4.18,4.301150783482974,3.32
Prospective operational challenge,2026-09-02 18:03:15,94,4.18,4.2995296683396775,3.36
Prospective operational challenge,2026-09-02 18:04:15,94,4.19,4.298082169886357,3.4
Prospective operational challenge,2026-09-02 18:05:15,94,4.19,4.2992587582924235,3.45
Prospective operational challenge,2026-09-02 18:06:15,94,4.2,4.299317795523781,3.48
Prospective operational challenge,2026-09-02 18:07:15,94,4.21,4.301294928787057,3.52
Prospective operational challenge,2026-09-02 18:08:15,94,4.22,4.307198463003686,3.57
Prospective operational challenge,2026-09-02 18:09:15,94,4.23,4.316404114874397,3.62
Prospective operational challenge,2026-09-02 18:10:15,94,4.25,4.328186057061988,3.67
Prospective operational challenge,2026-09-02 18:11:15,94,4.26,4.341200980019037,3.71
Prospective operational challenge,2026-09-02 18:12:15,94,4.27,4.356109817358041,3.75
Prospective operational challenge,2026-09-02 18:13:15,94,4.29,4.371821466583939,3.79
Prospective operational challenge,2026-09-02 18:14:15,94,4.3,4.38813765705894,3.83
Prospective operational challenge,2026-09-02 18:15:15,94,4.32,4.4035562926981635,3.86
Prospective operational challenge,2026-09-02 18:16:15,94,4.34,4.420289994473326,3.9
Prospective operational challenge,2026-09-02 18:17:15,94,4.36,4.437741400062658,3.94
Prospective operational challenge,2026-09-02 18:18:15,94,4.38,4.454674411530884,3.97
Prospective operational challenge,2026-09-02 18:19:15,94,4.4,4.471313275897594,4.0
Prospective operational challenge,2026-09-02 18:20:15,94,4.42,4.492003700148134,4.06
Prospective operational challenge,2026-09-02 18:21:15,94,4.44,4.513970273191701,4.11
Prospective operational challenge,2026-09-02 18:22:15,94,4.46,4.534783494883465,4.14
Prospective operational challenge,2026-09-02 18:23:15,94,4.48,4.558046808906357,4.19
Prospective operational challenge,2026-09-02 18:24:15,94,4.51,4.582267281753806,4.23
Prospective operational challenge,2026-09-02 18:25:15,94,4.53,4.611068382537619,4.3
Prospective operational challenge,2026-09-02 18:26:15,94,4.56,4.639310754963864,4.34
Prospective operational challenge,2026-09-02 18:27:15,94,4.58,4.669198046345088,4.39
Prospective operational challenge,2026-09-02 18:28:15,94,4.61,4.702949300903781,4.46
Prospective operational challenge,2026-09-02 18:29:15,94,4.64,4.738735497982696,4.52
Prospective operational challenge,2026-09-02 18:30:15,94,4.67,4.773230999494777,4.56
Prospective operational challenge,2026-09-02 18:31:15,94,4.7,4.804917651228213,4.58
Prospective operational challenge,2026-09-02 18:32:15,94,4.73,4.830886098421701,4.57
Prospective operational challenge,2026-09-02 18:33:15,94,4.74,4.8446210866821735,4.5
Prospective operational challenge,2026-09-02 18:34:15,94,4.76,4.847450906485395,4.42
Prospective operational challenge,2026-09-02 18:35:15,94,4.76,4.838817396231217,4.31
Prospective operational challenge,2026-09-02 18:36:15,94,4.75,4.819600446815795,4.18
Prospective operational challenge,2026-09-02 18:37:15,94,4.74,4.792489983418925,4.01
Prospective operational challenge,2026-09-02 18:38:15,94,4.71,4.7620949718480245,3.83
Prospective operational challenge,2026-09-02 18:39:15,94,4.68,4.730017257494074,3.66
Prospective operational challenge,2026-09-02 18:40:15,94,4.64,4.695217123868188,3.48
Prospective operational challenge,2026-09-02 18:41:15,94,4.6,4.656342948980771,3.28
Prospective operational challenge,2026-09-02 18:42:15,94,4.55,4.610036600652627,3.08
Prospective operational challenge,2026-09-02 18:43:15,94,4.5,4.616893231932294,2.83
Prospective operational challenge,2026-09-02 18:44:15,94,4.45,4.605319100799083,2.64
Prospective operational challenge,2026-09-02 18:45:15,94,4.4,4.590146060042306,2.54
Prospective operational challenge,2026-09-02 18:46:15,94,4.36,4.570243806445284,2.47
Prospective operational challenge,2026-09-02 18:47:15,94,4.32,4.546097956658272,2.45
Prospective operational challenge,2026-09-02 18:48:15,94,4.29,4.51968819435294,2.48
Prospective operational challenge,2026-09-02 18:49:15,94,4.26,4.492003605688563,2.55
Prospective operational challenge,2026-09-02 18:50:15,94,4.23,4.46227094462371,2.62
Prospective operational challenge,2026-09-02 18:51:15,94,4.21,4.430224118549207,2.69
Prospective operational challenge,2026-09-02 18:52:15,94,4.19,4.397636322516326,2.77
Prospective operational challenge,2026-09-02 18:53:15,94,4.18,4.311978400633114,2.85
Prospective operational challenge,2026-09-02 18:54:15,94,4.17,4.2341328991903575,2.93
Prospective operational challenge,2026-09-02 18:55:15,94,4.16,4.220590939061532,3.01
Prospective operational challenge,2026-09-02 18:56:15,94,4.16,4.21891730439722,3.08
Prospective operational challenge,2026-09-02 18:57:15,94,4.16,4.223711694340884,3.13
Prospective operational challenge,2026-09-02 18:58:15,94,4.16,4.23569389081724,3.19
Prospective operational challenge,2026-09-02 18:59:15,94,4.16,4.246517635125003,3.23
Prospective operational challenge,2026-09-02 19:00:15,94,4.17,4.252215814236076,3.27
Prospective operational challenge,2026-09-02 19:01:15,94,4.17,4.261119951158798,3.34
Prospective operational challenge,2026-09-02 19:02:15,94,4.18,4.276750931911769,3.37
Prospective operational challenge,2026-09-02 19:03:15,94,4.19,4.281456435399901,3.42
Prospective operational challenge,2026-09-02 19:04:15,94,4.19,4.27908124950792,3.46
Prospective operational challenge,2026-09-02 19:05:15,94,4.2,4.279012010642983,3.52
Prospective operational challenge,2026-09-02 19:06:15,94,4.22,4.285230189687855,3.54
Prospective operational challenge,2026-09-02 19:07:15,94,4.23,4.294846173931395,3.59
Prospective operational challenge,2026-09-02 19:08:15,94,4.24,4.305550143504179,3.63
Prospective operational challenge,2026-09-02 19:09:15,94,4.25,4.317600539790199,3.67
Prospective operational challenge,2026-09-02 19:10:15,94,4.27,4.332165733212916,3.72
Prospective operational challenge,2026-09-02 19:11:15,94,4.28,4.349153058933991,3.77
Prospective operational challenge,2026-09-02 19:12:15,94,4.3,4.366093627167832,3.81
Prospective operational challenge,2026-09-02 19:13:15,94,4.31,4.385204970783801,3.86
Prospective operational challenge,2026-09-02 19:14:15,94,4.33,4.403203958501421,3.89
Prospective operational challenge,2026-09-02 19:15:15,94,4.35,4.421632831722896,3.93
Prospective operational challenge,2026-09-02 19:16:15,94,4.37,4.441205988177438,3.97
Prospective operational challenge,2026-09-02 19:17:15,94,4.39,4.459796670642618,4.0
Prospective operational challenge,2026-09-02 19:18:15,94,4.41,4.477974470326574,4.03
Prospective operational challenge,2026-09-02 19:19:15,94,4.43,4.497146456986593,4.07
Prospective operational challenge,2026-09-02 19:20:15,94,4.45,4.521472630093065,4.14
Prospective operational challenge,2026-09-02 19:21:15,94,4.48,4.545034436357702,4.18
Prospective operational challenge,2026-09-02 19:22:15,94,4.5,4.569259537724089,4.22
Prospective operational challenge,2026-09-02 19:23:15,94,4.52,4.594191480054075,4.26
Prospective operational challenge,2026-09-02 19:24:15,94,4.55,4.621018659199999,4.31
Prospective operational challenge,2026-09-02 19:25:15,94,4.58,4.6491017727909325,4.36
Prospective operational challenge,2026-09-02 19:26:15,94,4.6,4.6825131618161455,4.44
Prospective operational challenge,2026-09-02 19:27:15,94,4.63,4.717589400765645,4.5
Prospective operational challenge,2026-09-02 19:28:15,94,4.67,4.753642729509007,4.55
Prospective operational challenge,2026-09-02 19:29:15,94,4.7,4.790345089959023,4.6
Prospective operational challenge,2026-09-02 19:30:15,94,4.73,4.82658790460015,4.64
Prospective operational challenge,2026-09-02 19:31:15,94,4.77,4.862057662118987,4.68
Prospective operational challenge,2026-09-02 19:32:15,94,4.8,4.891555780071103,4.68
Prospective operational challenge,2026-09-02 19:33:15,94,4.82,4.910432202736054,4.63
Prospective operational challenge,2026-09-02 19:34:15,94,4.83,4.917745168199223,4.55
Prospective operational challenge,2026-09-02 19:35:15,94,4.84,4.916951613350205,4.47
Prospective operational challenge,2026-09-02 19:36:15,94,4.83,4.902108236493331,4.33
Prospective operational challenge,2026-09-02 19:37:15,94,4.82,4.876824337804883,4.16
Prospective operational challenge,2026-09-02 19:38:15,94,4.79,4.8450629685514395,3.95
Prospective operational challenge,2026-09-02 19:39:15,94,4.76,4.813803462994321,3.79
Prospective operational challenge,2026-09-02 19:40:15,94,4.72,4.778598192271966,3.6
Prospective operational challenge,2026-09-02 19:41:15,94,4.68,4.74192284725902,3.43
Prospective operational challenge,2026-09-02 19:42:15,94,4.63,4.685458033375837,3.22
Prospective operational challenge,2026-09-02 19:43:15,94,4.59,4.6612025160278545,3.03
Prospective operational challenge,2026-09-02 19:44:15,94,4.54,4.663066014428214,2.83
Prospective operational challenge,2026-09-02 19:45:15,94,4.49,4.649494346764569,2.67
Prospective operational challenge,2026-09-02 19:46:15,94,4.45,4.630686974045414,2.56
Prospective operational challenge,2026-09-02 19:47:15,94,4.4,4.608465265702812,2.54
Prospective operational challenge,2026-09-02 19:48:15,94,4.36,4.5825491491112,2.54
Prospective operational challenge,2026-09-02 19:49:15,94,4.33,4.553318918500093,2.56
Prospective operational challenge,2026-09-02 19:50:15,94,4.3,4.522318137705677,2.64
Prospective operational challenge,2026-09-02 19:51:15,94,4.27,4.489065157379644,2.71
Prospective operational challenge,2026-09-02 19:52:15,94,4.25,4.455459370559016,2.8
Prospective operational challenge,2026-09-02 19:53:15,94,4.23,4.371915737234971,2.86
Prospective operational challenge,2026-09-02 19:54:15,94,4.22,4.291665531284553,2.94
Prospective operational challenge,2026-09-02 19:55:15,94,4.21,4.276537453283179,3.02
Prospective operational challenge,2026-09-02 19:56:15,94,4.2,4.270669813703217,3.09
Prospective operational challenge,2026-09-02 19:57:15,94,4.19,4.268584335312953,3.14
Prospective operational challenge,2026-09-02 19:58:15,94,4.19,4.2747986415154475,3.2
Prospective operational challenge,2026-09-02 19:59:15,94,4.19,4.28293557780923,3.24
Prospective operational challenge,2026-09-02 20:00:15,94,4.2,4.291541316949777,3.3
Prospective operational challenge,2026-09-02 20:01:15,94,4.2,4.297719917434747,3.36
Prospective operational challenge,2026-09-02 20:02:15,94,4.21,4.303177885858872,3.41
Prospective operational challenge,2026-09-02 20:03:15,94,4.21,4.305888214305826,3.44
Prospective operational challenge,2026-09-02 20:04:15,94,4.22,4.310141256452833,3.49
Prospective operational challenge,2026-09-02 20:05:15,94,4.23,4.314185070651909,3.52
Prospective operational challenge,2026-09-02 20:06:15,94,4.24,4.321132477578511,3.57
Prospective operational challenge,2026-09-02 20:07:15,94,4.25,4.32820362654204,3.6
Prospective operational challenge,2026-09-02 20:08:15,94,4.26,4.336736537353984,3.64
Prospective operational challenge,2026-09-02 20:09:15,94,4.28,4.349565469417364,3.7
Prospective operational challenge,2026-09-02 20:10:15,94,4.29,4.364778749951033,3.75
Prospective operational challenge,2026-09-02 20:11:15,94,4.31,4.380134853354803,3.79
Prospective operational challenge,2026-09-02 20:12:15,94,4.33,4.396269303616792,3.83
Prospective operational challenge,2026-09-02 20:13:15,94,4.34,4.414746917976475,3.88
Prospective operational challenge,2026-09-02 20:14:15,94,4.36,4.434329237009324,3.93
Prospective operational challenge,2026-09-02 20:15:15,94,4.38,4.451619589031512,3.95
Prospective operational challenge,2026-09-02 20:16:15,94,4.4,4.470379543046441,3.99
Prospective operational challenge,2026-09-02 20:17:15,94,4.42,4.488922806807394,4.02
Prospective operational challenge,2026-09-02 20:18:15,94,4.45,4.510527410778061,4.08
Prospective operational challenge,2026-09-02 20:19:15,94,4.47,4.536007879832038,4.15
Prospective operational challenge,2026-09-02 20:20:15,94,4.49,4.559692577997469,4.18
Prospective operational challenge,2026-09-02 20:21:15,94,4.52,4.585523680975925,4.23
Prospective operational challenge,2026-09-02 20:22:15,94,4.54,4.6127838627915185,4.28
Prospective operational challenge,2026-09-02 20:23:15,94,4.57,4.639794765801427,4.32
Prospective operational challenge,2026-09-02 20:24:15,94,4.59,4.669488131685088,4.38
Prospective operational challenge,2026-09-02 20:25:15,94,4.62,4.700395208585893,4.43
Prospective operational challenge,2026-09-02 20:26:15,94,4.65,4.7322606722856655,4.48
Prospective operational challenge,2026-09-02 20:27:15,94,4.68,4.7649082612264655,4.53
Prospective operational challenge,2026-09-02 20:28:15,94,4.71,4.796201488850135,4.56
Prospective operational challenge,2026-09-02 20:29:15,94,4.73,4.820347055258437,4.54
Prospective operational challenge,2026-09-02 20:30:15,94,4.75,4.833628826501223,4.48
Prospective operational challenge,2026-09-02 20:31:15,94,4.76,4.838433984835888,4.42
Prospective operational challenge,2026-09-02 20:32:15,94,4.77,4.831338465303255,4.32
Prospective operational challenge,2026-09-02 20:33:15,94,4.78,4.81493197147917,4.22
Prospective operational challenge,2026-09-02 20:34:15,94,4.77,4.791222997204204,4.07
Prospective operational challenge,2026-09-02 20:35:15,94,4.74,4.761757467803799,3.88
Prospective operational challenge,2026-09-02 20:36:15,94,4.71,4.730657410001132,3.71
Prospective operational challenge,2026-09-02 20:37:15,94,4.68,4.697434562277983,3.54
Prospective operational challenge,2026-09-02 20:38:15,94,4.64,4.660117270026145,3.35
Prospective operational challenge,2026-09-02 20:39:15,94,4.6,4.6165196443322625,3.15
Prospective operational challenge,2026-09-02 20:40:15,94,4.56,4.594527000447328,2.94
Prospective operational challenge,2026-09-02 20:41:15,94,4.51,4.602041070335393,2.73
Prospective operational challenge,2026-09-02 20:42:15,94,4.47,4.5875977297581985,2.59
Prospective operational challenge,2026-09-02 20:43:15,94,4.43,4.568928456930635,2.51
Prospective operational challenge,2026-09-02 20:44:15,94,4.39,4.547015159084645,2.49
Prospective operational challenge,2026-09-02 20:45:15,94,4.35,4.522468706260532,2.5
Prospective operational challenge,2026-09-02 20:46:15,94,4.32,4.4955542464717695,2.54
Prospective operational challenge,2026-09-02 20:47:15,94,4.29,4.46762689671205,2.62
Prospective operational challenge,2026-09-02 20:48:15,94,4.27,4.437036259371322,2.69
Prospective operational challenge,2026-09-02 20:49:15,94,4.25,4.4054068501374095,2.78
Prospective operational challenge,2026-09-02 20:50:15,94,4.23,4.332365515203831,2.87
Prospective operational challenge,2026-09-02 20:51:15,94,4.22,4.240723485090634,2.92
Prospective operational challenge,2026-09-02 20:52:15,94,4.2,4.226896398749243,3.03
Prospective operational challenge,2026-09-02 20:53:15,94,4.2,4.223646233858755,3.08
Prospective operational challenge,2026-09-02 20:54:15,94,4.19,4.226015657716957,3.13
Prospective operational challenge,2026-09-02 20:55:15,94,4.19,4.235979725476581,3.19
Prospective operational challenge,2026-09-02 20:56:15,94,4.19,4.246936279940006,3.23
Prospective operational challenge,2026-09-02 20:57:15,94,4.19,4.256297979020642,3.29
Prospective operational challenge,2026-09-02 20:58:15,94,4.2,4.262717545869122,3.34
Prospective operational challenge,2026-09-02 20:59:15,94,4.2,4.278534139677482,3.39
Prospective operational challenge,2026-09-02 21:00:15,94,4.21,4.289902254488147,3.44
Prospective operational challenge,2026-09-02 21:01:15,94,4.22,4.288755137467975,3.47
Prospective operational challenge,2026-09-02 21:02:15,94,4.23,4.28582452930338,3.52
Prospective operational challenge,2026-09-02 21:03:15,94,4.24,4.293696600962398,3.56
Prospective operational challenge,2026-09-02 21:04:15,94,4.25,4.303090416296892,3.6
Prospective operational challenge,2026-09-02 21:05:15,94,4.26,4.312674662124854,3.63
Prospective operational challenge,2026-09-02 21:06:15,94,4.28,4.3232383592359325,3.67
Prospective operational challenge,2026-09-02 21:07:15,94,4.29,4.341805048970288,3.75
Prospective operational challenge,2026-09-02 21:08:15,94,4.31,4.357970293052154,3.78
Prospective operational challenge,2026-09-02 21:09:15,94,4.32,4.377224081699944,3.84
Prospective operational challenge,2026-09-02 21:10:15,94,4.34,4.396959803074751,3.88
Prospective operational challenge,2026-09-02 21:11:15,94,4.36,4.415799669886046,3.91
Prospective operational challenge,2026-09-02 21:12:15,94,4.38,4.4351680379924545,3.95
Prospective operational challenge,2026-09-02 21:13:15,94,4.4,4.455260249785093,3.99
Prospective operational challenge,2026-09-02 21:14:15,94,4.42,4.475785369787831,4.03
Prospective operational challenge,2026-09-02 21:15:15,94,4.45,4.4995053013729365,4.09
Prospective operational challenge,2026-09-02 21:16:15,94,4.47,4.522990406466594,4.13
Prospective operational challenge,2026-09-02 21:17:15,94,4.5,4.548370370537907,4.18
Prospective operational challenge,2026-09-02 21:18:15,94,4.52,4.57520831807483,4.23
Prospective operational challenge,2026-09-02 21:19:15,94,4.55,4.603390236376164,4.28
Prospective operational challenge,2026-09-02 21:20:15,94,4.57,4.629536173102005,4.31
Prospective operational challenge,2026-09-02 21:21:15,94,4.6,4.660900056484163,4.39
Prospective operational challenge,2026-09-02 21:22:15,94,4.62,4.692218126974788,4.43
Prospective operational challenge,2026-09-02 21:23:15,94,4.65,4.726935986315054,4.5
Prospective operational challenge,2026-09-02 21:24:15,94,4.68,4.761046470619112,4.54
Prospective operational challenge,2026-09-02 21:25:15,94,4.71,4.792695999741471,4.56
Prospective operational challenge,2026-09-02 21:26:15,94,4.73,4.816610140202851,4.54
Prospective operational challenge,2026-09-02 21:27:15,94,4.75,4.830162632573751,4.48
Prospective operational challenge,2026-09-02 21:28:15,94,4.77,4.8349616510363544,4.42
Prospective operational challenge,2026-09-02 21:29:15,94,4.78,4.8278410052580565,4.32
Prospective operational challenge,2026-09-02 21:30:15,94,4.78,4.8120918555828,4.22
Prospective operational challenge,2026-09-02 21:31:15,94,4.78,4.7857747581158065,4.04
Prospective operational challenge,2026-09-02 21:32:15,94,4.76,4.757007946155966,3.87
Prospective operational challenge,2026-09-02 21:33:15,94,4.73,4.726127034556098,3.7
Prospective operational challenge,2026-09-02 21:34:15,94,4.7,4.692993262207621,3.53
Prospective operational challenge,2026-09-02 21:35:15,94,4.66,4.654178124551562,3.32
Prospective operational challenge,2026-09-02 21:36:15,94,4.62,4.608040764394457,3.13
Prospective operational challenge,2026-09-02 21:37:15,94,4.57,4.602300928612937,2.93
Prospective operational challenge,2026-09-02 21:38:15,94,4.52,4.600429590068254,2.75
Prospective operational challenge,2026-09-02 21:39:15,94,4.48,4.585289326782328,2.59
Prospective operational challenge,2026-09-02 21:40:15,94,4.43,4.565818186663572,2.5
Prospective operational challenge,2026-09-02 21:41:15,94,4.4,4.54302641481498,2.47
Prospective operational challenge,2026-09-02 21:42:15,94,4.36,4.518174385281359,2.49
Prospective operational challenge,2026-09-02 21:43:15,94,4.33,4.4912016439378,2.54
Prospective operational challenge,2026-09-02 21:44:15,94,4.3,4.462954265154337,2.62
Prospective operational challenge,2026-09-02 21:45:15,94,4.28,4.43125174421311,2.68
Prospective operational challenge,2026-09-02 21:46:15,94,4.26,4.399561786394718,2.77
Prospective operational challenge,2026-09-02 21:47:15,94,4.24,4.324302446293924,2.86
Prospective operational challenge,2026-09-02 21:48:15,94,4.22,4.234612612117478,2.93
Prospective operational challenge,2026-09-02 21:49:15,94,4.21,4.220000188909674,3.01
Prospective operational challenge,2026-09-02 21:50:15,94,4.2,4.216516992259571,3.07
Prospective operational challenge,2026-09-02 21:51:15,94,4.2,4.221590982530946,3.14
Prospective operational challenge,2026-09-02 21:52:15,94,4.2,4.232024986652178,3.19
Prospective operational challenge,2026-09-02 21:53:15,94,4.2,4.241886660237736,3.22
Prospective operational challenge,2026-09-02 21:54:15,94,4.2,4.251764297490653,3.29
Prospective operational challenge,2026-09-02 21:55:15,94,4.2,4.260277560712002,3.35
Prospective operational challenge,2026-09-02 21:56:15,94,4.21,4.280436272042041,3.38
Prospective operational challenge,2026-09-02 21:57:15,94,4.22,4.287432986864273,3.42
Prospective operational challenge,2026-09-02 21:58:15,94,4.23,4.286513139569935,3.47
Prospective operational challenge,2026-09-02 21:59:15,94,4.23,4.2812808350589515,3.51
Prospective operational challenge,2026-09-02 22:00:15,94,4.24,4.288559133859867,3.56
Prospective operational challenge,2026-09-02 22:01:15,94,4.25,4.2969064316164225,3.59
Prospective operational challenge,2026-09-02 22:02:15,94,4.27,4.307358855353838,3.63
Prospective operational challenge,2026-09-02 22:03:15,94,4.28,4.317547831350043,3.66
Prospective operational challenge,2026-09-02 22:04:15,94,4.3,4.333806023648958,3.73
Prospective operational challenge,2026-09-02 22:05:15,94,4.31,4.349762606540313,3.77
Prospective operational challenge,2026-09-02 22:06:15,94,4.33,4.365241035087456,3.8
Prospective operational challenge,2026-09-02 22:07:15,94,4.35,4.3842794559152525,3.86
Prospective operational challenge,2026-09-02 22:08:15,94,4.37,4.403097502565837,3.9
Prospective operational challenge,2026-09-02 22:09:15,94,4.39,4.423904584385539,3.95
Prospective operational challenge,2026-09-02 22:10:15,94,4.4,4.444093995075885,3.98
Prospective operational challenge,2026-09-02 22:11:15,94,4.43,4.465007910669453,4.02
Prospective operational challenge,2026-09-02 22:12:15,94,4.45,4.488749379036557,4.08
Prospective operational challenge,2026-09-02 22:13:15,94,4.47,4.51260467118572,4.12
Prospective operational challenge,2026-09-02 22:14:15,94,4.5,4.539199479789019,4.18
Prospective operational challenge,2026-09-02 22:15:15,94,4.52,4.564750321222775,4.21
Prospective operational challenge,2026-09-02 22:16:15,94,4.55,4.59328967453764,4.27
Prospective operational challenge,2026-09-02 22:17:15,94,4.57,4.621272849903333,4.31
Prospective operational challenge,2026-09-02 22:18:15,94,4.6,4.648898023498071,4.35
Prospective operational challenge,2026-09-02 22:19:15,94,4.63,4.682163944785219,4.43
Prospective operational challenge,2026-09-02 22:20:15,94,4.66,4.715859846035791,4.48
Prospective operational challenge,2026-09-02 22:21:15,94,4.69,4.751021665355866,4.54
Prospective operational challenge,2026-09-02 22:22:15,94,4.71,4.784493036208138,4.57
Prospective operational challenge,2026-09-02 22:23:15,94,4.74,4.811891506834463,4.56
Prospective operational challenge,2026-09-02 22:24:15,94,4.77,4.830660056670278,4.52
Prospective operational challenge,2026-09-02 22:25:15,94,4.78,4.840787539486301,4.47
Prospective operational challenge,2026-09-02 22:26:15,94,4.8,4.84014020805191,4.39
Prospective operational challenge,2026-09-02 22:27:15,94,4.8,4.828899802580118,4.29
Prospective operational challenge,2026-09-02 22:28:15,94,4.8,4.809346199256601,4.17
Prospective operational challenge,2026-09-02 22:29:15,94,4.78,4.781075961257156,3.97
Prospective operational challenge,2026-09-02 22:30:15,94,4.76,4.754878260686861,3.85
Prospective operational challenge,2026-09-02 22:31:15,94,4.73,4.723168749737442,3.66
Prospective operational challenge,2026-09-02 22:32:15,94,4.69,4.689339188195077,3.49
Prospective operational challenge,2026-09-02 22:33:15,94,4.65,4.653098168285783,3.32
Prospective operational challenge,2026-09-02 22:34:15,94,4.6,4.6094645534956635,3.13
Prospective operational challenge,2026-09-02 22:35:15,94,4.55,4.6106502100204665,2.93
Prospective operational challenge,2026-09-02 22:36:15,94,4.5,4.601336496401478,2.74
Prospective operational challenge,2026-09-02 22:37:15,94,4.45,4.585726296753945,2.65
Prospective operational challenge,2026-09-02 22:38:15,94,4.41,4.565940795185655,2.58
Prospective operational challenge,2026-09-02 22:39:15,94,4.38,4.5442547670655005,2.59
Prospective operational challenge,2026-09-02 22:40:15,94,4.34,4.519404721182854,2.6
Prospective operational challenge,2026-09-02 22:41:15,94,4.32,4.4925779198752105,2.65
Prospective operational challenge,2026-09-02 22:42:15,94,4.29,4.4645074638666795,2.73
Prospective operational challenge,2026-09-02 22:43:15,94,4.27,4.434210217950907,2.8
Prospective operational challenge,2026-09-02 22:44:15,94,4.25,4.370520191545245,2.87
Prospective operational challenge,2026-09-02 22:45:15,94,4.24,4.281452657017095,2.95
Prospective operational challenge,2026-09-02 22:46:15,94,4.23,4.255731504978319,3.04
Prospective operational challenge,2026-09-02 22:47:15,94,4.22,4.248761805593157,3.09
Prospective operational challenge,2026-09-02 22:48:15,94,4.21,4.246782310840626,3.16
Prospective operational challenge,2026-09-02 22:49:15,94,4.21,4.252000824254364,3.21
Prospective operational challenge,2026-09-02 22:50:15,94,4.21,4.262262723038742,3.26
Prospective operational challenge,2026-09-02 22:51:15,94,4.22,4.271570391245239,3.3
Prospective operational challenge,2026-09-02 22:52:15,94,4.22,4.279331283990166,3.36
Prospective operational challenge,2026-09-02 22:53:15,94,4.23,4.28272719999743,3.39
Prospective operational challenge,2026-09-02 22:54:15,94,4.23,4.287268343833463,3.44
Prospective operational challenge,2026-09-02 22:55:15,94,4.24,4.289813745870895,3.47
Prospective operational challenge,2026-09-02 22:56:15,94,4.25,4.293513349396264,3.51
Prospective operational challenge,2026-09-02 22:57:15,94,4.26,4.298863539450823,3.55
Prospective operational challenge,2026-09-02 22:58:15,94,4.27,4.305899077156395,3.59
Prospective operational challenge,2026-09-02 22:59:15,94,4.28,4.312816351480112,3.62
Prospective operational challenge,2026-09-02 23:00:15,94,4.3,4.321857549239154,3.66
Prospective operational challenge,2026-09-02 23:01:15,94,4.31,4.337415890582663,3.73
Prospective operational challenge,2026-09-02 23:02:15,94,4.33,4.353878682310571,3.78
Prospective operational challenge,2026-09-02 23:03:15,94,4.35,4.371002124272264,3.82
Prospective operational challenge,2026-09-02 23:04:15,94,4.36,4.390455600451398,3.87
Prospective operational challenge,2026-09-02 23:05:15,94,4.38,4.410662864000506,3.91
Prospective operational challenge,2026-09-02 23:06:15,94,4.4,4.432270868515699,3.96
Prospective operational challenge,2026-09-02 23:07:15,94,4.42,4.45307672236099,3.99
Prospective operational challenge,2026-09-02 23:08:15,94,4.44,4.474390579774667,4.03
Prospective operational challenge,2026-09-02 23:09:15,94,4.47,4.49640976679882,4.07
Prospective operational challenge,2026-09-02 23:10:15,94,4.49,4.521273037021291,4.13
Prospective operational challenge,2026-09-02 23:11:15,94,4.51,4.5458345089170615,4.17
Prospective operational challenge,2026-09-02 23:12:15,94,4.54,4.5720576191117335,4.22
Prospective operational challenge,2026-09-02 23:13:15,94,4.56,4.5996573830820955,4.27
Prospective operational challenge,2026-09-02 23:14:15,94,4.59,4.625640849347239,4.3
Prospective operational challenge,2026-09-02 23:15:15,94,4.62,4.654073463347811,4.36
Prospective operational challenge,2026-09-02 23:16:15,94,4.64,4.685362251371682,4.42
Prospective operational challenge,2026-09-02 23:17:15,94,4.67,4.717566352630524,4.47
Prospective operational challenge,2026-09-02 23:18:15,94,4.7,4.75045358550085,4.52
Prospective operational challenge,2026-09-02 23:19:15,94,4.72,4.783345919187966,4.56
Prospective operational challenge,2026-09-02 23:20:15,94,4.75,4.810922823942347,4.56
Prospective operational challenge,2026-09-02 23:21:15,94,4.77,4.8309408849724,4.53
Prospective operational challenge,2026-09-02 23:22:15,94,4.79,4.840924694782191,4.47
Prospective operational challenge,2026-09-02 23:23:15,94,4.81,4.841717777333358,4.4
Prospective operational challenge,2026-09-02 23:24:15,94,4.81,4.833508012710973,4.32
Prospective operational challenge,2026-09-02 23:25:15,94,4.81,4.814456745381633,4.19
Prospective operational challenge,2026-09-02 23:26:15,94,4.79,4.789074041982785,4.03
Prospective operational challenge,2026-09-02 23:27:15,94,4.77,4.761555796621481,3.87
Prospective operational challenge,2026-09-02 23:28:15,94,4.73,4.732002797659096,3.71
Prospective operational challenge,2026-09-02 23:29:15,94,4.7,4.6991490034766095,3.54
Prospective operational challenge,2026-09-02 23:30:15,94,4.66,4.662204259769532,3.35
Prospective operational challenge,2026-09-02 23:31:16,94,4.62,4.618836076371598,3.18
Prospective operational challenge,2026-09-02 23:32:16,94,4.57,4.596764086447718,2.99
Prospective operational challenge,2026-09-02 23:33:16,94,4.53,4.605602101671319,2.77
Prospective operational challenge,2026-09-02 23:34:16,94,4.48,4.589590637769693,2.63
Prospective operational challenge,2026-09-02 23:35:16,94,4.44,4.5700326893059495,2.55
Prospective operational challenge,2026-09-02 23:36:16,94,4.4,4.547101400672212,2.51
Prospective operational challenge,2026-09-02 23:37:16,94,4.36,4.5228220795125464,2.54
Prospective operational challenge,2026-09-02 23:38:16,94,4.33,4.496970195428652,2.59
Prospective operational challenge,2026-09-02 23:39:16,94,4.3,4.469105472363957,2.66
Prospective operational challenge,2026-09-02 23:40:16,94,4.28,4.439280524299045,2.73
Prospective operational challenge,2026-09-02 23:41:16,94,4.26,4.4085298724464455,2.82
Prospective operational challenge,2026-09-02 23:42:16,94,4.24,4.320710243299842,2.9
Prospective operational challenge,2026-09-02 23:43:16,94,4.23,4.2521801085185515,2.99
Prospective operational challenge,2026-09-02 23:44:16,94,4.22,4.238464673389104,3.05
Prospective operational challenge,2026-09-02 23:45:16,94,4.22,4.238628182905073,3.11
Prospective operational challenge,2026-09-02 23:46:16,94,4.21,4.242251463097741,3.17
Prospective operational challenge,2026-09-02 23:47:16,94,4.21,4.251606550008465,3.22
Prospective operational challenge,2026-09-02 23:48:16,94,4.21,4.264277545670517,3.28
Prospective operational challenge,2026-09-02 23:49:16,94,4.22,4.272852302072048,3.32
Prospective operational challenge,2026-09-02 23:50:16,94,4.22,4.280730891441408,3.38
Prospective operational challenge,2026-09-02 23:51:16,94,4.23,4.287910007693643,3.41
Prospective operational challenge,2026-09-02 23:52:16,94,4.24,4.291637287873072,3.44
Prospective operational challenge,2026-09-02 23:53:16,94,4.25,4.290992412387506,3.49
Prospective operational challenge,2026-09-02 23:54:16,94,4.26,4.295022907787187,3.52
Prospective operational challenge,2026-09-02 23:55:16,94,4.27,4.30031500520609,3.56
Prospective operational challenge,2026-09-02 23:56:16,94,4.28,4.308974302922925,3.61
Prospective operational challenge,2026-09-02 23:57:16,94,4.29,4.317682530697109,3.64
Prospective operational challenge,2026-09-02 23:58:16,94,4.3,4.3327912444865975,3.71
Prospective operational challenge,2026-09-02 23:59:16,94,4.32,4.347828830219746,3.75
Prospective operational challenge,2026-09-03 00:00:16,94,4.34,4.364823523787295,3.8
Prospective operational challenge,2026-09-03 00:01:16,94,4.35,4.382405566962174,3.84
Prospective operational challenge,2026-09-03 00:02:16,94,4.37,4.400876474692376,3.88
Prospective operational challenge,2026-09-03 00:03:16,94,4.39,4.420027396868248,3.92
Prospective operational challenge,2026-09-03 00:04:16,94,4.41,4.439629552410832,3.96
Prospective operational challenge,2026-09-03 00:05:16,94,4.43,4.4614588756989395,4.01
Prospective operational challenge,2026-09-03 00:06:16,94,4.45,4.482094324479639,4.04
Prospective operational challenge,2026-09-03 00:07:16,94,4.47,4.507017576529169,4.11
Prospective operational challenge,2026-09-03 00:08:16,94,4.5,4.53189180406178,4.15
Prospective operational challenge,2026-09-03 00:09:16,94,4.52,4.556830925319099,4.19
Prospective operational challenge,2026-09-03 00:10:16,94,4.55,4.581878675082117,4.23
Prospective operational challenge,2026-09-03 00:11:16,94,4.57,4.610214656942402,4.29
Prospective operational challenge,2026-09-03 00:12:16,94,4.6,4.637491085804065,4.33
Prospective operational challenge,2026-09-03 00:13:16,94,4.63,4.666697701522628,4.38
Prospective operational challenge,2026-09-03 00:14:16,94,4.65,4.698372167971513,4.44
Prospective operational challenge,2026-09-03 00:15:16,94,4.68,4.732437500601028,4.5
Prospective operational challenge,2026-09-03 00:16:16,94,4.71,4.766855167427287,4.55
Prospective operational challenge,2026-09-03 00:17:16,94,4.74,4.799408107878774,4.58
Prospective operational challenge,2026-09-03 00:18:16,94,4.77,4.824448489795318,4.56
Prospective operational challenge,2026-09-03 00:19:16,94,4.79,4.841148280584789,4.52
Prospective operational challenge,2026-09-03 00:20:16,94,4.81,4.849824297645544,4.47
Prospective operational challenge,2026-09-03 00:21:16,94,4.82,4.847833656663733,4.39
Prospective operational challenge,2026-09-03 00:22:16,94,4.83,4.836175739891779,4.29
Prospective operational challenge,2026-09-03 00:23:16,94,4.83,4.816619302781158,4.17
Prospective operational challenge,2026-09-03 00:24:16,94,4.81,4.7897958075584715,3.99
Prospective operational challenge,2026-09-03 00:25:16,94,4.78,4.761324937431979,3.83
Prospective operational challenge,2026-09-03 00:26:16,94,4.75,4.728664407530067,3.64
Prospective operational challenge,2026-09-03 00:27:16,94,4.71,4.695663634256393,3.49
Prospective operational challenge,2026-09-03 00:28:16,94,4.67,4.655572536726446,3.27
Prospective operational challenge,2026-09-03 00:29:16,94,4.63,4.611434602291177,3.08
Prospective operational challenge,2026-09-03 00:30:16,94,4.58,4.617415026597926,2.84
Prospective operational challenge,2026-09-03 00:31:16,94,4.53,4.604746959182549,2.67
Prospective operational challenge,2026-09-03 00:32:16,94,4.49,4.587541620773516,2.55
Prospective operational challenge,2026-09-03 00:33:16,94,4.44,4.567623403509135,2.51
Prospective operational challenge,2026-09-03 00:34:16,94,4.41,4.544856663446638,2.5
Prospective operational challenge,2026-09-03 00:35:16,94,4.37,4.520613709221489,2.55
Prospective operational challenge,2026-09-03 00:36:16,94,4.34,4.494772121230743,2.62
Prospective operational challenge,2026-09-03 00:37:16,94,4.31,4.466074359216698,2.68
Prospective operational challenge,2026-09-03 00:38:16,94,4.29,4.434093749300884,2.74
Prospective operational challenge,2026-09-03 00:39:16,94,4.27,4.390762405135318,2.84
Prospective operational challenge,2026-09-03 00:40:16,94,4.25,4.29901590273751,2.93
Prospective operational challenge,2026-09-03 00:41:16,94,4.24,4.250268908035255,3.01
Prospective operational challenge,2026-09-03 00:42:16,94,4.23,4.240173919311371,3.07
Prospective operational challenge,2026-09-03 00:43:16,94,4.22,4.242560156973064,3.13
Prospective operational challenge,2026-09-03 00:44:16,94,4.22,4.248972639353781,3.18
Prospective operational challenge,2026-09-03 00:45:16,94,4.22,4.259893865937961,3.23
Prospective operational challenge,2026-09-03 00:46:16,94,4.22,4.271825621003845,3.29
Prospective operational challenge,2026-09-03 00:47:16,94,4.22,4.280438822450436,3.35
Prospective operational challenge,2026-09-03 00:48:16,94,4.23,4.284592398670052,3.38
Prospective operational challenge,2026-09-03 00:49:16,94,4.23,4.292749738230991,3.42
Prospective operational challenge,2026-09-03 00:50:16,94,4.24,4.293585516507875,3.46
Prospective operational challenge,2026-09-03 00:51:16,94,4.25,4.294143867027164,3.49
Prospective operational challenge,2026-09-03 00:52:16,94,4.26,4.29846756493266,3.53
Prospective operational challenge,2026-09-03 00:53:16,94,4.27,4.303743320845923,3.57
Prospective operational challenge,2026-09-03 00:54:16,94,4.28,4.312544780215868,3.62
Prospective operational challenge,2026-09-03 00:55:16,94,4.29,4.322955736201977,3.66
Prospective operational challenge,2026-09-03 00:56:16,94,4.3,4.3365403448267354,3.71
Prospective operational challenge,2026-09-03 00:57:16,94,4.32,4.350811768986217,3.75
Prospective operational challenge,2026-09-03 00:58:16,94,4.34,4.368469474276805,3.81
Prospective operational challenge,2026-09-03 00:59:16,94,4.36,4.38488692541103,3.84
Prospective operational challenge,2026-09-03 01:00:16,94,4.37,4.402169815127175,3.88
Prospective operational challenge,2026-09-03 01:01:16,94,4.39,4.420453220610584,3.92
Prospective operational challenge,2026-09-03 01:02:16,94,4.41,4.4413262352102665,3.97
Prospective operational challenge,2026-09-03 01:03:16,94,4.43,4.4595372846629235,3.99
Prospective operational challenge,2026-09-03 01:04:16,94,4.45,4.4801951203617545,4.04
Prospective operational challenge,2026-09-03 01:05:16,94,4.48,4.501380512759997,4.08
Prospective operational challenge,2026-09-03 01:06:16,94,4.5,4.524181541646467,4.13
Prospective operational challenge,2026-09-03 01:07:16,94,4.52,4.549560844500789,4.19
Prospective operational challenge,2026-09-03 01:08:16,94,4.55,4.576314628560688,4.24
Prospective operational challenge,2026-09-03 01:09:16,94,4.57,4.6033187304815435,4.28
Prospective operational challenge,2026-09-03 01:10:16,94,4.6,4.633220379717435,4.34
Prospective operational challenge,2026-09-03 01:11:16,94,4.63,4.6630142505837595,4.38
Prospective operational challenge,2026-09-03 01:12:16,94,4.65,4.696437824893525,4.45
Prospective operational challenge,2026-09-03 01:13:16,94,4.68,4.731937431636537,4.51
Prospective operational challenge,2026-09-03 01:14:16,94,4.71,4.766506422694211,4.55
Prospective operational challenge,2026-09-03 01:15:16,94,4.74,4.796751621386818,4.56
Prospective operational challenge,2026-09-03 01:16:16,94,4.76,4.820330619293227,4.54
Prospective operational challenge,2026-09-03 01:17:16,94,4.78,4.833798664808393,4.48
Prospective operational challenge,2026-09-03 01:18:16,94,4.8,4.839212520613248,4.43
Prospective operational challenge,2026-09-03 01:19:16,94,4.81,4.833925618470705,4.34
Prospective operational challenge,2026-09-03 01:20:16,94,4.81,4.818742753918631,4.24
Prospective operational challenge,2026-09-03 01:21:16,94,4.8,4.797002694924337,4.11
Prospective operational challenge,2026-09-03 01:22:16,94,4.78,4.76911539602237,3.92
Prospective operational challenge,2026-09-03 01:23:16,94,4.76,4.739356853035289,3.75
Prospective operational challenge,2026-09-03 01:24:16,94,4.73,4.708698204804038,3.6
Prospective operational challenge,2026-09-03 01:25:16,94,4.7,4.673788120238471,3.42
Prospective operational challenge,2026-09-03 01:26:16,94,4.66,4.634893069786046,3.23
Prospective operational challenge,2026-09-03 01:27:16,94,4.61,4.594098626296596,3.05
Prospective operational challenge,2026-09-03 01:28:16,94,4.56,4.607726402944923,2.83
Prospective operational challenge,2026-09-03 01:29:16,94,4.51,4.592992504729878,2.66
Prospective operational challenge,2026-09-03 01:30:16,94,4.47,4.575121131891561,2.58
Prospective operational challenge,2026-09-03 01:31:16,94,4.43,4.553725378030545,2.53
Prospective operational challenge,2026-09-03 01:32:16,94,4.39,4.5308639894787355,2.55
Prospective operational challenge,2026-09-03 01:33:16,94,4.36,4.506364294141857,2.6
Prospective operational challenge,2026-09-03 01:34:16,94,4.33,4.479415923367403,2.65
Prospective operational challenge,2026-09-03 01:35:16,94,4.31,4.450739887054498,2.73
Prospective operational challenge,2026-09-03 01:36:16,94,4.29,4.420904359517727,2.82
Prospective operational challenge,2026-09-03 01:37:16,94,4.27,4.345319700657259,2.9
Prospective operational challenge,2026-09-03 01:38:16,94,4.25,4.261326912077045,2.98
Prospective operational challenge,2026-09-03 01:39:16,94,4.24,4.246157366324366,3.04
Prospective operational challenge,2026-09-03 01:40:16,94,4.24,4.245048599889683,3.11
Prospective operational challenge,2026-09-03 01:41:16,94,4.23,4.247052654130458,3.17
Prospective operational challenge,2026-09-03 01:42:16,94,4.23,4.255138676715918,3.22
Prospective operational challenge,2026-09-03 01:43:16,94,4.23,4.263878265067399,3.25
Prospective operational challenge,2026-09-03 01:44:16,94,4.23,4.274311230133359,3.32
Prospective operational challenge,2026-09-03 01:45:16,94,4.24,4.280111520039789,3.36
Prospective operational challenge,2026-09-03 01:46:16,94,4.24,4.286291537418311,3.42
Prospective operational challenge,2026-09-03 01:47:16,94,4.25,4.291098301565668,3.46
Prospective operational challenge,2026-09-03 01:48:16,94,4.26,4.295178388239691,3.49
Prospective operational challenge,2026-09-03 01:49:16,94,4.27,4.299994126046215,3.53
Prospective operational challenge,2026-09-03 01:50:16,94,4.28,4.305001144482338,3.56
Prospective operational challenge,2026-09-03 01:51:16,94,4.29,4.312076638586094,3.6
Prospective operational challenge,2026-09-03 01:52:16,94,4.3,4.322252862540325,3.65
Prospective operational challenge,2026-09-03 01:53:16,94,4.32,4.331070946794619,3.67
Prospective operational challenge,2026-09-03 01:54:16,94,4.33,4.345893542546056,3.74
Prospective operational challenge,2026-09-03 01:55:16,94,4.34,4.362354728461272,3.79
Prospective operational challenge,2026-09-03 01:56:16,94,4.36,4.380699438205722,3.84
Prospective operational challenge,2026-09-03 01:57:16,94,4.38,4.398082927364101,3.87
Prospective operational challenge,2026-09-03 01:58:16,94,4.4,4.416167212073586,3.91
Prospective operational challenge,2026-09-03 01:59:16,94,4.42,4.4378868678007235,3.97
Prospective operational challenge,2026-09-03 02:00:16,94,4.44,4.456850193270233,3.99
Prospective operational challenge,2026-09-03 02:01:16,94,4.46,4.477144926381321,4.03
Prospective operational challenge,2026-09-03 02:02:16,94,4.48,4.49964425140066,4.08
Prospective operational challenge,2026-09-03 02:03:16,94,4.5,4.524932684148476,4.14
Prospective operational challenge,2026-09-03 02:04:16,94,4.53,4.549797654643211,4.18
Prospective operational challenge,2026-09-03 02:05:16,94,4.55,4.576177756643508,4.23
Prospective operational challenge,2026-09-03 02:06:16,94,4.58,4.6027169285599765,4.27
Prospective operational challenge,2026-09-03 02:07:16,94,4.6,4.631020888625973,4.32
Prospective operational challenge,2026-09-03 02:08:16,94,4.63,4.658292216670846,4.36
Prospective operational challenge,2026-09-03 02:09:16,94,4.65,4.68880927000641,4.42
Prospective operational challenge,2026-09-03 02:10:16,94,4.68,4.724224996651109,4.5
Prospective operational challenge,2026-09-03 02:11:16,94,4.71,4.756185392218905,4.52
Prospective operational challenge,2026-09-03 02:12:16,94,4.74,4.7855617517850675,4.54
Prospective operational challenge,2026-09-03 02:13:16,94,4.77,4.808094893330528,4.52
Prospective operational challenge,2026-09-03 02:14:16,94,4.78,4.820989191416468,4.46
Prospective operational challenge,2026-09-03 02:15:16,94,4.8,4.823525997633015,4.39
Prospective operational challenge,2026-09-03 02:16:16,94,4.81,4.818001529671489,4.32
Prospective operational challenge,2026-09-03 02:17:16,94,4.81,4.801660685248673,4.21
Prospective operational challenge,2026-09-03 02:18:16,94,4.8,4.774860899378099,4.02
Prospective operational challenge,2026-09-03 02:19:16,94,4.78,4.746710813951913,3.86
Prospective operational challenge,2026-09-03 02:20:16,94,4.75,4.717757349881412,3.71
Prospective operational challenge,2026-09-03 02:21:16,94,4.72,4.684482643854238,3.53
Prospective operational challenge,2026-09-03 02:22:16,94,4.69,4.645555193769244,3.32
Prospective operational challenge,2026-09-03 02:23:16,94,4.65,4.601242414669587,3.13
Prospective operational challenge,2026-09-03 02:24:16,94,4.6,4.591137507690835,2.92
Prospective operational challenge,2026-09-03 02:25:16,94,4.55,4.592520206879017,2.7
Prospective operational challenge,2026-09-03 02:26:16,94,4.51,4.577895787305802,2.58
Prospective operational challenge,2026-09-03 02:27:16,94,4.46,4.559227742452651,2.5
Prospective operational challenge,2026-09-03 02:28:16,94,4.42,4.536995171259479,2.47
Prospective operational challenge,2026-09-03 02:29:16,94,4.39,4.513837651955178,2.52
Prospective operational challenge,2026-09-03 02:30:16,94,4.35,4.4891906941484025,2.58
Prospective operational challenge,2026-09-03 02:31:16,94,4.32,4.461826512346049,2.65
Prospective operational challenge,2026-09-03 02:32:16,94,4.3,4.430710301956883,2.71
Prospective operational challenge,2026-09-03 02:33:16,94,4.28,4.400168405754364,2.8
Prospective operational challenge,2026-09-03 02:34:16,94,4.26,4.322742446492528,2.88
Prospective operational challenge,2026-09-03 02:35:16,94,4.25,4.23619254288818,2.95
Prospective operational challenge,2026-09-03 02:36:16,94,4.24,4.223653648935014,3.04
Prospective operational challenge,2026-09-03 02:37:16,94,4.23,4.225720471560169,3.11
Prospective operational challenge,2026-09-03 02:38:16,94,4.22,4.229725699024829,3.15
Prospective operational challenge,2026-09-03 02:39:16,94,4.22,4.239855873938602,3.2
Prospective operational challenge,2026-09-03 02:40:16,94,4.22,4.25158189606065,3.25
Prospective operational challenge,2026-09-03 02:41:16,94,4.22,4.261079805841474,3.31
Prospective operational challenge,2026-09-03 02:42:16,94,4.23,4.267604600651126,3.36
Prospective operational challenge,2026-09-03 02:43:16,94,4.23,4.282247345380954,3.4
Prospective operational challenge,2026-09-03 02:44:16,94,4.24,4.28744772255722,3.44
Prospective operational challenge,2026-09-03 02:45:16,94,4.25,4.2852951778721335,3.48
Prospective operational challenge,2026-09-03 02:46:16,94,4.26,4.288084474519751,3.53
Prospective operational challenge,2026-09-03 02:47:16,94,4.27,4.294512637189117,3.56
Prospective operational challenge,2026-09-03 02:48:16,94,4.28,4.302852189260918,3.6
Prospective operational challenge,2026-09-03 02:49:16,94,4.29,4.311374709520143,3.63
Prospective operational challenge,2026-09-03 02:50:16,94,4.3,4.321483300422131,3.67
Prospective operational challenge,2026-09-03 02:51:16,94,4.32,4.337653550861216,3.74
Prospective operational challenge,2026-09-03 02:52:16,94,4.33,4.355373127170267,3.79
Prospective operational challenge,2026-09-03 02:53:16,94,4.35,4.371577855352465,3.82
Prospective operational challenge,2026-09-03 02:54:16,94,4.37,4.391397551285156,3.88
Prospective operational challenge,2026-09-03 02:55:16,94,4.39,4.411552106394108,3.92
Prospective operational challenge,2026-09-03 02:56:16,94,4.41,4.433541916491938,3.97
Prospective operational challenge,2026-09-03 02:57:16,94,4.43,4.455721779244954,4.01
Prospective operational challenge,2026-09-03 02:58:16,94,4.45,4.479774397436207,4.06
Prospective operational challenge,2026-09-03 02:59:16,94,4.47,4.501225032307493,4.08
Prospective operational challenge,2026-09-03 03:00:16,94,4.49,4.526108516877981,4.14
Prospective operational challenge,2026-09-03 03:01:16,94,4.52,4.55110233022643,4.18
Prospective operational challenge,2026-09-03 03:02:16,94,4.54,4.578679801738232,4.24
Prospective operational challenge,2026-09-03 03:03:16,94,4.57,4.605715642074665,4.28
Prospective operational challenge,2026-09-03 03:04:16,94,4.59,4.6315189739394915,4.31
Prospective operational challenge,2026-09-03 03:05:16,94,4.62,4.658640583565642,4.36
Prospective operational challenge,2026-09-03 03:06:16,94,4.65,4.688966450731177,4.42
Prospective operational challenge,2026-09-03 03:07:16,94,4.68,4.721395932524448,4.48
Prospective operational challenge,2026-09-03 03:08:16,94,4.71,4.753997708573714,4.53
Prospective operational challenge,2026-09-03 03:09:16,94,4.74,4.790601547692041,4.6
Prospective operational challenge,2026-09-03 03:10:16,94,4.78,4.827467228738884,4.65
Prospective operational challenge,2026-09-03 03:11:16,94,4.81,4.8636381596471105,4.69
Prospective operational challenge,2026-09-03 03:12:16,94,4.84,4.892856866190656,4.68
Prospective operational challenge,2026-09-03 03:13:16,94,4.87,4.9136298481055265,4.64
Prospective operational challenge,2026-09-03 03:14:16,94,4.89,4.924071975749793,4.58
Prospective operational challenge,2026-09-03 03:15:16,94,4.89,4.925783488701745,4.51
Prospective operational challenge,2026-09-03 03:16:16,94,4.9,4.914926400165712,4.39
Prospective operational challenge,2026-09-03 03:17:16,94,4.9,4.894116956856754,4.25
Prospective operational challenge,2026-09-03 03:18:16,94,4.88,4.869107652138797,4.1
Prospective operational challenge,2026-09-03 03:19:16,94,4.85,4.839023318094193,3.91
Prospective operational challenge,2026-09-03 03:20:16,94,4.82,4.8093845498420915,3.77
Prospective operational challenge,2026-09-03 03:21:16,94,4.78,4.774917669579773,3.58
Prospective operational challenge,2026-09-03 03:22:16,94,4.73,4.739569387068177,3.42
Prospective operational challenge,2026-09-03 03:23:16,94,4.68,4.68684658905737,3.22
Prospective operational challenge,2026-09-03 03:24:16,94,4.63,4.662675990862972,3.0
Prospective operational challenge,2026-09-03 03:25:16,94,4.58,4.661848147189982,2.79
Prospective operational challenge,2026-09-03 03:26:16,94,4.53,4.644936861422896,2.65
Prospective operational challenge,2026-09-03 03:27:16,94,4.48,4.624479941229822,2.58
Prospective operational challenge,2026-09-03 03:28:16,94,4.43,4.600818480118654,2.55
Prospective operational challenge,2026-09-03 03:29:16,94,4.39,4.575012692305004,2.57
Prospective operational challenge,2026-09-03 03:30:16,94,4.35,4.547502664926304,2.63
Prospective operational challenge,2026-09-03 03:31:16,94,4.32,4.517947021095955,2.69
Prospective operational challenge,2026-09-03 03:32:16,94,4.29,4.487993796934749,2.78
Prospective operational challenge,2026-09-03 03:33:16,94,4.26,4.446901616880116,2.85
Prospective operational challenge,2026-09-03 03:34:16,94,4.24,4.358001653629452,2.94
Prospective operational challenge,2026-09-03 03:35:16,94,4.23,4.303950659602451,3.01
Prospective operational challenge,2026-09-03 03:36:16,94,4.22,4.289394534298471,3.08
Prospective operational challenge,2026-09-03 03:37:16,94,4.21,4.290302290767826,3.14
Prospective operational challenge,2026-09-03 03:38:16,94,4.21,4.291893367767809,3.2
Prospective operational challenge,2026-09-03 03:39:16,94,4.2,4.297121043759854,3.23
Prospective operational challenge,2026-09-03 03:40:16,94,4.2,4.307642800821776,3.3
Prospective operational challenge,2026-09-03 03:41:16,94,4.21,4.31544081617778,3.35
Prospective operational challenge,2026-09-03 03:42:16,94,4.21,4.320614461295687,3.4
Prospective operational challenge,2026-09-03 03:43:16,94,4.22,4.320750766455445,3.42
Prospective operational challenge,2026-09-03 03:44:16,94,4.23,4.321469037027035,3.46
Prospective operational challenge,2026-09-03 03:45:16,94,4.24,4.324591492578651,3.51
Prospective operational challenge,2026-09-03 03:46:16,94,4.25,4.326979241593466,3.54
Prospective operational challenge,2026-09-03 03:47:16,94,4.26,4.331483262818422,3.58
Prospective operational challenge,2026-09-03 03:48:16,94,4.27,4.337806575364896,3.62
Prospective operational challenge,2026-09-03 03:49:16,94,4.29,4.346378970277171,3.66
Prospective operational challenge,2026-09-03 03:50:16,94,4.3,4.35921810397413,3.72
Prospective operational challenge,2026-09-03 03:51:16,94,4.32,4.375106864894102,3.78
Prospective operational challenge,2026-09-03 03:52:16,94,4.34,4.3901444506272504,3.81
Prospective operational challenge,2026-09-03 03:53:16,94,4.35,4.409172858740608,3.87
Prospective operational challenge,2026-09-03 03:54:16,94,4.37,4.4267230690403405,3.9
Prospective operational challenge,2026-09-03 03:55:16,94,4.39,4.445552261920206,3.94
Prospective operational challenge,2026-09-03 03:56:16,94,4.42,4.464978439283559,3.98
Prospective operational challenge,2026-09-03 03:57:16,94,4.44,4.485468798164474,4.02
Prospective operational challenge,2026-09-03 03:58:16,94,4.46,4.508353140391835,4.08
Prospective operational challenge,2026-09-03 03:59:16,94,4.48,4.5311738168689,4.12
Prospective operational challenge,2026-09-03 04:00:16,94,4.5,4.554719753925749,4.16
Prospective operational challenge,2026-09-03 04:01:16,94,4.53,4.578527910749395,4.2
Prospective operational challenge,2026-09-03 04:02:16,94,4.56,4.605305215242267,4.26
Prospective operational challenge,2026-09-03 04:03:16,94,4.58,4.631471744154405,4.3
Prospective operational challenge,2026-09-03 04:04:16,94,4.61,4.658792569014049,4.35
Prospective operational challenge,2026-09-03 04:05:16,94,4.64,4.685201292264109,4.38
Prospective operational challenge,2026-09-03 04:06:16,94,4.66,4.71527287426674,4.44
Prospective operational challenge,2026-09-03 04:07:16,94,4.69,4.744503766094837,4.48
Prospective operational challenge,2026-09-03 04:08:16,94,4.72,4.775421139088792,4.53
Prospective operational challenge,2026-09-03 04:09:16,94,4.75,4.7994431523793075,4.52
Prospective operational challenge,2026-09-03 04:10:16,94,4.77,4.816458721511864,4.49
Prospective operational challenge,2026-09-03 04:11:16,94,4.79,4.8238922173865735,4.43
Prospective operational challenge,2026-09-03 04:12:16,94,4.8,4.821556137756643,4.35
Prospective operational challenge,2026-09-03 04:13:16,94,4.8,4.811612189885464,4.27
Prospective operational challenge,2026-09-03 04:14:16,94,4.8,4.7940532893052765,4.17
Prospective operational challenge,2026-09-03 04:15:16,94,4.79,4.7684095941140425,4.0
Prospective operational challenge,2026-09-03 04:16:16,94,4.77,4.73985049874901,3.83
Prospective operational challenge,2026-09-03 04:17:16,94,4.74,4.708297035009516,3.65
Prospective operational challenge,2026-09-03 04:18:16,94,4.71,4.6751317131646015,3.49
Prospective operational challenge,2026-09-03 04:19:16,94,4.67,4.637131383760849,3.3
Prospective operational challenge,2026-09-03 04:20:16,94,4.63,4.595851606999854,3.11
Prospective operational challenge,2026-09-03 04:21:16,94,4.59,4.590096185389256,2.88
Prospective operational challenge,2026-09-03 04:22:16,94,4.54,4.589434212721488,2.69
Prospective operational challenge,2026-09-03 04:23:16,94,4.5,4.57386491406784,2.59
Prospective operational challenge,2026-09-03 04:24:16,94,4.46,4.555025802933107,2.54
Prospective operational challenge,2026-09-03 04:25:16,94,4.42,4.533215371559034,2.53
Prospective operational challenge,2026-09-03 04:26:16,94,4.38,4.509501390926849,2.56
Prospective operational challenge,2026-09-03 04:27:16,94,4.36,4.485030600218444,2.63
Prospective operational challenge,2026-09-03 04:28:16,94,4.33,4.458349455568007,2.7
Prospective operational challenge,2026-09-03 04:29:16,94,4.31,4.428440721864353,2.77
Prospective operational challenge,2026-09-03 04:30:16,94,4.29,4.381974831322189,2.86
Prospective operational challenge,2026-09-03 04:31:16,94,4.27,4.291804764690987,2.94
Prospective operational challenge,2026-09-03 04:32:16,94,4.26,4.244845228435103,3.02
Prospective operational challenge,2026-09-03 04:33:16,94,4.25,4.240029585088148,3.09
Prospective operational challenge,2026-09-03 04:34:16,94,4.25,4.240548168128394,3.15
Prospective operational challenge,2026-09-03 04:35:16,94,4.24,4.248758499508201,3.21
Prospective operational challenge,2026-09-03 04:36:16,94,4.24,4.261546530577696,3.26
Prospective operational challenge,2026-09-03 04:37:16,94,4.24,4.274235945855931,3.31
Prospective operational challenge,2026-09-03 04:38:16,94,4.25,4.284714345975145,3.37
Prospective operational challenge,2026-09-03 04:39:16,94,4.25,4.291536877349978,3.41
Prospective operational challenge,2026-09-03 04:40:16,94,4.26,4.3048662562161315,3.45
Prospective operational challenge,2026-09-03 04:41:16,94,4.27,4.305673129864544,3.48
Prospective operational challenge,2026-09-03 04:42:16,94,4.28,4.303427636962407,3.51
Prospective operational challenge,2026-09-03 04:43:16,94,4.29,4.309688322813857,3.56
Prospective operational challenge,2026-09-03 04:44:16,94,4.3,4.315409361140913,3.59
Prospective operational challenge,2026-09-03 04:45:16,94,4.31,4.324536894947091,3.64
Prospective operational challenge,2026-09-03 04:46:16,94,4.32,4.333602085436956,3.67
Prospective operational challenge,2026-09-03 04:47:16,94,4.33,4.348755573062706,3.74
Prospective operational challenge,2026-09-03 04:48:16,94,4.35,4.363739505759997,3.78
Prospective operational challenge,2026-09-03 04:49:16,94,4.36,4.38107085323564,3.83
Prospective operational challenge,2026-09-03 04:50:16,94,4.38,4.3977434396689015,3.86
Prospective operational challenge,2026-09-03 04:51:16,94,4.4,4.415630870634148,3.9
Prospective operational challenge,2026-09-03 04:52:16,94,4.42,4.433982664846362,3.94
Prospective operational challenge,2026-09-03 04:53:16,94,4.44,4.453393917597628,3.98
Prospective operational challenge,2026-09-03 04:54:16,94,4.46,4.472065740833586,4.01
Prospective operational challenge,2026-09-03 04:55:16,94,4.48,4.494387670780142,4.07
Prospective operational challenge,2026-09-03 04:56:16,94,4.5,4.516676350957996,4.11
Prospective operational challenge,2026-09-03 04:57:16,94,4.52,4.539154517033618,4.15
Prospective operational challenge,2026-09-03 04:58:16,94,4.55,4.562408668478203,4.19
Prospective operational challenge,2026-09-03 04:59:16,94,4.57,4.589976221735137,4.26
Prospective operational challenge,2026-09-03 05:00:16,94,4.6,4.617134292755374,4.3
Prospective operational challenge,2026-09-03 05:01:16,94,4.62,4.642757962517732,4.33
Prospective operational challenge,2026-09-03 05:02:16,94,4.65,4.672284985098319,4.39
Prospective operational challenge,2026-09-03 05:03:16,94,4.68,4.7031121492027586,4.44
Prospective operational challenge,2026-09-03 05:04:16,94,4.7,4.733666891906821,4.48
Prospective operational challenge,2026-09-03 05:05:16,94,4.73,4.766435766935722,4.54
Prospective operational challenge,2026-09-03 05:06:16,94,4.76,4.800106636400198,4.59
Prospective operational challenge,2026-09-03 05:07:16,94,4.79,4.835709959751259,4.65
Prospective operational challenge,2026-09-03 05:08:16,94,4.83,4.870326652891871,4.69
Prospective operational challenge,2026-09-03 05:09:16,94,4.85,4.899288240485407,4.69
Prospective operational challenge,2026-09-03 05:10:16,94,4.88,4.923253200195539,4.68
Prospective operational challenge,2026-09-03 05:11:16,94,4.9,4.937928722396218,4.63
Prospective operational challenge,2026-09-03 05:12:17,94,4.91,4.942593135971325,4.56
Prospective operational challenge,2026-09-03 05:13:17,94,4.92,4.93716803947762,4.47
Prospective operational challenge,2026-09-03 05:14:17,94,4.92,4.922840695252598,4.35
Prospective operational challenge,2026-09-03 05:15:17,94,4.9,4.899955502889104,4.2
Prospective operational challenge,2026-09-03 05:16:17,94,4.88,4.870488273216435,4.0
Prospective operational challenge,2026-09-03 05:17:17,94,4.85,4.841914253239316,3.86
Prospective operational challenge,2026-09-03 05:18:17,94,4.81,4.807450017844962,3.66
Prospective operational challenge,2026-09-03 05:19:17,94,4.77,4.769873339613432,3.47
Prospective operational challenge,2026-09-03 05:20:17,94,4.73,4.72168752921757,3.26
Prospective operational challenge,2026-09-03 05:21:17,94,4.69,4.678016225058953,3.06
Prospective operational challenge,2026-09-03 05:22:17,94,4.64,4.680413703409497,2.85
Prospective operational challenge,2026-09-03 05:23:17,94,4.6,4.665902351941777,2.69
Prospective operational challenge,2026-09-03 05:24:17,94,4.55,4.647717656709198,2.6
Prospective operational challenge,2026-09-03 05:25:17,94,4.51,4.626709281545459,2.58
Prospective operational challenge,2026-09-03 05:26:17,94,4.48,4.6031588104292425,2.6
Prospective operational challenge,2026-09-03 05:27:17,94,4.44,4.577828721010979,2.66
Prospective operational challenge,2026-09-03 05:28:17,94,4.41,4.549751652832537,2.72
Prospective operational challenge,2026-09-03 05:29:17,94,4.39,4.520085869143365,2.81
Prospective operational challenge,2026-09-03 05:30:17,94,4.37,4.488115366401561,2.88
Prospective operational challenge,2026-09-03 05:31:17,94,4.35,4.397679962837746,2.96
Prospective operational challenge,2026-09-03 05:32:17,94,4.33,4.336738521004957,3.06
Prospective operational challenge,2026-09-03 05:33:17,94,4.32,4.319564354254081,3.11
Prospective operational challenge,2026-09-03 05:34:17,94,4.31,4.324582235540774,3.17
Prospective operational challenge,2026-09-03 05:35:17,94,4.31,4.3262502026308765,3.23
Prospective operational challenge,2026-09-03 05:36:17,94,4.31,4.336697336632362,3.3
Prospective operational challenge,2026-09-03 05:37:17,94,4.3,4.348404372380806,3.35
Prospective operational challenge,2026-09-03 05:38:17,94,4.31,4.357448215007812,3.39
Prospective operational challenge,2026-09-03 05:39:17,94,4.31,4.359815655215041,3.42
Prospective operational challenge,2026-09-03 05:40:17,94,4.32,4.360920265428635,3.46
Prospective operational challenge,2026-09-03 05:41:17,94,4.32,4.361468697693056,3.5
Prospective operational challenge,2026-09-03 05:42:17,94,4.33,4.362820508601791,3.54
Prospective operational challenge,2026-09-03 05:43:17,94,4.34,4.363857391303572,3.57
Prospective operational challenge,2026-09-03 05:44:17,94,4.34,4.366123665311147,3.6
Prospective operational challenge,2026-09-03 05:45:17,94,4.35,4.3732777497772855,3.66
Prospective operational challenge,2026-09-03 05:46:17,94,4.37,4.3829676014047,3.71
Prospective operational challenge,2026-09-03 05:47:17,94,4.38,4.395094226563849,3.76
Prospective operational challenge,2026-09-03 05:48:17,94,4.39,4.406812880839424,3.79
Prospective operational challenge,2026-09-03 05:49:17,94,4.41,4.421472439372743,3.84
Prospective operational challenge,2026-09-03 05:50:17,94,4.42,4.43562059379315,3.87
Prospective operational challenge,2026-09-03 05:51:17,94,4.44,4.45138806862502,3.91
Prospective operational challenge,2026-09-03 05:52:17,94,4.46,4.469396030001807,3.96
Prospective operational challenge,2026-09-03 05:53:17,94,4.48,4.486805401082412,3.99
Prospective operational challenge,2026-09-03 05:54:17,94,4.49,4.50356989667745,4.02
Prospective operational challenge,2026-09-03 05:55:17,94,4.52,4.521542908013274,4.06
Prospective operational challenge,2026-09-03 05:56:17,94,4.54,4.540479595883994,4.1
Prospective operational challenge,2026-09-03 05:57:17,94,4.56,4.562632632119081,4.16
Prospective operational challenge,2026-09-03 05:58:17,94,4.58,4.583434329743284,4.19
Prospective operational challenge,2026-09-03 05:59:17,94,4.6,4.6061095384822845,4.24
Prospective operational challenge,2026-09-03 06:00:17,94,4.63,4.631020321868552,4.29
Prospective operational challenge,2026-09-03 06:01:17,94,4.65,4.655365481348628,4.32
Prospective operational challenge,2026-09-03 06:02:17,94,4.68,4.684402731057872,4.39
Prospective operational challenge,2026-09-03 06:03:17,94,4.7,4.712967682916255,4.43
Prospective operational challenge,2026-09-03 06:04:17,94,4.73,4.7432068361963715,4.48
Prospective operational challenge,2026-09-03 06:05:17,94,4.76,4.776894897302619,4.55
Prospective operational challenge,2026-09-03 06:06:17,94,4.78,4.8074884628900225,4.57
Prospective operational challenge,2026-09-03 06:07:17,94,4.81,4.833543340590217,4.57
Prospective operational challenge,2026-09-03 06:08:17,94,4.83,4.8498383721215,4.52
Prospective operational challenge,2026-09-03 06:09:17,94,4.85,4.85829240919235,4.47
Prospective operational challenge,2026-09-03 06:10:17,94,4.86,4.8574201695213794,4.4
Prospective operational challenge,2026-09-03 06:11:17,94,4.86,4.8477507211611215,4.31
Prospective operational challenge,2026-09-03 06:12:17,94,4.86,4.8278199407739075,4.18
Prospective operational challenge,2026-09-03 06:13:17,94,4.85,4.8022695716380035,4.02
Prospective operational challenge,2026-09-03 06:14:17,94,4.82,4.77380880868552,3.85
Prospective operational challenge,2026-09-03 06:15:17,94,4.79,4.742741717272843,3.68
Prospective operational challenge,2026-09-03 06:16:17,94,4.76,4.709655741466874,3.52
Prospective operational challenge,2026-09-03 06:17:17,94,4.72,4.675171386184074,3.37
Prospective operational challenge,2026-09-03 06:18:17,94,4.67,4.629465611803086,3.16
Prospective operational challenge,2026-09-03 06:19:17,94,4.61,4.607977665401582,2.93
Prospective operational challenge,2026-09-03 06:20:17,94,4.56,4.616254401859218,2.73
Prospective operational challenge,2026-09-03 06:21:17,94,4.51,4.600873361128923,2.65
Prospective operational challenge,2026-09-03 06:22:17,94,4.47,4.582538569639341,2.62
Prospective operational challenge,2026-09-03 06:23:17,94,4.43,4.561988606769647,2.63
Prospective operational challenge,2026-09-03 06:24:17,94,4.4,4.539539061943788,2.67
Prospective operational challenge,2026-09-03 06:25:17,94,4.37,4.515171043247731,2.73
Prospective operational challenge,2026-09-03 06:26:17,94,4.34,4.488385237393543,2.8
Prospective operational challenge,2026-09-03 06:27:17,94,4.32,4.4605374225919086,2.89
Prospective operational challenge,2026-09-03 06:28:17,94,4.3,4.383493268912709,2.96
Prospective operational challenge,2026-09-03 06:29:17,94,4.29,4.306913195101766,3.05
Prospective operational challenge,2026-09-03 06:30:17,94,4.28,4.294401269355883,3.12
Prospective operational challenge,2026-09-03 06:31:17,94,4.27,4.29803456226299,3.17
Prospective operational challenge,2026-09-03 06:32:17,94,4.27,4.2963324952680555,3.22
Prospective operational challenge,2026-09-03 06:33:17,94,4.27,4.304905834776034,3.29
Prospective operational challenge,2026-09-03 06:34:17,94,4.27,4.314524558347109,3.32
Prospective operational challenge,2026-09-03 06:35:17,94,4.27,4.32516656244186,3.38
Prospective operational challenge,2026-09-03 06:36:17,94,4.27,4.330120777978256,3.41
Prospective operational challenge,2026-09-03 06:37:17,94,4.28,4.332905351647366,3.45
Prospective operational challenge,2026-09-03 06:38:17,94,4.29,4.3349072333180265,3.49
Prospective operational challenge,2026-09-03 06:39:17,94,4.3,4.3360894892983035,3.52
Prospective operational challenge,2026-09-03 06:40:17,94,4.31,4.33853863703373,3.56
Prospective operational challenge,2026-09-03 06:41:17,94,4.32,4.3440149306144695,3.61
Prospective operational challenge,2026-09-03 06:42:17,94,4.33,4.349929705519948,3.64
Prospective operational challenge,2026-09-03 06:43:17,94,4.34,4.361653460612312,3.71
Prospective operational challenge,2026-09-03 06:44:17,94,4.35,4.372907184883499,3.74
Prospective operational challenge,2026-09-03 06:45:17,94,4.37,4.386204258576654,3.78
Prospective operational challenge,2026-09-03 06:46:17,94,4.38,4.400472754489459,3.82
Prospective operational challenge,2026-09-03 06:47:17,94,4.4,4.417134666991291,3.87
Prospective operational challenge,2026-09-03 06:48:17,94,4.42,4.432088089247416,3.89
Prospective operational challenge,2026-09-03 06:49:17,94,4.43,4.448067531354753,3.93
Prospective operational challenge,2026-09-03 06:50:17,94,4.45,4.464219740015935,3.96
Prospective operational challenge,2026-09-03 06:51:17,94,4.47,4.481347716036996,4.0
Prospective operational challenge,2026-09-03 06:52:17,94,4.49,4.5029778240916105,4.07
Prospective operational challenge,2026-09-03 06:53:17,94,4.52,4.524794962095165,4.11
Prospective operational challenge,2026-09-03 06:54:17,94,4.54,4.5456858295536104,4.14
Prospective operational challenge,2026-09-03 06:55:17,94,4.56,4.568935541398398,4.19
Prospective operational challenge,2026-09-03 06:56:17,94,4.59,4.594346015910878,4.24
Prospective operational challenge,2026-09-03 06:57:17,94,4.61,4.6205816892283815,4.29
Prospective operational challenge,2026-09-03 06:58:17,94,4.64,4.647567088154344,4.33
Prospective operational challenge,2026-09-03 06:59:17,94,4.66,4.674973021086712,4.37
Prospective operational challenge,2026-09-03 07:00:17,94,4.69,4.7065825938108885,4.44
Prospective operational challenge,2026-09-03 07:01:17,94,4.71,4.738812293613246,4.49
Prospective operational challenge,2026-09-03 07:02:17,94,4.74,4.770904554741003,4.53
Prospective operational challenge,2026-09-03 07:03:17,94,4.77,4.79876993902269,4.54
Prospective operational challenge,2026-09-03 07:04:17,94,4.79,4.821424177737112,4.53
Prospective operational challenge,2026-09-03 07:05:17,94,4.82,4.833131213485555,4.47
Prospective operational challenge,2026-09-03 07:06:17,94,4.83,4.837332208409398,4.42
Prospective operational challenge,2026-09-03 07:07:17,94,4.84,4.833922312385749,4.35
Prospective operational challenge,2026-09-03 07:08:17,94,4.84,4.82145053195719,4.25
Prospective operational challenge,2026-09-03 07:09:17,94,4.84,4.798476453138164,4.1
Prospective operational challenge,2026-09-03 07:10:17,94,4.82,4.771540739946113,3.93
Prospective operational challenge,2026-09-03 07:11:17,94,4.81,4.743653252125006,3.78
Prospective operational challenge,2026-09-03 07:12:17,94,4.78,4.712172616714115,3.61
Prospective operational challenge,2026-09-03 07:13:17,94,4.74,4.676120515945165,3.42
Prospective operational challenge,2026-09-03 07:14:17,94,4.7,4.6355000669839725,3.21
Prospective operational challenge,2026-09-03 07:15:17,94,4.65,4.593561907018877,3.0
Prospective operational challenge,2026-09-03 07:16:17,94,4.61,4.609629102066904,2.8
Prospective operational challenge,2026-09-03 07:17:17,94,4.56,4.596263639644945,2.66
Prospective operational challenge,2026-09-03 07:18:17,94,4.51,4.579993734359329,2.6
Prospective operational challenge,2026-09-03 07:19:17,94,4.47,4.561358561436598,2.6
Prospective operational challenge,2026-09-03 07:20:17,94,4.44,4.540876137159577,2.63
Prospective operational challenge,2026-09-03 07:21:17,94,4.41,4.518250991992769,2.68
Prospective operational challenge,2026-09-03 07:22:17,94,4.38,4.492794987967467,2.74
Prospective operational challenge,2026-09-03 07:23:17,94,4.36,4.4644529606946906,2.81
Prospective operational challenge,2026-09-03 07:24:17,94,4.34,4.429383428374673,2.9
Prospective operational challenge,2026-09-03 07:25:17,94,4.32,4.341977248766713,2.99
Prospective operational challenge,2026-09-03 07:26:17,94,4.31,4.283175599577038,3.04
Prospective operational challenge,2026-09-03 07:27:17,94,4.3,4.272830481911338,3.11
Prospective operational challenge,2026-09-03 07:28:17,94,4.29,4.276579109953626,3.19
Prospective operational challenge,2026-09-03 07:29:17,94,4.29,4.281781659700005,3.24
Prospective operational challenge,2026-09-03 07:30:17,94,4.29,4.291238007269953,3.28
Prospective operational challenge,2026-09-03 07:31:17,94,4.29,4.303897478864444,3.34
Prospective operational challenge,2026-09-03 07:32:17,94,4.29,4.313091228829314,3.38
Prospective operational challenge,2026-09-03 07:33:17,94,4.29,4.317323584330454,3.42
Prospective operational challenge,2026-09-03 07:34:17,94,4.3,4.32039200900793,3.46
Prospective operational challenge,2026-09-03 07:35:17,94,4.31,4.323640851464437,3.5
Prospective operational challenge,2026-09-03 07:36:17,94,4.32,4.326133167223433,3.53
Prospective operational challenge,2026-09-03 07:37:17,94,4.32,4.3300947071368885,3.57
Prospective operational challenge,2026-09-03 07:38:17,94,4.33,4.336948693548591,3.62
Prospective operational challenge,2026-09-03 07:39:17,94,4.34,4.3440974882788,3.65
Prospective operational challenge,2026-09-03 07:40:17,94,4.36,4.356456295061433,3.71
Prospective operational challenge,2026-09-03 07:41:17,94,4.37,4.368593405232871,3.75
Prospective operational challenge,2026-09-03 07:42:17,94,4.38,4.383405799350729,3.8
Prospective operational challenge,2026-09-03 07:43:17,94,4.4,4.39835128700296,3.83
Prospective operational challenge,2026-09-03 07:44:17,94,4.42,4.414745028785072,3.87
Prospective operational challenge,2026-09-03 07:45:17,94,4.43,4.43157980230032,3.91
Prospective operational challenge,2026-09-03 07:46:17,94,4.45,4.4495469571427915,3.95
Prospective operational challenge,2026-09-03 07:47:17,94,4.47,4.465543118594049,3.97
Prospective operational challenge,2026-09-03 07:48:17,94,4.49,4.481677002098618,4.0
Prospective operational challenge,2026-09-03 07:49:17,94,4.51,4.502875146538833,4.07
Prospective operational challenge,2026-09-03 07:50:17,94,4.53,4.525392135497794,4.12
Prospective operational challenge,2026-09-03 07:51:17,94,4.55,4.5465483398888535,4.15
Prospective operational challenge,2026-09-03 07:52:17,94,4.58,4.5687805332437454,4.19
Prospective operational challenge,2026-09-03 07:53:17,94,4.6,4.592363970749952,4.23
Prospective operational challenge,2026-09-03 07:54:17,94,4.63,4.618537584129854,4.29
Prospective operational challenge,2026-09-03 07:55:17,94,4.65,4.6461498167634785,4.34
Prospective operational challenge,2026-09-03 07:56:17,94,4.68,4.679143222190679,4.42
Prospective operational challenge,2026-09-03 07:57:17,94,4.7,4.710366455272851,4.45
Prospective operational challenge,2026-09-03 07:58:17,94,4.73,4.745697357223535,4.52
Prospective operational challenge,2026-09-03 07:59:17,94,4.76,4.775079762202189,4.52
Prospective operational challenge,2026-09-03 08:00:17,94,4.78,4.8004944873953255,4.52
Prospective operational challenge,2026-09-03 08:01:17,94,4.8,4.814780741707324,4.46
Prospective operational challenge,2026-09-03 08:02:17,94,4.82,4.820331186050648,4.4
Prospective operational challenge,2026-09-03 08:03:17,94,4.83,4.817662703193281,4.34
Prospective operational challenge,2026-09-03 08:04:17,94,4.83,4.80753607051339,4.26
Prospective operational challenge,2026-09-03 08:05:17,94,4.83,4.788748817682682,4.14
Prospective operational challenge,2026-09-03 08:06:17,94,4.81,4.762294848298509,3.96
Prospective operational challenge,2026-09-03 08:07:17,94,4.79,4.734454590262487,3.8
Prospective operational challenge,2026-09-03 08:08:17,94,4.77,4.702310565290277,3.61
Prospective operational challenge,2026-09-03 08:09:17,94,4.73,4.666499241965696,3.42
Prospective operational challenge,2026-09-03 08:10:17,94,4.7,4.626520929162535,3.22
Prospective operational challenge,2026-09-03 08:11:17,94,4.65,4.585227361304295,3.02
Prospective operational challenge,2026-09-03 08:12:17,94,4.61,4.6010950577401175,2.85
Prospective operational challenge,2026-09-03 08:13:17,94,4.57,4.58856367332278,2.69
Prospective operational challenge,2026-09-03 08:14:17,94,4.52,4.572985967767386,2.62
Prospective operational challenge,2026-09-03 08:15:17,94,4.48,4.553800851227113,2.58
Prospective operational challenge,2026-09-03 08:16:17,94,4.44,4.532974121816814,2.6
Prospective operational challenge,2026-09-03 08:17:17,94,4.41,4.510778200936868,2.65
Prospective operational challenge,2026-09-03 08:18:17,94,4.38,4.485737346722473,2.7
Prospective operational challenge,2026-09-03 08:19:17,94,4.36,4.45918939006598,2.8
Prospective operational challenge,2026-09-03 08:20:17,94,4.34,4.428851526535032,2.86
Prospective operational challenge,2026-09-03 08:21:17,94,4.32,4.341672616652907,2.93
Prospective operational challenge,2026-09-03 08:22:17,94,4.31,4.2684363171664925,3.02
Prospective operational challenge,2026-09-03 08:23:17,94,4.29,4.253340638797688,3.08
Prospective operational challenge,2026-09-03 08:24:17,94,4.29,4.25370912558093,3.13
Prospective operational challenge,2026-09-03 08:25:17,94,4.28,4.256689608398577,3.2
Prospective operational challenge,2026-09-03 08:26:17,94,4.28,4.265914152183322,3.25
Prospective operational challenge,2026-09-03 08:27:17,94,4.28,4.278530361294674,3.31
Prospective operational challenge,2026-09-03 08:28:17,94,4.28,4.289793059225028,3.36
Prospective operational challenge,2026-09-03 08:29:17,94,4.28,4.2949313764636905,3.39
Prospective operational challenge,2026-09-03 08:30:17,94,4.29,4.296909359863098,3.42
Prospective operational challenge,2026-09-03 08:31:17,94,4.29,4.300418343975858,3.47
Prospective operational challenge,2026-09-03 08:32:17,94,4.3,4.304279473366221,3.51
Prospective operational challenge,2026-09-03 08:33:17,94,4.31,4.310089303689239,3.56
Prospective operational challenge,2026-09-03 08:34:17,94,4.32,4.316593789691303,3.59
Prospective operational challenge,2026-09-03 08:35:17,94,4.33,4.324923140129526,3.63
Prospective operational challenge,2026-09-03 08:36:17,94,4.34,4.3346662669545175,3.67
Prospective operational challenge,2026-09-03 08:37:17,94,4.35,4.349206711969849,3.73
Prospective operational challenge,2026-09-03 08:38:17,94,4.37,4.36485403422846,3.78
Prospective operational challenge,2026-09-03 08:39:17,94,4.38,4.379674646328923,3.81
Prospective operational challenge,2026-09-03 08:40:17,94,4.4,4.396120718712911,3.85
Prospective operational challenge,2026-09-03 08:41:17,94,4.42,4.414900131399295,3.9
Prospective operational challenge,2026-09-03 08:42:17,94,4.44,4.434339722021614,3.94
Prospective operational challenge,2026-09-03 08:43:17,94,4.45,4.453130564315988,3.97
Prospective operational challenge,2026-09-03 08:44:17,94,4.48,4.471391299502556,4.0
Prospective operational challenge,2026-09-03 08:45:17,94,4.5,4.490322508718207,4.04
Prospective operational challenge,2026-09-03 08:46:17,94,4.52,4.511285732207404,4.09
Prospective operational challenge,2026-09-03 08:47:17,94,4.54,4.533798942783559,4.14
Prospective operational challenge,2026-09-03 08:48:17,94,4.56,4.556986783609884,4.18
Prospective operational challenge,2026-09-03 08:49:17,94,4.59,4.581944418942957,4.23
Prospective operational challenge,2026-09-03 08:50:17,94,4.61,4.608455725286223,4.28
Prospective operational challenge,2026-09-03 08:51:17,94,4.64,4.63618914954838,4.33
Prospective operational challenge,2026-09-03 08:52:17,94,4.66,4.663012172473215,4.36
Prospective operational challenge,2026-09-03 08:53:17,94,4.69,4.694598130304849,4.43
Prospective operational challenge,2026-09-03 08:54:17,94,4.72,4.7266408946178355,4.48
Prospective operational challenge,2026-09-03 08:55:17,94,4.75,4.760769892997647,4.54
Prospective operational challenge,2026-09-03 08:56:17,94,4.78,4.79437284603117,4.58
Prospective operational challenge,2026-09-03 08:57:17,94,4.81,4.829401666276443,4.63
Prospective operational challenge,2026-09-03 08:58:17,94,4.84,4.863515173286746,4.67
Prospective operational challenge,2026-09-03 08:59:17,94,4.86,4.893095376605341,4.68
Prospective operational challenge,2026-09-03 09:00:17,94,4.89,4.914274251293242,4.65
Prospective operational challenge,2026-09-03 09:01:17,94,4.9,4.925832891056945,4.59
Prospective operational challenge,2026-09-03 09:02:17,94,4.92,4.927532596562625,4.51
Prospective operational challenge,2026-09-03 09:03:17,94,4.92,4.917656281743691,4.39
Prospective operational challenge,2026-09-03 09:04:17,94,4.92,4.899723699103902,4.28
Prospective operational challenge,2026-09-03 09:05:17,94,4.91,4.874991160926549,4.12
Prospective operational challenge,2026-09-03 09:06:17,94,4.89,4.84615964416114,3.94
Prospective operational challenge,2026-09-03 09:07:17,94,4.86,4.815740639859415,3.78
Prospective operational challenge,2026-09-03 09:08:17,94,4.83,4.779759100389384,3.57
Prospective operational challenge,2026-09-03 09:09:17,94,4.79,4.742625626461102,3.4
Prospective operational challenge,2026-09-03 09:10:17,94,4.74,4.6923947663710095,3.23
Prospective operational challenge,2026-09-03 09:11:17,94,4.7,4.662413298798324,3.05
Prospective operational challenge,2026-09-03 09:12:17,94,4.65,4.668654809357028,2.86
Prospective operational challenge,2026-09-03 09:13:17,94,4.61,4.653359726835589,2.73
Prospective operational challenge,2026-09-03 09:14:17,94,4.57,4.634395834608659,2.67
Prospective operational challenge,2026-09-03 09:15:17,94,4.53,4.61197377751772,2.65
Prospective operational challenge,2026-09-03 09:16:17,94,4.49,4.586917243014677,2.67
Prospective operational challenge,2026-09-03 09:17:17,94,4.46,4.559386906828392,2.71
Prospective operational challenge,2026-09-03 09:18:17,94,4.44,4.530763484496072,2.78
Prospective operational challenge,2026-09-03 09:19:17,94,4.42,4.500528298517902,2.86
Prospective operational challenge,2026-09-03 09:20:17,94,4.4,4.424155091165637,2.94
Prospective operational challenge,2026-09-03 09:21:17,94,4.38,4.34432258543452,3.03
Prospective operational challenge,2026-09-03 09:22:17,94,4.37,4.327938950826416,3.1
Prospective operational challenge,2026-09-03 09:23:17,94,4.36,4.327079652116559,3.16
Prospective operational challenge,2026-09-03 09:24:17,94,4.35,4.323852629820763,3.22
Prospective operational challenge,2026-09-03 09:25:17,94,4.35,4.328334358587158,3.28
Prospective operational challenge,2026-09-03 09:26:17,94,4.34,4.336007498391393,3.32
Prospective operational challenge,2026-09-03 09:27:17,94,4.34,4.345306192938724,3.37
Prospective operational challenge,2026-09-03 09:28:17,94,4.35,4.352974231926171,3.42
Prospective operational challenge,2026-09-03 09:29:17,94,4.35,4.356877962582682,3.46
Prospective operational challenge,2026-09-03 09:30:17,94,4.35,4.3595883854892055,3.5
Prospective operational challenge,2026-09-03 09:31:17,94,4.36,4.359626736074696,3.52
Prospective operational challenge,2026-09-03 09:32:17,94,4.37,4.362373620375306,3.57
Prospective operational challenge,2026-09-03 09:33:17,94,4.37,4.364922989714686,3.6
Prospective operational challenge,2026-09-03 09:34:17,94,4.38,4.369583624906987,3.64
Prospective operational challenge,2026-09-03 09:35:17,94,4.39,4.37894352925579,3.7
Prospective operational challenge,2026-09-03 09:36:17,94,4.4,4.392043843664275,3.76
Prospective operational challenge,2026-09-03 09:37:17,94,4.42,4.404655896554539,3.79
Prospective operational challenge,2026-09-03 09:38:17,94,4.43,4.4188687557805135,3.83
Prospective operational challenge,2026-09-03 09:39:17,94,4.45,4.433201956498888,3.86
Prospective operational challenge,2026-09-03 09:40:17,94,4.46,4.4488819617687785,3.9
Prospective operational challenge,2026-09-03 09:41:17,94,4.48,4.464865937935484,3.94
Prospective operational challenge,2026-09-03 09:42:17,94,4.5,4.483044776674712,3.99
Prospective operational challenge,2026-09-03 09:43:17,94,4.51,4.503259219151154,4.04
Prospective operational challenge,2026-09-03 09:44:17,94,4.53,4.522858729825773,4.07
Prospective operational challenge,2026-09-03 09:45:17,94,4.55,4.544854963174375,4.12
Prospective operational challenge,2026-09-03 09:46:17,94,4.57,4.565554266624511,4.15
Prospective operational challenge,2026-09-03 09:47:17,94,4.6,4.58847015834831,4.2
Prospective operational challenge,2026-09-03 09:48:17,94,4.62,4.6111808838856945,4.24
Prospective operational challenge,2026-09-03 09:49:17,94,4.64,4.63559707696254,4.29
Prospective operational challenge,2026-09-03 09:50:17,94,4.67,4.6631752096913335,4.35
Prospective operational challenge,2026-09-03 09:51:17,94,4.7,4.6914067192670075,4.39
Prospective operational challenge,2026-09-03 09:52:17,94,4.72,4.72228441924149,4.45
Prospective operational challenge,2026-09-03 09:53:17,94,4.75,4.7567597064055525,4.52
Prospective operational challenge,2026-09-03 09:54:17,94,4.77,4.790062939222918,4.56
Prospective operational challenge,2026-09-03 09:55:17,94,4.8,4.817763302635514,4.56
Prospective operational challenge,2026-09-03 09:56:17,94,4.82,4.839102002916146,4.54
Prospective operational challenge,2026-09-03 09:57:17,94,4.84,4.851793118466645,4.49
Prospective operational challenge,2026-09-03 09:58:17,94,4.86,4.857129045126108,4.44
Prospective operational challenge,2026-09-03 09:59:17,94,4.87,4.8525742046524,4.36
Prospective operational challenge,2026-09-03 10:00:17,94,4.87,4.8403626603396654,4.27
Prospective operational challenge,2026-09-03 10:01:17,94,4.86,4.817440534284236,4.12
Prospective operational challenge,2026-09-03 10:02:17,94,4.85,4.789527825757892,3.94
Prospective operational challenge,2026-09-03 10:03:17,94,4.82,4.759502528944646,3.77
Prospective operational challenge,2026-09-03 10:04:17,94,4.79,4.72559588839302,3.58
Prospective operational challenge,2026-09-03 10:05:17,94,4.75,4.688048303709102,3.39
Prospective operational challenge,2026-09-03 10:06:17,94,4.71,4.646804138206062,3.19
Prospective operational challenge,2026-09-03 10:07:17,94,4.67,4.60550953129255,3.0
Prospective operational challenge,2026-09-03 10:08:17,94,4.63,4.622322012349236,2.82
Prospective operational challenge,2026-09-03 10:09:17,94,4.58,4.608910831495313,2.69
Prospective operational challenge,2026-09-03 10:10:17,94,4.54,4.5926687917828986,2.64
Prospective operational challenge,2026-09-03 10:11:17,94,4.51,4.5736963037350815,2.63
Prospective operational challenge,2026-09-03 10:12:17,94,4.47,4.55228090228347,2.65
Prospective operational challenge,2026-09-03 10:13:17,94,4.44,4.528971303071193,2.71
Prospective operational challenge,2026-09-03 10:14:17,94,4.42,4.503331008424484,2.78
Prospective operational challenge,2026-09-03 10:15:17,94,4.39,4.474793072003171,2.86
Prospective operational challenge,2026-09-03 10:16:17,94,4.37,4.4206017110548945,2.94
Prospective operational challenge,2026-09-03 10:17:17,94,4.36,4.3289267145517085,3.03
Prospective operational challenge,2026-09-03 10:18:17,94,4.34,4.296202424439929,3.08
Prospective operational challenge,2026-09-03 10:19:17,94,4.33,4.298823110754789,3.17
Prospective operational challenge,2026-09-03 10:20:17,94,4.33,4.297326115486698,3.22
Prospective operational challenge,2026-09-03 10:21:17,94,4.32,4.302092545397592,3.26
Prospective operational challenge,2026-09-03 10:22:17,94,4.32,4.31300168115679,3.32
Prospective operational challenge,2026-09-03 10:23:17,94,4.32,4.326100956510004,3.38
Prospective operational challenge,2026-09-03 10:24:17,94,4.32,4.3352514439917345,3.42
Prospective operational challenge,2026-09-03 10:25:17,94,4.33,4.341569655721419,3.47
Prospective operational challenge,2026-09-03 10:26:17,94,4.33,4.343798712658345,3.49
Prospective operational challenge,2026-09-03 10:27:17,94,4.34,4.347724263475565,3.54
Prospective operational challenge,2026-09-03 10:28:17,94,4.35,4.352148088525444,3.58
Prospective operational challenge,2026-09-03 10:29:17,94,4.36,4.356438725581381,3.61
Prospective operational challenge,2026-09-03 10:30:17,94,4.36,4.361199110079784,3.64
Prospective operational challenge,2026-09-03 10:31:17,94,4.37,4.372649121337789,3.71
Prospective operational challenge,2026-09-03 10:32:17,94,4.39,4.384507764696359,3.75
Prospective operational challenge,2026-09-03 10:33:17,94,4.4,4.39693155966327,3.79
Prospective operational challenge,2026-09-03 10:34:17,94,4.41,4.4128138973324695,3.84
Prospective operational challenge,2026-09-03 10:35:17,94,4.43,4.429762022331923,3.88
Prospective operational challenge,2026-09-03 10:36:17,94,4.45,4.4455103218710486,3.91
Prospective operational challenge,2026-09-03 10:37:17,94,4.46,4.462396103554188,3.95
Prospective operational challenge,2026-09-03 10:38:17,94,4.48,4.479279051450224,3.98
Prospective operational challenge,2026-09-03 10:39:17,94,4.5,4.4983473215021945,4.03
Prospective operational challenge,2026-09-03 10:40:17,94,4.52,4.518138962942545,4.07
Prospective operational challenge,2026-09-03 10:41:17,94,4.54,4.5394833307973865,4.12
Prospective operational challenge,2026-09-03 10:42:17,94,4.56,4.561462089125507,4.16
Prospective operational challenge,2026-09-03 10:43:17,94,4.59,4.585577522930923,4.21
Prospective operational challenge,2026-09-03 10:44:17,94,4.61,4.60964308208329,4.25
Prospective operational challenge,2026-09-03 10:45:17,94,4.64,4.636301461977315,4.31
Prospective operational challenge,2026-09-03 10:46:17,94,4.66,4.663457832725289,4.35
Prospective operational challenge,2026-09-03 10:47:17,94,4.69,4.692303990724074,4.4
Prospective operational challenge,2026-09-03 10:48:17,94,4.71,4.723653988549417,4.46
Prospective operational challenge,2026-09-03 10:49:17,94,4.74,4.757523223111255,4.52
Prospective operational challenge,2026-09-03 10:50:17,94,4.77,4.791931160601786,4.57
Prospective operational challenge,2026-09-03 10:51:17,94,4.8,4.826937121631078,4.62
Prospective operational challenge,2026-09-03 10:52:18,94,4.83,4.862662959044652,4.67
Prospective operational challenge,2026-09-03 10:53:18,94,4.86,4.89728324164893,4.71
Prospective operational challenge,2026-09-03 10:54:18,94,4.89,4.928865043259476,4.73
Prospective operational challenge,2026-09-03 10:55:18,94,4.91,4.956713235899391,4.74
Prospective operational challenge,2026-09-03 10:56:18,94,4.94,4.9756589918888485,4.7
Prospective operational challenge,2026-09-03 10:57:18,94,4.95,4.986159212168771,4.65
Prospective operational challenge,2026-09-03 10:58:18,94,4.97,4.985587731769229,4.56
Prospective operational challenge,2026-09-03 10:59:18,94,4.97,4.976911431329762,4.47
Prospective operational challenge,2026-09-03 11:00:18,94,4.97,4.958695092141176,4.33
Prospective operational challenge,2026-09-03 11:01:18,94,4.95,4.932783131770652,4.16
Prospective operational challenge,2026-09-03 11:02:18,94,4.93,4.9026470338815935,3.97
Prospective operational challenge,2026-09-03 11:03:18,94,4.9,4.8715724801628735,3.81
Prospective operational challenge,2026-09-03 11:04:18,94,4.86,4.835033818147966,3.61
