dataset_role,Time_stamp,source_segment_id,T_P1_true_C,T_P1_predicted_C,T_BLE_predictor_C
Prospective operational challenge,2026-09-01 13:40:09,94,5.37,5.677472155946577,5
Prospective operational challenge,2026-09-01 13:41:09,94,5.33,5.654522825534937,5
Prospective operational challenge,2026-09-01 13:42:09,94,5.29,5.648709594667394,5
Prospective operational challenge,2026-09-01 13:43:09,94,5.25,5.570287181399809,4
Prospective operational challenge,2026-09-01 13:44:09,94,5.21,5.450596515438792,3
Prospective operational challenge,2026-09-01 13:45:09,94,5.17,5.384020654704797,3
Prospective operational challenge,2026-09-01 13:46:09,94,5.13,5.341521404892878,3
Prospective operational challenge,2026-09-01 13:47:09,94,5.09,5.322093338338121,3
Prospective operational challenge,2026-09-01 13:48:09,94,5.05,5.327856883471753,3
Prospective operational challenge,2026-09-01 13:49:09,94,5.02,5.3564222131684165,3
Prospective operational challenge,2026-09-01 13:50:09,94,4.98,5.374686348899511,3
Prospective operational challenge,2026-09-01 13:51:09,94,4.95,5.383038464094145,3
Prospective operational challenge,2026-09-01 13:52:09,94,4.93,5.3818193688815015,3
Prospective operational challenge,2026-09-01 13:53:09,94,4.91,5.3710995301009286,3
Prospective operational challenge,2026-09-01 13:54:09,94,4.89,5.37186276342792,4
Prospective operational challenge,2026-09-01 13:55:09,94,4.88,5.329380516338633,4
Prospective operational challenge,2026-09-01 13:56:09,94,4.87,5.286891090322011,4
Prospective operational challenge,2026-09-01 13:57:09,94,4.87,5.245995952930757,4
Prospective operational challenge,2026-09-01 13:58:09,94,4.87,5.229547896895796,4
Prospective operational challenge,2026-09-01 13:59:09,94,4.87,5.244701290061976,5
Prospective operational challenge,2026-09-01 14:00:09,94,4.87,5.22255429923938,5
Prospective operational challenge,2026-09-01 14:01:09,94,4.88,5.193522717104345,5
Prospective operational challenge,2026-09-01 14:02:09,94,4.88,5.159645925776894,5
Prospective operational challenge,2026-09-01 14:03:09,94,4.89,5.119228564891571,5
Prospective operational challenge,2026-09-01 14:04:09,94,4.9,5.091158581180892,5
Prospective operational challenge,2026-09-01 14:05:09,94,4.91,5.0781919270642,5
Prospective operational challenge,2026-09-01 14:06:09,94,4.93,5.194169009483464,6
Prospective operational challenge,2026-09-01 14:07:09,94,4.94,5.252717129186797,6
Prospective operational challenge,2026-09-01 14:08:09,94,4.95,5.276219237003085,6
Prospective operational challenge,2026-09-01 14:09:09,94,4.97,5.286607333773214,6
Prospective operational challenge,2026-09-01 14:10:09,94,5.0,5.2857558752076805,6
Prospective operational challenge,2026-09-01 14:11:09,94,5.02,5.275996690255759,6
Prospective operational challenge,2026-09-01 14:12:09,94,5.04,5.25787235468852,6
Prospective operational challenge,2026-09-01 14:13:09,94,5.06,5.230542178331429,6
Prospective operational challenge,2026-09-01 14:14:09,94,5.08,5.2231461829060795,6
Prospective operational challenge,2026-09-01 14:15:09,94,5.12,5.219841042545751,6
Prospective operational challenge,2026-09-01 14:16:09,94,5.18,5.2181893225017175,6
Prospective operational challenge,2026-09-01 14:17:09,94,5.24,5.219528948125902,6
Prospective operational challenge,2026-09-01 14:18:09,94,5.32,5.223983472536086,6
Prospective operational challenge,2026-09-01 14:19:09,94,5.4,5.358120974078395,7
Prospective operational challenge,2026-09-01 14:20:09,94,5.49,5.443217711655214,7
Prospective operational challenge,2026-09-01 14:21:09,94,5.57,5.487621266401806,7
Prospective operational challenge,2026-09-01 14:22:09,94,5.67,5.503869257067143,7
Prospective operational challenge,2026-09-01 14:23:09,94,5.75,5.5061852168086265,7
Prospective operational challenge,2026-09-01 14:24:09,94,5.84,5.5111197847544275,7
Prospective operational challenge,2026-09-01 14:25:09,94,5.92,5.514664852422994,7
Prospective operational challenge,2026-09-01 14:26:09,94,5.98,5.527256690965242,7
Prospective operational challenge,2026-09-01 14:27:09,94,6.04,5.553322053677725,7
Prospective operational challenge,2026-09-01 14:28:09,94,6.09,5.577012324957797,7
Prospective operational challenge,2026-09-01 14:29:09,94,6.12,5.604982937200655,7
Prospective operational challenge,2026-09-01 14:30:09,94,6.15,5.636299118499877,7
Prospective operational challenge,2026-09-01 14:31:09,94,6.17,5.670665021481681,7
Prospective operational challenge,2026-09-01 14:32:09,94,6.19,5.585919862425044,6
Prospective operational challenge,2026-09-01 14:33:09,94,6.19,5.546871598549799,6
Prospective operational challenge,2026-09-01 14:34:09,94,6.2,5.539653376035513,6
Prospective operational challenge,2026-09-01 14:35:09,94,6.21,5.55091257896177,6
Prospective operational challenge,2026-09-01 14:36:09,94,6.22,5.4492661468524854,5
Prospective operational challenge,2026-09-01 14:37:09,94,6.22,5.392153245858351,5
Prospective operational challenge,2026-09-01 14:38:09,94,6.24,5.361600864643543,5
Prospective operational challenge,2026-09-01 14:39:09,94,6.26,5.275567843807178,4
Prospective operational challenge,2026-09-01 14:40:09,94,6.27,5.225932551307022,4
Prospective operational challenge,2026-09-01 14:41:09,94,6.29,5.192320624614332,4
Prospective operational challenge,2026-09-01 14:42:09,94,6.31,5.164812675346178,4
Prospective operational challenge,2026-09-01 14:43:09,94,6.33,5.138925274463899,4
Prospective operational challenge,2026-09-01 14:44:09,94,6.35,5.117095667797082,4
Prospective operational challenge,2026-09-01 14:45:09,94,6.37,5.101204167549575,4
Prospective operational challenge,2026-09-01 14:46:09,94,6.39,5.090051892856753,4
Prospective operational challenge,2026-09-01 14:47:09,94,6.4,5.0826086676463165,4
Prospective operational challenge,2026-09-01 14:48:09,94,6.42,5.152389163757977,5
Prospective operational challenge,2026-09-01 14:49:09,94,6.43,5.1748875441816145,5
Prospective operational challenge,2026-09-01 14:50:09,94,6.44,5.1536955396134605,5
Prospective operational challenge,2026-09-01 14:51:09,94,6.46,5.133917783729925,5
Prospective operational challenge,2026-09-01 14:52:09,94,6.47,5.122679172989965,5
Prospective operational challenge,2026-09-01 14:53:09,94,6.48,5.109694004797521,5
Prospective operational challenge,2026-09-01 14:54:09,94,6.49,5.21213824243648,6
Prospective operational challenge,2026-09-01 14:55:09,94,6.5,5.264594286621121,6
Prospective operational challenge,2026-09-01 14:56:09,94,6.51,5.290630933624272,6
Prospective operational challenge,2026-09-01 14:57:09,94,6.52,5.291487493006595,6
Prospective operational challenge,2026-09-01 14:58:09,94,6.53,5.276485990829252,6
Prospective operational challenge,2026-09-01 14:59:09,94,6.54,5.278214223125124,6
Prospective operational challenge,2026-09-01 15:00:09,94,6.55,5.281319298115828,6
Prospective operational challenge,2026-09-01 15:01:09,94,6.56,5.286410857867255,6
Prospective operational challenge,2026-09-01 15:02:09,94,6.57,5.297655514019706,6
Prospective operational challenge,2026-09-01 15:03:09,94,6.59,5.403815035472682,7
Prospective operational challenge,2026-09-01 15:04:09,94,6.6,5.4711040659614785,7
Prospective operational challenge,2026-09-01 15:05:09,94,6.62,5.5194382723420805,7
Prospective operational challenge,2026-09-01 15:06:09,94,6.63,5.554751226974432,7
Prospective operational challenge,2026-09-01 15:07:09,94,6.63,5.581510300770262,7
Prospective operational challenge,2026-09-01 15:08:10,94,6.63,5.598844387573439,7
Prospective operational challenge,2026-09-01 15:09:09,94,6.62,5.630139409928941,7
Prospective operational challenge,2026-09-01 15:10:09,94,6.6,5.666736825796496,7
Prospective operational challenge,2026-09-01 15:11:09,94,6.57,5.708610753253875,7
Prospective operational challenge,2026-09-01 15:12:09,94,6.54,5.74769245581696,7
Prospective operational challenge,2026-09-01 15:13:09,94,6.5,5.663695227636948,6
Prospective operational challenge,2026-09-01 15:14:09,94,6.45,5.620161645531642,6
Prospective operational challenge,2026-09-01 15:15:09,94,6.4,5.599488035084593,6
Prospective operational challenge,2026-09-01 15:16:09,94,6.35,5.591267029773357,6
Prospective operational challenge,2026-09-01 15:17:09,94,6.3,5.588957871120925,6
Prospective operational challenge,2026-09-01 15:18:10,94,6.25,5.4928259887183,5
Prospective operational challenge,2026-09-01 15:19:09,94,6.19,5.440762140669014,5
Prospective operational challenge,2026-09-01 15:20:10,94,6.13,5.300452650811647,4
Prospective operational challenge,2026-09-01 15:21:09,94,6.06,5.239976800200239,4
Prospective operational challenge,2026-09-01 15:22:09,94,6.0,5.144191962258425,3
Prospective operational challenge,2026-09-01 15:23:09,94,5.94,5.098013512188295,3
Prospective operational challenge,2026-09-01 15:24:10,94,5.88,5.077091284152552,3
Prospective operational challenge,2026-09-01 15:25:09,94,5.82,5.107568853387784,3
Prospective operational challenge,2026-09-01 15:26:09,94,5.77,5.166628188284889,3
Prospective operational challenge,2026-09-01 15:27:10,94,5.72,5.20729681162687,3
Prospective operational challenge,2026-09-01 15:28:10,94,5.67,5.240044433252482,3
Prospective operational challenge,2026-09-01 15:29:10,94,5.63,5.263433000665422,3
Prospective operational challenge,2026-09-01 15:30:10,94,5.59,5.266562446225231,4
Prospective operational challenge,2026-09-01 15:31:10,94,5.56,5.231821727668984,4
Prospective operational challenge,2026-09-01 15:32:10,94,5.53,5.174330610555879,4
Prospective operational challenge,2026-09-01 15:33:10,94,5.5,5.125536574987677,4
Prospective operational challenge,2026-09-01 15:34:10,94,5.48,5.082404068217324,4
Prospective operational challenge,2026-09-01 15:35:10,94,5.46,5.098479575707525,5
Prospective operational challenge,2026-09-01 15:36:10,94,5.44,5.11213313981851,5
Prospective operational challenge,2026-09-01 15:37:10,94,5.43,5.126954602055104,5
Prospective operational challenge,2026-09-01 15:38:10,94,5.42,5.141406916291466,5
Prospective operational challenge,2026-09-01 15:39:10,94,5.41,5.109619003898803,5
Prospective operational challenge,2026-09-01 15:40:10,94,5.4,5.070939510185512,5
Prospective operational challenge,2026-09-01 15:41:10,94,5.4,5.063991064203638,6
Prospective operational challenge,2026-09-01 15:42:10,94,5.39,5.087848717842054,6
Prospective operational challenge,2026-09-01 15:43:10,94,5.39,5.1374018305161595,6
Prospective operational challenge,2026-09-01 15:44:10,94,5.39,5.1656692347285,6
Prospective operational challenge,2026-09-01 15:45:10,94,5.39,5.183977766457575,6
Prospective operational challenge,2026-09-01 15:46:10,94,5.4,5.193027748956642,6
Prospective operational challenge,2026-09-01 15:47:10,94,5.4,5.1956697831343615,6
Prospective operational challenge,2026-09-01 15:48:10,94,5.41,5.191191643831633,6
Prospective operational challenge,2026-09-01 15:49:10,94,5.42,5.176238882792499,6
Prospective operational challenge,2026-09-01 15:50:10,94,5.43,5.170548071527899,6
Prospective operational challenge,2026-09-01 15:51:10,94,5.45,5.178016045145721,6
Prospective operational challenge,2026-09-01 15:52:10,94,5.46,5.182996898280907,6
Prospective operational challenge,2026-09-01 15:53:10,94,5.48,5.315660641609387,7
Prospective operational challenge,2026-09-01 15:54:10,94,5.5,5.397398963628299,7
Prospective operational challenge,2026-09-01 15:55:10,94,5.52,5.449887312985939,7
Prospective operational challenge,2026-09-01 15:56:10,94,5.54,5.484920478371439,7
Prospective operational challenge,2026-09-01 15:57:10,94,5.56,5.504602830089101,7
Prospective operational challenge,2026-09-01 15:58:10,94,5.58,5.503678070897114,7
Prospective operational challenge,2026-09-01 15:59:10,94,5.61,5.493320201189441,7
Prospective operational challenge,2026-09-01 16:00:10,94,5.64,5.515388979487935,7
Prospective operational challenge,2026-09-01 16:01:10,94,5.66,5.541685579228201,7
Prospective operational challenge,2026-09-01 16:02:10,94,5.7,5.566538458897952,7
Prospective operational challenge,2026-09-01 16:03:10,94,5.73,5.5902155058381995,7
Prospective operational challenge,2026-09-01 16:04:10,94,5.76,5.613063008833194,7
Prospective operational challenge,2026-09-01 16:05:10,94,5.8,5.641285828128413,7
Prospective operational challenge,2026-09-01 16:06:10,94,5.83,5.670608534658718,7
Prospective operational challenge,2026-09-01 16:07:10,94,5.87,5.6998605854305335,7
Prospective operational challenge,2026-09-01 16:08:10,94,5.91,5.714890803317209,7
Prospective operational challenge,2026-09-01 16:09:10,94,5.95,5.7327313823356505,7
Prospective operational challenge,2026-09-01 16:10:10,94,5.99,5.751605537970917,7
Prospective operational challenge,2026-09-01 16:11:10,94,6.04,5.777050490226509,7
Prospective operational challenge,2026-09-01 16:12:10,94,6.08,5.804323613003216,7
Prospective operational challenge,2026-09-01 16:13:10,94,6.12,5.830845971116194,7
Prospective operational challenge,2026-09-01 16:14:10,94,6.17,5.860404826571929,7
Prospective operational challenge,2026-09-01 16:15:10,94,6.21,5.901926230913425,7
Prospective operational challenge,2026-09-01 16:16:10,94,6.26,5.9338371296664505,7
Prospective operational challenge,2026-09-01 16:17:10,94,6.3,5.959603433379769,7
Prospective operational challenge,2026-09-01 16:18:10,94,6.35,5.980339009304851,7
Prospective operational challenge,2026-09-01 16:19:10,94,6.39,5.994588802222763,7
Prospective operational challenge,2026-09-01 16:20:10,94,6.44,6.0648168477779,8
Prospective operational challenge,2026-09-01 16:21:10,94,6.49,6.094720669583905,8
Prospective operational challenge,2026-09-01 16:22:10,94,6.53,6.100933275514137,8
Prospective operational challenge,2026-09-01 16:23:10,94,6.58,6.131714815646183,8
Prospective operational challenge,2026-09-01 16:24:10,94,6.63,6.1798421555681085,8
Prospective operational challenge,2026-09-01 16:25:10,94,6.67,6.230600572357613,8
Prospective operational challenge,2026-09-01 16:26:10,94,6.72,6.287093818571417,8
Prospective operational challenge,2026-09-01 16:27:10,94,6.77,6.351527903011325,8
Prospective operational challenge,2026-09-01 16:28:10,94,6.81,6.434360822529394,8
Prospective operational challenge,2026-09-01 16:29:10,94,6.86,6.524913167041083,8
Prospective operational challenge,2026-09-01 16:30:10,94,6.9,6.619565434736531,8
Prospective operational challenge,2026-09-01 16:31:10,94,6.95,6.693215561599869,8
Prospective operational challenge,2026-09-01 16:32:10,94,7.0,6.7541230924469655,8
Prospective operational challenge,2026-09-01 16:33:10,94,7.04,6.801730715813803,8
Prospective operational challenge,2026-09-01 16:34:10,94,7.09,6.805498519148836,8
Prospective operational challenge,2026-09-01 16:35:10,94,7.14,6.815862245349859,8
Prospective operational challenge,2026-09-01 16:36:10,94,7.18,6.841300207597259,8
Prospective operational challenge,2026-09-01 16:37:10,94,7.23,6.871025878653919,8
Prospective operational challenge,2026-09-01 16:38:10,94,7.27,6.898311092255607,8
Prospective operational challenge,2026-09-01 16:39:10,94,7.32,6.9215798849335695,8
Prospective operational challenge,2026-09-01 16:40:10,94,7.37,6.940916892462681,8
Prospective operational challenge,2026-09-01 16:41:10,94,7.41,6.956624385467491,8
Prospective operational challenge,2026-09-01 16:42:10,94,7.46,6.969234738085493,8
Prospective operational challenge,2026-09-01 16:43:10,94,7.5,6.97946319818203,8
Prospective operational challenge,2026-09-01 16:44:10,94,7.55,6.98816934784567,8
Prospective operational challenge,2026-09-01 16:45:10,94,7.59,6.996390353156905,8
Prospective operational challenge,2026-09-01 16:46:10,94,7.64,7.005505323840252,8
Prospective operational challenge,2026-09-01 16:47:10,94,7.68,7.015846001906153,8
Prospective operational challenge,2026-09-01 16:48:10,94,7.73,7.029273996563566,8
Prospective operational challenge,2026-09-01 16:49:10,94,7.77,7.049433935868018,8
Prospective operational challenge,2026-09-01 16:50:10,94,7.81,7.091346402830027,8
Prospective operational challenge,2026-09-01 16:51:10,94,7.86,7.119921934160269,8
Prospective operational challenge,2026-09-01 16:52:10,94,7.9,7.138495330524107,8
Prospective operational challenge,2026-09-01 16:53:10,94,7.94,7.153067797333728,8
Prospective operational challenge,2026-09-01 16:54:10,94,7.99,7.16417624278599,8
Prospective operational challenge,2026-09-01 16:55:10,94,8.03,7.174243743774953,8
Prospective operational challenge,2026-09-01 16:56:10,94,8.07,7.187001075484142,8
Prospective operational challenge,2026-09-01 16:57:10,94,8.11,7.198832703405643,8
Prospective operational challenge,2026-09-01 16:58:10,94,8.15,7.210323521197963,8
Prospective operational challenge,2026-09-01 16:59:10,94,8.19,7.222102251760168,8
Prospective operational challenge,2026-09-01 17:00:10,94,8.24,7.2353413272772364,8
Prospective operational challenge,2026-09-01 17:01:10,94,8.28,7.251263810263758,8
Prospective operational challenge,2026-09-01 17:02:10,94,8.32,7.269517933280415,8
Prospective operational challenge,2026-09-01 17:03:10,94,8.36,7.286288285368804,8
Prospective operational challenge,2026-09-01 17:04:10,94,8.4,7.302738986271731,8
Prospective operational challenge,2026-09-01 17:05:10,94,8.44,7.31924107318083,8
Prospective operational challenge,2026-09-01 17:06:10,94,8.47,7.33613762325497,8
Prospective operational challenge,2026-09-01 17:07:10,94,8.51,7.5135500765994525,9
Prospective operational challenge,2026-09-01 17:08:10,94,8.55,7.622223922891276,9
Prospective operational challenge,2026-09-01 17:09:10,94,8.59,7.695438780055261,9
Prospective operational challenge,2026-09-01 17:10:10,94,8.63,7.752972970732364,9
Prospective operational challenge,2026-09-01 17:11:10,94,8.66,7.80629766512431,9
Prospective operational challenge,2026-09-01 17:12:10,94,8.7,7.862001985008035,9
Prospective operational challenge,2026-09-01 17:13:10,94,8.74,7.917670032416815,9
Prospective operational challenge,2026-09-01 17:14:10,94,8.78,7.978451743116441,9
Prospective operational challenge,2026-09-01 17:15:10,94,8.81,8.041478568879924,9
Prospective operational challenge,2026-09-01 17:16:10,94,8.85,8.10486925290771,9
Prospective operational challenge,2026-09-01 17:17:10,94,8.89,8.166281197859526,9
Prospective operational challenge,2026-09-01 17:18:10,94,8.92,8.222243203450681,9
Prospective operational challenge,2026-09-01 17:19:10,94,8.96,8.270232443481014,9
Prospective operational challenge,2026-09-01 17:20:10,94,8.99,8.305364602496056,9
Prospective operational challenge,2026-09-01 17:21:10,94,9.03,8.336697597598768,9
Prospective operational challenge,2026-09-01 17:22:10,94,9.06,8.368566745221777,9
Prospective operational challenge,2026-09-01 17:23:10,94,9.1,8.402009589283859,9
Prospective operational challenge,2026-09-01 17:24:10,94,9.13,8.435247644997805,9
Prospective operational challenge,2026-09-01 17:25:10,94,9.17,8.466695880776127,9
Prospective operational challenge,2026-09-01 17:26:10,94,9.2,8.495247986132966,9
Prospective operational challenge,2026-09-01 17:27:10,94,9.23,8.52039312371283,9
Prospective operational challenge,2026-09-01 17:28:10,94,9.27,8.541601564246196,9
Prospective operational challenge,2026-09-01 17:29:10,94,9.3,8.559243967086417,9
Prospective operational challenge,2026-09-01 17:30:10,94,9.33,8.57452072445124,9
Prospective operational challenge,2026-09-01 17:31:10,94,9.37,8.587824788152588,9
Prospective operational challenge,2026-09-01 17:32:10,94,9.4,8.600690937286616,9
Prospective operational challenge,2026-09-01 17:33:10,94,9.43,8.613697264422779,9
Prospective operational challenge,2026-09-01 17:34:10,94,9.46,8.628726537713753,9
Prospective operational challenge,2026-09-01 17:35:10,94,9.5,8.644911996143636,9
Prospective operational challenge,2026-09-01 17:36:10,94,9.53,8.665792095211081,9
Prospective operational challenge,2026-09-01 17:37:10,94,9.56,8.6861092152403,9
Prospective operational challenge,2026-09-01 17:38:10,94,9.59,8.705740180951787,9
Prospective operational challenge,2026-09-01 17:39:10,94,9.62,8.723518227734775,9
Prospective operational challenge,2026-09-01 17:40:10,94,9.65,8.739439577206456,9
Prospective operational challenge,2026-09-01 17:41:10,94,9.68,8.751910129660603,9
Prospective operational challenge,2026-09-01 17:42:10,94,9.72,8.762858749520133,9
Prospective operational challenge,2026-09-01 17:43:10,94,9.75,8.773978152282535,9
Prospective operational challenge,2026-09-01 17:44:10,94,9.78,8.78626167478774,9
Prospective operational challenge,2026-09-01 17:45:10,94,9.81,8.798642301731082,9
Prospective operational challenge,2026-09-01 17:46:10,94,9.84,8.811610845039176,9
Prospective operational challenge,2026-09-01 17:47:10,94,9.87,8.825591994939519,9
Prospective operational challenge,2026-09-01 17:48:10,94,9.9,8.841257547895173,9
Prospective operational challenge,2026-09-01 17:49:10,94,9.93,8.859311038784783,9
Prospective operational challenge,2026-09-01 17:50:10,94,9.96,8.878236580426224,9
Prospective operational challenge,2026-09-01 17:51:10,94,10.0,8.898237827652785,9
Prospective operational challenge,2026-09-01 17:52:10,94,10.02,8.919284931240297,9
Prospective operational challenge,2026-09-01 17:53:10,94,10.05,8.93961640912418,9
Prospective operational challenge,2026-09-01 17:54:10,94,10.08,9.092363579505276,10
Prospective operational challenge,2026-09-01 17:55:10,94,10.11,9.19996398724166,10
Prospective operational challenge,2026-09-01 17:56:10,94,10.14,9.27811001180692,10
Prospective operational challenge,2026-09-01 17:57:10,94,10.17,9.338136045945168,10
Prospective operational challenge,2026-09-01 17:58:10,94,10.2,9.388133496437364,10
Prospective operational challenge,2026-09-01 17:59:10,94,10.23,9.433439328998242,10
Prospective operational challenge,2026-09-01 18:00:10,94,10.25,9.47817462575528,10
Prospective operational challenge,2026-09-01 18:01:10,94,10.28,9.524165856957328,10
Prospective operational challenge,2026-09-01 18:02:10,94,10.31,9.5721641651064,10
Prospective operational challenge,2026-09-01 18:03:10,94,10.34,9.62216426046656,10
Prospective operational challenge,2026-09-01 18:04:10,94,10.36,9.673645481887023,10
Prospective operational challenge,2026-09-01 18:05:10,94,10.39,9.726479364352352,10
Prospective operational challenge,2026-09-01 18:06:10,94,10.42,9.77965707965311,10
Prospective operational challenge,2026-09-01 18:07:10,94,10.45,9.833567045541844,10
Prospective operational challenge,2026-09-01 18:08:10,94,10.47,9.876243123669123,10
Prospective operational challenge,2026-09-01 18:09:10,94,10.5,9.917170566233375,10
Prospective operational challenge,2026-09-01 18:10:10,94,10.53,9.959115905125804,10
Prospective operational challenge,2026-09-01 18:11:10,94,10.56,10.000706076034389,10
Prospective operational challenge,2026-09-01 18:12:10,94,10.58,10.040237783989772,10
Prospective operational challenge,2026-09-01 18:13:10,94,10.61,10.07654653141088,10
Prospective operational challenge,2026-09-01 18:14:10,94,10.64,10.109023242989238,10
Prospective operational challenge,2026-09-01 18:15:10,94,10.66,10.137540965062536,10
Prospective operational challenge,2026-09-01 18:16:10,94,10.69,10.162352093602273,10
Prospective operational challenge,2026-09-01 18:17:10,94,10.71,10.183955375138956,10
Prospective operational challenge,2026-09-01 18:18:10,94,10.74,10.20300900395755,10
Prospective operational challenge,2026-09-01 18:19:10,94,10.77,10.220213492230451,10
Prospective operational challenge,2026-09-01 18:20:10,94,10.79,10.224743017539351,10
Prospective operational challenge,2026-09-01 18:21:10,94,10.82,10.22561355693806,10
Prospective operational challenge,2026-09-01 18:22:10,94,10.84,10.225511540602277,10
Prospective operational challenge,2026-09-01 18:23:10,94,10.87,10.23118213751886,10
Prospective operational challenge,2026-09-01 18:24:10,94,10.9,10.236707644535658,10
Prospective operational challenge,2026-09-01 18:25:10,94,10.92,10.242941220490469,10
Prospective operational challenge,2026-09-01 18:26:10,94,10.95,10.248802247900516,10
Prospective operational challenge,2026-09-01 18:27:10,94,10.97,10.254249920231494,10
Prospective operational challenge,2026-09-01 18:28:10,94,11.0,10.259662831440648,10
Prospective operational challenge,2026-09-01 18:29:10,94,11.02,10.265530659939753,10
Prospective operational challenge,2026-09-01 18:30:10,94,11.05,10.272321169520296,10
Prospective operational challenge,2026-09-01 18:31:10,94,11.07,10.280462828792588,10
Prospective operational challenge,2026-09-01 18:32:10,94,11.1,10.290368237159134,10
Prospective operational challenge,2026-09-01 18:33:10,94,11.12,10.302598106628482,10
Prospective operational challenge,2026-09-01 18:34:10,94,11.15,10.32022275106951,10
Prospective operational challenge,2026-09-01 18:35:10,94,11.17,10.338066541713337,10
Prospective operational challenge,2026-09-01 18:36:10,94,11.2,10.356113609352176,10
Prospective operational challenge,2026-09-01 18:37:10,94,11.22,10.374327681511078,10
Prospective operational challenge,2026-09-01 18:38:10,94,11.25,10.392652082447942,10
Prospective operational challenge,2026-09-01 18:39:10,94,11.27,10.411023335331612,10
Prospective operational challenge,2026-09-01 18:40:10,94,11.3,10.429362094123142,10
Prospective operational challenge,2026-09-01 18:41:10,94,11.32,10.44758447872422,10
Prospective operational challenge,2026-09-01 18:42:10,94,11.35,10.591778901783632,11
Prospective operational challenge,2026-09-01 18:43:10,94,11.37,10.691045330562856,11
Prospective operational challenge,2026-09-01 18:44:10,94,11.4,10.76140788654592,11
Prospective operational challenge,2026-09-01 18:45:10,94,11.42,10.813910782677365,11
Prospective operational challenge,2026-09-01 18:46:10,94,11.44,10.856476532026685,11
Prospective operational challenge,2026-09-01 18:47:10,94,11.47,10.894348018576723,11
Prospective operational challenge,2026-09-01 18:48:10,94,11.49,10.93065601032127,11
Prospective operational challenge,2026-09-01 18:49:10,94,11.52,10.965835021283118,11
Prospective operational challenge,2026-09-01 18:50:10,94,11.54,11.003333959288396,11
Prospective operational challenge,2026-09-01 18:51:10,94,11.56,11.043300936943137,11
Prospective operational challenge,2026-09-01 18:52:10,94,11.59,11.0853649170557,11
Prospective operational challenge,2026-09-01 18:53:10,94,11.61,11.128799694450608,11
Prospective operational challenge,2026-09-01 18:54:10,94,11.63,11.172574526298131,11
Prospective operational challenge,2026-09-01 18:55:10,94,11.66,11.215196195712997,11
Prospective operational challenge,2026-09-01 18:56:10,94,11.68,11.251600914057398,11
Prospective operational challenge,2026-09-01 18:57:10,94,11.7,11.284450174180517,11
Prospective operational challenge,2026-09-01 18:58:10,94,11.73,11.319256636597604,11
Prospective operational challenge,2026-09-01 18:59:10,94,11.75,11.353967128091396,11
Prospective operational challenge,2026-09-01 19:00:10,94,11.77,11.386864751514445,11
Prospective operational challenge,2026-09-01 19:01:10,94,11.8,11.416757804929448,11
Prospective operational challenge,2026-09-01 19:02:10,94,11.82,11.443015298407662,11
Prospective operational challenge,2026-09-01 19:03:10,94,11.84,11.465489875019616,11
Prospective operational challenge,2026-09-01 19:04:10,94,11.87,11.484425618294637,11
Prospective operational challenge,2026-09-01 19:05:10,94,11.89,11.500349234796,11
Prospective operational challenge,2026-09-01 19:06:10,94,11.91,11.513970304814846,11
Prospective operational challenge,2026-09-01 19:07:10,94,11.94,11.517266565975577,11
Prospective operational challenge,2026-09-01 19:08:10,94,11.96,11.517639114520335,11
Prospective operational challenge,2026-09-01 19:09:10,94,11.98,11.5171683280226,11
Prospective operational challenge,2026-09-01 19:10:10,94,12.01,11.517907379699627,11
Prospective operational challenge,2026-09-01 19:11:10,94,12.03,11.524985046373496,11
Prospective operational challenge,2026-09-01 19:12:10,94,12.05,11.531898731233548,11
Prospective operational challenge,2026-09-01 19:13:10,94,12.07,11.53987716436858,11
Prospective operational challenge,2026-09-01 19:14:10,94,12.1,11.547747535755336,11
Prospective operational challenge,2026-09-01 19:15:10,94,12.12,11.555384403084624,11
Prospective operational challenge,2026-09-01 19:16:10,94,12.14,11.563088525627878,11
Prospective operational challenge,2026-09-01 19:17:10,94,12.16,11.571306508232867,11
Prospective operational challenge,2026-09-01 19:18:10,94,12.18,11.580499313602036,11
Prospective operational challenge,2026-09-01 19:19:10,94,12.21,11.591140750939363,11
Prospective operational challenge,2026-09-01 19:20:10,94,12.23,11.60386861126266,11
Prospective operational challenge,2026-09-01 19:21:10,94,12.25,11.62185069071722,11
Prospective operational challenge,2026-09-01 19:22:10,94,12.27,11.639885667531075,11
Prospective operational challenge,2026-09-01 19:23:10,94,12.3,11.657980342793282,11
Prospective operational challenge,2026-09-01 19:24:10,94,12.32,11.676128671091345,11
Prospective operational challenge,2026-09-01 19:25:10,94,12.34,11.694301181039371,11
Prospective operational challenge,2026-09-01 19:26:10,94,12.36,11.712444219601505,11
Prospective operational challenge,2026-09-01 19:27:10,94,12.38,11.730497332652837,11
Prospective operational challenge,2026-09-01 19:28:10,94,12.41,11.748398554715326,11
Prospective operational challenge,2026-09-01 19:29:10,94,12.43,11.766068539750036,11
Prospective operational challenge,2026-09-01 19:30:10,94,12.45,11.783421140628969,11
Prospective operational challenge,2026-09-01 19:31:10,94,12.47,11.800364920488194,11
Prospective operational challenge,2026-09-01 19:32:10,94,12.49,11.816789550549752,11
Prospective operational challenge,2026-09-01 19:33:10,94,12.51,11.832565810121649,11
Prospective operational challenge,2026-09-01 19:34:10,94,12.54,11.847507802769783,11
Prospective operational challenge,2026-09-01 19:35:10,94,12.56,11.861328371400832,11
Prospective operational challenge,2026-09-01 19:36:10,94,12.58,11.992749593543266,12
Prospective operational challenge,2026-09-01 19:37:10,94,12.6,12.081086672215276,12
Prospective operational challenge,2026-09-01 19:38:10,94,12.62,12.140808546537569,12
Prospective operational challenge,2026-09-01 19:39:10,94,12.64,12.182772021667471,12
Prospective operational challenge,2026-09-01 19:40:10,94,12.67,12.214891298232295,12
Prospective operational challenge,2026-09-01 19:41:10,94,12.69,12.242581554470885,12
Prospective operational challenge,2026-09-01 19:42:10,94,12.71,12.26931210147652,12
Prospective operational challenge,2026-09-01 19:43:10,94,12.73,12.297154248703944,12
Prospective operational challenge,2026-09-01 19:44:10,94,12.75,12.327169721721894,12
Prospective operational challenge,2026-09-01 19:45:10,94,12.77,12.35971671122046,12
Prospective operational challenge,2026-09-01 19:46:10,94,12.79,12.394662973801402,12
Prospective operational challenge,2026-09-01 19:47:10,94,12.81,12.431550569468529,12
Prospective operational challenge,2026-09-01 19:48:10,94,12.83,12.469665383871329,12
Prospective operational challenge,2026-09-01 19:49:10,94,12.85,12.508023526126896,12
Prospective operational challenge,2026-09-01 19:50:10,94,12.88,12.544404818497895,12
Prospective operational challenge,2026-09-01 19:51:10,94,12.9,12.575088309596104,12
Prospective operational challenge,2026-09-01 19:52:10,94,12.92,12.608175607836053,12
Prospective operational challenge,2026-09-01 19:53:10,94,12.94,12.64165510221136,12
Prospective operational challenge,2026-09-01 19:54:10,94,12.96,12.665659923860106,12
Prospective operational challenge,2026-09-01 19:55:10,94,12.98,12.685017334656374,12
Prospective operational challenge,2026-09-01 19:56:10,94,13.0,12.69993287862486,12
Prospective operational challenge,2026-09-01 19:57:10,94,13.02,12.710779859986886,12
Prospective operational challenge,2026-09-01 19:58:10,94,13.04,12.718159041608745,12
Prospective operational challenge,2026-09-01 19:59:10,94,13.06,12.722862372526764,12
Prospective operational challenge,2026-09-01 20:00:10,94,13.08,12.725811778145824,12
Prospective operational challenge,2026-09-01 20:01:10,94,13.1,12.728010796939436,12
Prospective operational challenge,2026-09-01 20:02:10,94,13.12,12.730537023684125,12
Prospective operational challenge,2026-09-01 20:03:10,94,13.14,12.734584427346864,12
Prospective operational challenge,2026-09-01 20:04:10,94,13.16,12.74166511672698,12
Prospective operational challenge,2026-09-01 20:05:11,94,13.18,12.756597285579817,12
Prospective operational challenge,2026-09-01 20:06:11,94,13.2,12.77230628993775,12
Prospective operational challenge,2026-09-01 20:07:11,94,13.22,12.79066091793707,12
Prospective operational challenge,2026-09-01 20:08:11,94,13.24,12.81319368164425,12
Prospective operational challenge,2026-09-01 20:09:11,94,13.26,12.834480334701716,12
Prospective operational challenge,2026-09-01 20:10:11,94,13.28,12.85459115502968,12
Prospective operational challenge,2026-09-01 20:11:11,94,13.3,12.873750578566868,12
Prospective operational challenge,2026-09-01 20:12:11,94,13.32,12.892192865047306,12
Prospective operational challenge,2026-09-01 20:13:11,94,13.34,12.910119024436325,12
Prospective operational challenge,2026-09-01 20:14:11,94,13.36,12.927663567161844,12
Prospective operational challenge,2026-09-01 20:15:11,94,13.38,12.944904327909692,12
Prospective operational challenge,2026-09-01 20:16:11,94,13.4,12.96188135753762,12
Prospective operational challenge,2026-09-01 20:17:11,94,13.42,12.97858256522064,12
Prospective operational challenge,2026-09-01 20:18:11,94,13.44,12.994970167130694,12
Prospective operational challenge,2026-09-01 20:19:11,94,13.46,13.010968595611637,12
Prospective operational challenge,2026-09-01 20:20:11,94,13.48,13.026469033238628,12
Prospective operational challenge,2026-09-01 20:21:11,94,13.5,13.041309765227536,12
Prospective operational challenge,2026-09-01 20:22:11,94,13.52,13.055217992339706,12
Prospective operational challenge,2026-09-01 20:23:11,94,13.54,13.066755662078831,12
Prospective operational challenge,2026-09-01 20:24:11,94,13.56,13.078314490761674,12
Prospective operational challenge,2026-09-01 20:25:11,94,13.58,13.089869541061711,12
Prospective operational challenge,2026-09-01 20:26:11,94,13.6,13.101406455124277,12
Prospective operational challenge,2026-09-01 20:27:11,94,13.62,13.112914653477503,12
Prospective operational challenge,2026-09-01 20:28:11,94,13.64,13.124377511237054,12
Prospective operational challenge,2026-09-01 20:29:11,94,13.66,13.135787471637306,12
Prospective operational challenge,2026-09-01 20:30:11,94,13.68,13.147134710882964,12
Prospective operational challenge,2026-09-01 20:31:11,94,13.69,13.158414694914658,12
Prospective operational challenge,2026-09-01 20:32:11,94,13.71,13.16962666805583,12
Prospective operational challenge,2026-09-01 20:33:11,94,13.73,13.180767607600233,12
Prospective operational challenge,2026-09-01 20:34:11,94,13.75,13.306398080252825,13
Prospective operational challenge,2026-09-01 20:35:11,94,13.77,13.390783726185385,13
Prospective operational challenge,2026-09-01 20:36:11,94,13.79,13.446694723608646,13
Prospective operational challenge,2026-09-01 20:37:11,94,13.81,13.484669737847591,13
Prospective operational challenge,2026-09-01 20:38:11,94,13.83,13.512418936857967,13
Prospective operational challenge,2026-09-01 20:39:11,94,13.85,13.535297044753698,13
Prospective operational challenge,2026-09-01 20:40:11,94,13.87,13.556815690515508,13
Prospective operational challenge,2026-09-01 20:41:11,94,13.89,13.579139131815186,13
Prospective operational challenge,2026-09-01 20:42:11,94,13.9,13.595857720059122,13
Prospective operational challenge,2026-09-01 20:43:11,94,13.92,13.613319138362892,13
Prospective operational challenge,2026-09-01 20:44:11,94,13.94,13.632406016950188,13
Prospective operational challenge,2026-09-01 20:45:11,94,13.96,13.653375285851874,13
Prospective operational challenge,2026-09-01 20:46:11,94,13.98,13.676137775233714,13
Prospective operational challenge,2026-09-01 20:47:11,94,14.0,13.70040632800238,13
Prospective operational challenge,2026-09-01 20:48:11,94,14.02,13.7266343500947,13
Prospective operational challenge,2026-09-01 20:49:11,94,14.04,13.745392509377796,13
Prospective operational challenge,2026-09-01 20:50:11,94,14.05,13.767518719094957,13
Prospective operational challenge,2026-09-01 20:51:11,94,14.07,13.791181219261397,13
Prospective operational challenge,2026-09-01 20:52:11,94,14.09,13.81482407183724,13
Prospective operational challenge,2026-09-01 20:53:11,94,14.11,13.837387818283435,13
Prospective operational challenge,2026-09-01 20:54:11,94,14.13,13.858410740220982,13
Prospective operational challenge,2026-09-01 20:55:11,94,14.15,13.878104427087065,13
Prospective operational challenge,2026-09-01 20:56:11,94,14.17,13.899314001135272,13
Prospective operational challenge,2026-09-01 20:57:11,94,14.18,13.91790968995767,13
Prospective operational challenge,2026-09-01 20:58:11,94,14.2,13.934484699654943,13
Prospective operational challenge,2026-09-01 20:59:11,94,14.22,13.949772036491629,13
Prospective operational challenge,2026-09-01 21:00:11,94,14.24,13.964594632243063,13
Prospective operational challenge,2026-09-01 21:01:11,94,14.26,13.979930332379675,13
Prospective operational challenge,2026-09-01 21:02:11,94,14.28,13.99704867352458,13
Prospective operational challenge,2026-09-01 21:03:11,94,14.29,14.020591776794324,13
Prospective operational challenge,2026-09-01 21:04:11,94,14.31,14.042603879350716,13
Prospective operational challenge,2026-09-01 21:05:11,94,14.33,14.065031604015862,13
Prospective operational challenge,2026-09-01 21:06:11,94,14.35,14.08640591555445,13
Prospective operational challenge,2026-09-01 21:07:11,94,14.37,14.106259805851543,13
Prospective operational challenge,2026-09-01 21:08:11,94,14.39,14.124554735402514,13
Prospective operational challenge,2026-09-01 21:09:11,94,14.4,14.141363249157251,13
Prospective operational challenge,2026-09-01 21:10:11,94,14.42,14.156683835762635,13
Prospective operational challenge,2026-09-01 21:11:11,94,14.44,14.169451746943686,13
Prospective operational challenge,2026-09-01 21:12:11,94,14.46,14.181952148622008,13
Prospective operational challenge,2026-09-01 21:13:11,94,14.48,14.194302170664614,13
Prospective operational challenge,2026-09-01 21:14:11,94,14.5,14.206572090991717,13
Prospective operational challenge,2026-09-01 21:15:11,94,14.53,14.218801960461064,13
Prospective operational challenge,2026-09-01 21:16:11,94,14.55,14.231016716399182,13
Prospective operational challenge,2026-09-01 21:17:11,94,14.57,14.2432314723373,13
Prospective operational challenge,2026-09-01 21:18:11,94,14.58,14.255442449892614,13
Prospective operational challenge,2026-09-01 21:19:11,94,14.59,14.267656450154174,13
Prospective operational challenge,2026-09-01 21:20:11,94,14.58,14.27985760391419,13
Prospective operational challenge,2026-09-01 21:21:11,94,14.57,14.292044399819538,13
Prospective operational challenge,2026-09-01 21:22:11,94,14.54,14.304201724338991,13
Prospective operational challenge,2026-09-01 21:23:11,94,14.5,14.316334111531924,13
Prospective operational challenge,2026-09-01 21:24:11,94,14.45,14.328419646778046,13
Prospective operational challenge,2026-09-01 21:25:11,94,14.39,14.340459085753928,13
Prospective operational challenge,2026-09-01 21:26:11,94,14.33,14.35244562737051,13
Prospective operational challenge,2026-09-01 21:27:11,94,14.27,14.36436869215594,13
Prospective operational challenge,2026-09-01 21:28:11,94,14.19,14.376232058493017,13
Prospective operational challenge,2026-09-01 21:29:11,94,14.12,14.388028169616131,13
Prospective operational challenge,2026-09-01 21:30:11,94,14.04,14.261796934097246,12
Prospective operational challenge,2026-09-01 21:31:11,94,13.96,14.185656475125883,12
Prospective operational challenge,2026-09-01 21:32:11,94,13.88,14.12577515304914,12
Prospective operational challenge,2026-09-01 21:33:11,94,13.79,13.946103982462695,11
Prospective operational challenge,2026-09-01 21:34:11,94,13.7,13.8160301316292,11
Prospective operational challenge,2026-09-01 21:35:11,94,13.6,13.706888521545885,11
Prospective operational challenge,2026-09-01 21:36:11,94,13.5,13.482613541924083,10
Prospective operational challenge,2026-09-01 21:37:11,94,13.4,13.307649480638466,10
Prospective operational challenge,2026-09-01 21:38:11,94,13.29,13.044227432431018,9
Prospective operational challenge,2026-09-01 21:39:11,94,13.17,12.839912893501468,9
Prospective operational challenge,2026-09-01 21:40:11,94,13.05,12.620243762521266,8
Prospective operational challenge,2026-09-01 21:41:11,94,12.93,12.419407602803735,8
Prospective operational challenge,2026-09-01 21:42:11,94,12.81,12.202669741205124,7
Prospective operational challenge,2026-09-01 21:43:11,94,12.68,12.01394632108993,7
Prospective operational challenge,2026-09-01 21:44:11,94,12.55,11.839892094384211,6
Prospective operational challenge,2026-09-01 21:45:11,94,12.41,11.6662897622622,6
Prospective operational challenge,2026-09-01 21:46:11,94,12.27,11.480526327237923,5
Prospective operational challenge,2026-09-01 21:47:11,94,12.13,11.308746686981952,5
Prospective operational challenge,2026-09-01 21:48:11,94,11.99,11.459003147416745,4
Prospective operational challenge,2026-09-01 21:49:11,94,11.86,11.587338942159072,4
Prospective operational challenge,2026-09-01 21:50:11,94,11.72,11.627899881591055,4
Prospective operational challenge,2026-09-01 21:51:11,94,11.6,11.533800769138535,4
Prospective operational challenge,2026-09-01 21:52:11,94,11.47,11.421110501922987,4
Prospective operational challenge,2026-09-01 21:53:11,94,11.36,11.313117520212966,4
Prospective operational challenge,2026-09-01 21:54:11,94,11.25,11.2202539389383,4
Prospective operational challenge,2026-09-01 21:55:11,94,11.15,11.165967646122002,5
Prospective operational challenge,2026-09-01 21:56:11,94,11.06,11.150239749850034,5
Prospective operational challenge,2026-09-01 21:57:11,94,10.97,11.118771866481117,5
Prospective operational challenge,2026-09-01 21:58:11,94,10.89,11.124648763098955,6
Prospective operational challenge,2026-09-01 21:59:11,94,10.81,11.171385091390524,6
Prospective operational challenge,2026-09-01 22:00:11,94,10.74,11.24018188553841,6
Prospective operational challenge,2026-09-01 22:01:11,94,10.67,11.319255125244482,6
Prospective operational challenge,2026-09-01 22:02:11,94,10.61,11.404641286944306,7
Prospective operational challenge,2026-09-01 22:03:11,94,10.55,11.47071160005874,7
Prospective operational challenge,2026-09-01 22:04:11,94,10.5,11.49894065368559,7
Prospective operational challenge,2026-09-01 22:05:11,94,10.45,11.480811972978124,7
Prospective operational challenge,2026-09-01 22:06:11,94,10.4,11.420335933447577,7
Prospective operational challenge,2026-09-01 22:07:11,94,10.36,11.32254911937553,7
Prospective operational challenge,2026-09-01 22:08:11,94,10.31,11.19449141360779,7
Prospective operational challenge,2026-09-01 22:09:11,94,10.26,11.04289740565936,7
Prospective operational challenge,2026-09-01 22:10:11,94,10.21,10.883440583089788,7
Prospective operational challenge,2026-09-01 22:11:11,94,10.16,10.719984720157402,7
Prospective operational challenge,2026-09-01 22:12:11,94,10.1,10.567647882149137,7
Prospective operational challenge,2026-09-01 22:13:11,94,10.04,10.577532131571964,7
Prospective operational challenge,2026-09-01 22:14:11,94,9.96,10.586737027766116,7
Prospective operational challenge,2026-09-01 22:15:11,94,9.88,10.619810723827964,6
Prospective operational challenge,2026-09-01 22:16:11,94,9.8,10.632061752241029,6
Prospective operational challenge,2026-09-01 22:17:11,94,9.72,10.617982742225989,5
Prospective operational challenge,2026-09-01 22:18:11,94,9.62,10.56504457639519,5
Prospective operational challenge,2026-09-01 22:19:11,94,9.53,10.496232668716075,4
Prospective operational challenge,2026-09-01 22:20:11,94,9.44,10.386515988769547,4
Prospective operational challenge,2026-09-01 22:21:11,94,9.34,10.261177962946212,3
Prospective operational challenge,2026-09-01 22:22:11,94,9.26,10.08710560000302,3
Prospective operational challenge,2026-09-01 22:23:11,94,9.17,9.858004114183696,3
Prospective operational challenge,2026-09-01 22:24:11,94,9.1,9.644917681729662,3
Prospective operational challenge,2026-09-01 22:25:11,94,9.02,9.447236471655888,3
Prospective operational challenge,2026-09-01 22:26:11,94,8.95,9.272522917150368,4
Prospective operational challenge,2026-09-01 22:27:11,94,8.89,9.162394015639611,4
Prospective operational challenge,2026-09-01 22:28:11,94,8.83,9.10346220116224,4
Prospective operational challenge,2026-09-01 22:29:11,94,8.78,9.066601054174765,5
Prospective operational challenge,2026-09-01 22:30:11,94,8.73,9.043699898143911,5
Prospective operational challenge,2026-09-01 22:31:11,94,8.68,9.020190044642868,5
Prospective operational challenge,2026-09-01 22:32:11,94,8.64,8.903556279291767,6
Prospective operational challenge,2026-09-01 22:33:11,94,8.61,8.803518682581657,6
Prospective operational challenge,2026-09-01 22:34:11,94,8.58,8.69649825660613,6
Prospective operational challenge,2026-09-01 22:35:11,94,8.55,8.627675013778596,6
Prospective operational challenge,2026-09-01 22:36:11,94,8.52,8.623661615561115,6
Prospective operational challenge,2026-09-01 22:37:11,94,8.5,8.670284214530195,7
Prospective operational challenge,2026-09-01 22:38:11,94,8.49,8.67814816266618,7
Prospective operational challenge,2026-09-01 22:39:11,94,8.47,8.65758998181388,7
Prospective operational challenge,2026-09-01 22:40:11,94,8.46,8.608835997103432,7
Prospective operational challenge,2026-09-01 22:41:11,94,8.45,8.551650928997686,7
Prospective operational challenge,2026-09-01 22:42:11,94,8.43,8.483066479963547,7
Prospective operational challenge,2026-09-01 22:43:11,94,8.42,8.39356263668077,7
Prospective operational challenge,2026-09-01 22:44:11,94,8.4,8.303540399276889,7
Prospective operational challenge,2026-09-01 22:45:11,94,8.38,8.207601214397414,7
Prospective operational challenge,2026-09-01 22:46:11,94,8.35,8.098105947683372,7
Prospective operational challenge,2026-09-01 22:47:11,94,8.32,8.010189025179491,7
Prospective operational challenge,2026-09-01 22:48:11,94,8.28,8.025514523682524,6
Prospective operational challenge,2026-09-01 22:49:11,94,8.24,8.059655990725599,6
Prospective operational challenge,2026-09-01 22:50:11,94,8.2,8.102211538441342,6
Prospective operational challenge,2026-09-01 22:51:11,94,8.15,8.163096398991597,5
Prospective operational challenge,2026-09-01 22:52:11,94,8.09,8.199479202715718,5
Prospective operational challenge,2026-09-01 22:53:11,94,8.03,8.237272854579935,4
Prospective operational challenge,2026-09-01 22:54:11,94,7.96,8.245583785401974,3
Prospective operational challenge,2026-09-01 22:55:11,94,7.9,8.202449767278498,3
Prospective operational challenge,2026-09-01 22:56:11,94,7.83,8.131871087798881,3
Prospective operational challenge,2026-09-01 22:57:11,94,7.77,8.082319108639616,3
Prospective operational challenge,2026-09-01 22:58:11,94,7.72,8.027687093796487,3
Prospective operational challenge,2026-09-01 22:59:11,94,7.66,7.988375665558742,3
Prospective operational challenge,2026-09-01 23:00:11,94,7.61,8.017032054281053,3
Prospective operational challenge,2026-09-01 23:01:11,94,7.57,8.008539383246001,4
Prospective operational challenge,2026-09-01 23:02:11,94,7.53,7.969352641640885,4
Prospective operational challenge,2026-09-01 23:03:11,94,7.49,7.917643583737167,4
Prospective operational challenge,2026-09-01 23:04:11,94,7.46,7.8544928270176175,4
Prospective operational challenge,2026-09-01 23:05:11,94,7.44,7.79859543177246,5
Prospective operational challenge,2026-09-01 23:06:11,94,7.41,7.743461647692575,5
Prospective operational challenge,2026-09-01 23:07:11,94,7.39,7.681872118748835,5
Prospective operational challenge,2026-09-01 23:08:11,94,7.38,7.6352502754563165,5
Prospective operational challenge,2026-09-01 23:09:11,94,7.36,7.667071815455959,6
Prospective operational challenge,2026-09-01 23:10:11,94,7.35,7.692840764037243,6
Prospective operational challenge,2026-09-01 23:11:11,94,7.35,7.696893835274196,6
Prospective operational challenge,2026-09-01 23:12:11,94,7.34,7.683299213934998,6
Prospective operational challenge,2026-09-01 23:13:11,94,7.34,7.654223802559404,6
Prospective operational challenge,2026-09-01 23:14:11,94,7.34,7.677283272829865,7
Prospective operational challenge,2026-09-01 23:15:11,94,7.35,7.657817422447039,7
Prospective operational challenge,2026-09-01 23:16:11,94,7.36,7.625919936952977,7
Prospective operational challenge,2026-09-01 23:17:11,94,7.36,7.584500548947268,7
Prospective operational challenge,2026-09-01 23:18:11,94,7.37,7.528331487978294,7
Prospective operational challenge,2026-09-01 23:19:11,94,7.37,7.45235878920356,7
Prospective operational challenge,2026-09-01 23:20:11,94,7.37,7.376131049589358,7
Prospective operational challenge,2026-09-01 23:21:11,94,7.36,7.296813348515682,7
Prospective operational challenge,2026-09-01 23:22:11,94,7.35,7.208050446101337,7
Prospective operational challenge,2026-09-01 23:23:11,94,7.33,7.124196040791425,7
Prospective operational challenge,2026-09-01 23:24:11,94,7.3,7.032855147787938,6
Prospective operational challenge,2026-09-01 23:25:11,94,7.28,6.9892684794041955,6
Prospective operational challenge,2026-09-01 23:26:11,94,7.24,6.9738326521232,6
Prospective operational challenge,2026-09-01 23:27:11,94,7.21,6.9466970624806645,5
Prospective operational challenge,2026-09-01 23:28:11,94,7.16,6.9678903894828,5
Prospective operational challenge,2026-09-01 23:29:11,94,7.12,6.982060458523487,4
Prospective operational challenge,2026-09-01 23:30:11,94,7.07,7.020358902330704,4
Prospective operational challenge,2026-09-01 23:31:11,94,7.01,7.059860761061916,3
Prospective operational challenge,2026-09-01 23:32:11,94,6.96,7.035296738757751,3
Prospective operational challenge,2026-09-01 23:33:11,94,6.91,6.989781961627651,3
Prospective operational challenge,2026-09-01 23:34:11,94,6.87,6.934374622632548,3
Prospective operational challenge,2026-09-01 23:35:11,94,6.82,6.906176929582994,3
Prospective operational challenge,2026-09-01 23:36:11,94,6.78,6.910296500357349,3
Prospective operational challenge,2026-09-01 23:37:11,94,6.75,6.890541981528076,3
Prospective operational challenge,2026-09-01 23:38:11,94,6.71,6.843223782284247,3
Prospective operational challenge,2026-09-01 23:39:11,94,6.69,6.798516823398261,4
Prospective operational challenge,2026-09-01 23:40:11,94,6.66,6.746417836388872,4
Prospective operational challenge,2026-09-01 23:41:11,94,6.64,6.68679571137268,4
Prospective operational challenge,2026-09-01 23:42:11,94,6.62,6.667286031749294,5
Prospective operational challenge,2026-09-01 23:43:11,94,6.61,6.62775545730875,5
Prospective operational challenge,2026-09-01 23:44:11,94,6.6,6.58771782389552,5
Prospective operational challenge,2026-09-01 23:45:11,94,6.59,6.548045560099718,5
Prospective operational challenge,2026-09-01 23:46:11,94,6.59,6.510866651118182,5
Prospective operational challenge,2026-09-01 23:47:11,94,6.59,6.508896602322668,6
Prospective operational challenge,2026-09-01 23:48:11,94,6.59,6.484134970597703,6
Prospective operational challenge,2026-09-01 23:49:11,94,6.59,6.454953764503516,6
Prospective operational challenge,2026-09-01 23:50:11,94,6.6,6.444703011948419,6
Prospective operational challenge,2026-09-01 23:51:11,94,6.61,6.42836604036798,6
Prospective operational challenge,2026-09-01 23:52:11,94,6.62,6.40364634869217,6
Prospective operational challenge,2026-09-01 23:53:11,94,6.63,6.407589091151163,7
Prospective operational challenge,2026-09-01 23:54:11,94,6.64,6.418695269573741,7
Prospective operational challenge,2026-09-01 23:55:11,94,6.65,6.417302935509401,7
Prospective operational challenge,2026-09-01 23:56:11,94,6.66,6.3067334745633605,6
Prospective operational challenge,2026-09-01 23:57:11,94,6.67,6.225672049824302,6
Prospective operational challenge,2026-09-01 23:58:11,94,6.68,6.161286517603463,6
Prospective operational challenge,2026-09-01 23:59:11,94,6.68,6.105346426632587,6
Prospective operational challenge,2026-09-02 00:00:11,94,6.68,6.063962177586982,6
Prospective operational challenge,2026-09-02 00:01:11,94,6.67,6.038093101861316,6
Prospective operational challenge,2026-09-02 00:02:11,94,6.66,6.0233039447977195,6
Prospective operational challenge,2026-09-02 00:03:11,94,6.64,6.014737028540514,6
Prospective operational challenge,2026-09-02 00:04:11,94,6.62,6.008429396282688,6
Prospective operational challenge,2026-09-02 00:05:11,94,6.59,6.001732590595753,6
Prospective operational challenge,2026-09-02 00:06:11,94,6.56,5.958335597028917,5
Prospective operational challenge,2026-09-02 00:07:11,94,6.52,5.952243332591085,5
Prospective operational challenge,2026-09-02 00:08:11,94,6.47,5.950194315594906,5
Prospective operational challenge,2026-09-02 00:09:11,94,6.43,5.911705630213363,4
Prospective operational challenge,2026-09-02 00:10:11,94,6.38,5.886450919532098,3
Prospective operational challenge,2026-09-02 00:11:11,94,6.34,5.935489227548764,3
Prospective operational challenge,2026-09-02 00:12:11,94,6.3,5.987307102877321,3
Prospective operational challenge,2026-09-02 00:13:11,94,6.26,6.032473513112626,3
Prospective operational challenge,2026-09-02 00:14:11,94,6.22,6.06779383559145,3
Prospective operational challenge,2026-09-02 00:15:11,94,6.19,6.093272415454024,3
Prospective operational challenge,2026-09-02 00:16:11,94,6.15,6.110122680338779,3
Prospective operational challenge,2026-09-02 00:17:11,94,6.13,6.111568667438976,3
Prospective operational challenge,2026-09-02 00:18:11,94,6.1,6.099928036768364,3
Prospective operational challenge,2026-09-02 00:19:11,94,6.08,6.101084599745553,4
Prospective operational challenge,2026-09-02 00:20:11,94,6.07,6.062363921659665,4
Prospective operational challenge,2026-09-02 00:21:12,94,6.05,6.0136520659175146,4
Prospective operational challenge,2026-09-02 00:22:11,94,6.04,5.959365395262935,4
Prospective operational challenge,2026-09-02 00:23:11,94,6.04,5.931536283456195,5
Prospective operational challenge,2026-09-02 00:24:11,94,6.04,5.884207504740505,5
Prospective operational challenge,2026-09-02 00:25:11,94,6.04,5.833084851848417,5
Prospective operational challenge,2026-09-02 00:26:11,94,6.04,5.78771932083919,5
Prospective operational challenge,2026-09-02 00:27:11,94,6.04,5.764398953235913,5
Prospective operational challenge,2026-09-02 00:28:11,94,6.05,5.790243091635054,6
Prospective operational challenge,2026-09-02 00:29:11,94,6.06,5.797926244153727,6
Prospective operational challenge,2026-09-02 00:30:11,94,6.07,5.798227948020857,6
Prospective operational challenge,2026-09-02 00:31:11,94,6.08,5.795063174581805,6
Prospective operational challenge,2026-09-02 00:32:11,94,6.09,5.781268865711263,6
Prospective operational challenge,2026-09-02 00:33:11,94,6.1,5.762414735504874,6
Prospective operational challenge,2026-09-02 00:34:11,94,6.11,5.749453937881533,6
Prospective operational challenge,2026-09-02 00:35:11,94,6.12,5.86368899690768,7
Prospective operational challenge,2026-09-02 00:36:11,94,6.14,5.919917189567581,7
Prospective operational challenge,2026-09-02 00:37:11,94,6.15,5.802243424348882,6
Prospective operational challenge,2026-09-02 00:38:11,94,6.17,5.72052701695025,6
Prospective operational challenge,2026-09-02 00:39:11,94,6.18,5.644333282781311,6
Prospective operational challenge,2026-09-02 00:40:12,94,6.19,5.581281708610444,6
Prospective operational challenge,2026-09-02 00:41:12,94,6.2,5.547166879166158,6
Prospective operational challenge,2026-09-02 00:42:12,94,6.2,5.52780398971482,6
Prospective operational challenge,2026-09-02 00:43:12,94,6.19,5.5261836302480845,6
Prospective operational challenge,2026-09-02 00:44:12,94,6.18,5.535885950538761,6
Prospective operational challenge,2026-09-02 00:45:12,94,6.17,5.555187819107768,6
Prospective operational challenge,2026-09-02 00:46:12,94,6.14,5.582094816590487,6
Prospective operational challenge,2026-09-02 00:47:12,94,6.12,5.6139375155338485,6
Prospective operational challenge,2026-09-02 00:48:12,94,6.08,5.53519979622103,5
Prospective operational challenge,2026-09-02 00:49:12,94,6.04,5.52936672884375,5
Prospective operational challenge,2026-09-02 00:50:12,94,6.0,5.435322402941932,4
Prospective operational challenge,2026-09-02 00:51:12,94,5.95,5.396240700378846,4
Prospective operational challenge,2026-09-02 00:52:12,94,5.91,5.307028359329622,3
Prospective operational challenge,2026-09-02 00:53:12,94,5.87,5.346914668511435,3
Prospective operational challenge,2026-09-02 00:54:12,94,5.83,5.38542583527068,3
Prospective operational challenge,2026-09-02 00:55:12,94,5.79,5.415477769682715,3
Prospective operational challenge,2026-09-02 00:56:12,94,5.76,5.435924677161351,3
Prospective operational challenge,2026-09-02 00:57:12,94,5.73,5.446896156236862,3
Prospective operational challenge,2026-09-02 00:58:12,94,5.7,5.447473115291475,3
Prospective operational challenge,2026-09-02 00:59:12,94,5.68,5.4393046295012555,3
Prospective operational challenge,2026-09-02 01:00:12,94,5.66,5.423188504395879,3
Prospective operational challenge,2026-09-02 01:01:12,94,5.64,5.4256463424117625,4
Prospective operational challenge,2026-09-02 01:02:12,94,5.63,5.394110448152321,4
Prospective operational challenge,2026-09-02 01:03:12,94,5.62,5.357802834246055,4
Prospective operational challenge,2026-09-02 01:04:12,94,5.61,5.3156570521457205,4
Prospective operational challenge,2026-09-02 01:05:12,94,5.61,5.321786911492481,5
Prospective operational challenge,2026-09-02 01:06:12,94,5.61,5.301057758818171,5
Prospective operational challenge,2026-09-02 01:07:12,94,5.62,5.280768220983443,5
Prospective operational challenge,2026-09-02 01:08:12,94,5.62,5.26036684301763,5
Prospective operational challenge,2026-09-02 01:09:12,94,5.63,5.235678322999978,5
Prospective operational challenge,2026-09-02 01:10:12,94,5.63,5.22496150692565,5
Prospective operational challenge,2026-09-02 01:11:12,94,5.64,5.274571106422719,6
Prospective operational challenge,2026-09-02 01:12:12,94,5.65,5.350929389162898,6
Prospective operational challenge,2026-09-02 01:13:12,94,5.66,5.393306030452734,6
Prospective operational challenge,2026-09-02 01:14:12,94,5.67,5.410580985564984,6
Prospective operational challenge,2026-09-02 01:15:12,94,5.69,5.4115816902513885,6
Prospective operational challenge,2026-09-02 01:16:12,94,5.7,5.410077893894245,6
Prospective operational challenge,2026-09-02 01:17:12,94,5.71,5.4053624721512445,6
Prospective operational challenge,2026-09-02 01:18:12,94,5.73,5.397762821892603,6
Prospective operational challenge,2026-09-02 01:19:12,94,5.75,5.518584357827724,7
Prospective operational challenge,2026-09-02 01:20:12,94,5.77,5.586837064851418,7
Prospective operational challenge,2026-09-02 01:21:12,94,5.78,5.486193982296502,6
Prospective operational challenge,2026-09-02 01:22:12,94,5.8,5.4216100849783,6
Prospective operational challenge,2026-09-02 01:23:12,94,5.82,5.397330385980354,6
Prospective operational challenge,2026-09-02 01:24:12,94,5.83,5.383136702047125,6
Prospective operational challenge,2026-09-02 01:25:12,94,5.84,5.377878893452194,6
Prospective operational challenge,2026-09-02 01:26:12,94,5.84,5.376104564886077,6
Prospective operational challenge,2026-09-02 01:27:12,94,5.84,5.3828873287818695,6
Prospective operational challenge,2026-09-02 01:28:12,94,5.83,5.398049223309365,6
Prospective operational challenge,2026-09-02 01:29:12,94,5.81,5.415301885963054,6
Prospective operational challenge,2026-09-02 01:30:12,94,5.78,5.433620430406568,6
Prospective operational challenge,2026-09-02 01:31:12,94,5.76,5.462233745564879,6
Prospective operational challenge,2026-09-02 01:32:12,94,5.72,5.377786323073425,5
Prospective operational challenge,2026-09-02 01:33:12,94,5.68,5.334190775490086,5
Prospective operational challenge,2026-09-02 01:34:12,94,5.64,5.227394596534149,4
Prospective operational challenge,2026-09-02 01:35:12,94,5.6,5.087995508014102,3
Prospective operational challenge,2026-09-02 01:36:12,94,5.56,5.020496116062532,3
Prospective operational challenge,2026-09-02 01:37:12,94,5.52,4.985891797125613,3
Prospective operational challenge,2026-09-02 01:38:12,94,5.48,4.961993336952882,3
Prospective operational challenge,2026-09-02 01:39:12,94,5.45,4.966907123793245,3
Prospective operational challenge,2026-09-02 01:40:12,94,5.43,4.999550273134247,3
Prospective operational challenge,2026-09-02 01:41:12,94,5.4,5.0258349709686705,3
Prospective operational challenge,2026-09-02 01:42:12,94,5.38,5.044709598901788,3
Prospective operational challenge,2026-09-02 01:43:12,94,5.36,5.055060289682128,3
Prospective operational challenge,2026-09-02 01:44:12,94,5.35,5.054575145329723,3
Prospective operational challenge,2026-09-02 01:45:12,94,5.34,5.060855573231338,4
Prospective operational challenge,2026-09-02 01:46:12,94,5.33,5.004521302474133,4
Prospective operational challenge,2026-09-02 01:47:12,94,5.33,4.943873724364152,4
Prospective operational challenge,2026-09-02 01:48:12,94,5.33,4.878968664507363,4
Prospective operational challenge,2026-09-02 01:49:12,94,5.33,4.838969759517905,4
Prospective operational challenge,2026-09-02 01:50:12,94,5.33,4.8591109958274625,5
Prospective operational challenge,2026-09-02 01:51:12,94,5.34,4.874753311728854,5
Prospective operational challenge,2026-09-02 01:52:12,94,5.34,4.885696452933315,5
Prospective operational challenge,2026-09-02 01:53:12,94,5.35,4.863411362219127,5
Prospective operational challenge,2026-09-02 01:54:12,94,5.36,4.84094604264505,5
Prospective operational challenge,2026-09-02 01:55:12,94,5.37,4.8446811629688025,5
Prospective operational challenge,2026-09-02 01:56:12,94,5.38,4.976069324261677,6
Prospective operational challenge,2026-09-02 01:57:12,94,5.39,5.060665709495292,6
Prospective operational challenge,2026-09-02 01:58:12,94,5.4,5.110260951137695,6
Prospective operational challenge,2026-09-02 01:59:12,94,5.41,5.135374161382842,6
Prospective operational challenge,2026-09-02 02:00:12,94,5.43,5.153089864849515,6
Prospective operational challenge,2026-09-02 02:01:12,94,5.44,5.164437859771734,6
Prospective operational challenge,2026-09-02 02:02:12,94,5.46,5.169141379608893,6
Prospective operational challenge,2026-09-02 02:03:12,94,5.47,5.165196181201077,6
Prospective operational challenge,2026-09-02 02:04:12,94,5.49,5.150228495549856,6
Prospective operational challenge,2026-09-02 02:05:12,94,5.51,5.272672091223975,7
Prospective operational challenge,2026-09-02 02:06:12,94,5.53,5.345597146426671,7
Prospective operational challenge,2026-09-02 02:07:12,94,5.56,5.265803746957607,6
Prospective operational challenge,2026-09-02 02:08:12,94,5.57,5.2196058382160215,6
Prospective operational challenge,2026-09-02 02:09:12,94,5.59,5.190921489460941,6
Prospective operational challenge,2026-09-02 02:10:12,94,5.6,5.174886788505053,6
Prospective operational challenge,2026-09-02 02:11:12,94,5.61,5.170574898045828,6
Prospective operational challenge,2026-09-02 02:12:12,94,5.61,5.174441506091261,6
Prospective operational challenge,2026-09-02 02:13:12,94,5.61,5.186134278444609,6
Prospective operational challenge,2026-09-02 02:14:12,94,5.59,5.205006355969331,6
Prospective operational challenge,2026-09-02 02:15:12,94,5.57,5.2300524999196565,6
Prospective operational challenge,2026-09-02 02:16:12,94,5.55,5.239327862953155,6
Prospective operational challenge,2026-09-02 02:17:12,94,5.52,5.249034906222341,6
Prospective operational challenge,2026-09-02 02:18:12,94,5.48,5.1712761658947874,5
Prospective operational challenge,2026-09-02 02:19:12,94,5.44,5.126857497616967,5
Prospective operational challenge,2026-09-02 02:20:12,94,5.4,5.038072113824921,4
Prospective operational challenge,2026-09-02 02:21:12,94,5.36,4.929915622598932,3
Prospective operational challenge,2026-09-02 02:22:12,94,5.32,4.879481768892539,3
Prospective operational challenge,2026-09-02 02:23:12,94,5.28,4.851988555317332,3
Prospective operational challenge,2026-09-02 02:24:12,94,5.24,4.828644194983231,3
Prospective operational challenge,2026-09-02 02:25:12,94,5.21,4.795318386328594,3
Prospective operational challenge,2026-09-02 02:26:12,94,5.18,4.753241654174055,3
Prospective operational challenge,2026-09-02 02:27:12,94,5.16,4.768861016399896,3
Prospective operational challenge,2026-09-02 02:28:12,94,5.14,4.760542906650523,3
Prospective operational challenge,2026-09-02 02:29:12,94,5.12,4.74087028426859,3
Prospective operational challenge,2026-09-02 02:30:12,94,5.11,4.698326355079979,3
Prospective operational challenge,2026-09-02 02:31:12,94,5.1,4.6866596535679985,4
Prospective operational challenge,2026-09-02 02:32:12,94,5.09,4.622612853365797,4
Prospective operational challenge,2026-09-02 02:33:12,94,5.08,4.565936450045427,4
Prospective operational challenge,2026-09-02 02:34:12,94,5.08,4.510763843082202,4
Prospective operational challenge,2026-09-02 02:35:12,94,5.08,4.4796266626684575,4
Prospective operational challenge,2026-09-02 02:36:12,94,5.09,4.512571043578738,5
Prospective operational challenge,2026-09-02 02:37:12,94,5.09,4.543912256664055,5
Prospective operational challenge,2026-09-02 02:38:12,94,5.1,4.578260401246667,5
Prospective operational challenge,2026-09-02 02:39:12,94,5.11,4.644053947820495,5
Prospective operational challenge,2026-09-02 02:40:12,94,5.11,4.670319564821744,5
Prospective operational challenge,2026-09-02 02:41:12,94,5.12,4.681995617831172,5
Prospective operational challenge,2026-09-02 02:42:12,94,5.13,4.690249022774976,5
Prospective operational challenge,2026-09-02 02:43:12,94,5.14,4.830182941381338,6
Prospective operational challenge,2026-09-02 02:44:12,94,5.16,4.9172890229348605,6
Prospective operational challenge,2026-09-02 02:45:12,94,5.17,4.967701150940114,6
Prospective operational challenge,2026-09-02 02:46:12,94,5.19,5.001740979485683,6
Prospective operational challenge,2026-09-02 02:47:12,94,5.2,5.022588395541849,6
Prospective operational challenge,2026-09-02 02:48:12,94,5.22,5.03040161888865,6
Prospective operational challenge,2026-09-02 02:49:12,94,5.24,5.0268662805558115,6
Prospective operational challenge,2026-09-02 02:50:12,94,5.25,5.009810660565502,6
Prospective operational challenge,2026-09-02 02:51:12,94,5.27,5.008021407387298,6
Prospective operational challenge,2026-09-02 02:52:12,94,5.3,5.009627597918508,6
Prospective operational challenge,2026-09-02 02:53:12,94,5.32,5.139031258101632,7
Prospective operational challenge,2026-09-02 02:54:12,94,5.34,5.215819331886095,7
Prospective operational challenge,2026-09-02 02:55:12,94,5.36,5.248609838156566,7
Prospective operational challenge,2026-09-02 02:56:12,94,5.39,5.1696076320472635,6
Prospective operational challenge,2026-09-02 02:57:12,94,5.41,5.115756608930319,6
Prospective operational challenge,2026-09-02 02:58:12,94,5.42,5.088123784110396,6
Prospective operational challenge,2026-09-02 02:59:12,94,5.43,5.07863569812487,6
Prospective operational challenge,2026-09-02 03:00:12,94,5.44,5.079225314761885,6
Prospective operational challenge,2026-09-02 03:01:12,94,5.43,5.080153852336679,6
Prospective operational challenge,2026-09-02 03:02:12,94,5.42,5.0910535421388605,6
Prospective operational challenge,2026-09-02 03:03:12,94,5.4,5.105919967130856,6
Prospective operational challenge,2026-09-02 03:04:12,94,5.38,5.122864502666644,6
Prospective operational challenge,2026-09-02 03:05:12,94,5.35,5.134976297673276,6
Prospective operational challenge,2026-09-02 03:06:12,94,5.31,5.073330848663994,5
Prospective operational challenge,2026-09-02 03:07:12,94,5.28,5.057513782557783,5
Prospective operational challenge,2026-09-02 03:08:12,94,5.23,4.970260816372642,4
Prospective operational challenge,2026-09-02 03:09:12,94,5.19,4.925262355253104,4
Prospective operational challenge,2026-09-02 03:10:12,94,5.15,4.82512387572205,3
Prospective operational challenge,2026-09-02 03:11:12,94,5.1,4.772961695260215,3
Prospective operational challenge,2026-09-02 03:12:12,94,5.07,4.736861797948759,3
Prospective operational challenge,2026-09-02 03:13:12,94,5.03,4.707760599110507,3
Prospective operational challenge,2026-09-02 03:14:12,94,5.0,4.68067894588254,3
Prospective operational challenge,2026-09-02 03:15:12,94,4.97,4.643136462015412,3
Prospective operational challenge,2026-09-02 03:16:12,94,4.94,4.634599583901521,3
Prospective operational challenge,2026-09-02 03:17:12,94,4.92,4.620385874539415,3
Prospective operational challenge,2026-09-02 03:18:12,94,4.91,4.606330762795627,3
Prospective operational challenge,2026-09-02 03:19:12,94,4.9,4.590823524079582,3
Prospective operational challenge,2026-09-02 03:20:12,94,4.89,4.557114587408327,4
Prospective operational challenge,2026-09-02 03:21:12,94,4.88,4.518457763991876,4
Prospective operational challenge,2026-09-02 03:22:12,94,4.88,4.480504192075358,4
Prospective operational challenge,2026-09-02 03:23:12,94,4.88,4.452101427298961,4
Prospective operational challenge,2026-09-02 03:24:12,94,4.88,4.432077320856417,4
Prospective operational challenge,2026-09-02 03:25:12,94,4.89,4.457230676418886,5
Prospective operational challenge,2026-09-02 03:26:12,94,4.89,4.50109751188776,5
Prospective operational challenge,2026-09-02 03:27:12,94,4.9,4.563905663746294,5
Prospective operational challenge,2026-09-02 03:28:12,94,4.91,4.629518698081523,5
Prospective operational challenge,2026-09-02 03:29:12,94,4.92,4.642448701884987,5
Prospective operational challenge,2026-09-02 03:30:12,94,4.93,4.646690692262285,5
Prospective operational challenge,2026-09-02 03:31:12,94,4.94,4.645764232798035,5
Prospective operational challenge,2026-09-02 03:32:12,94,4.95,4.770797815426708,6
Prospective operational challenge,2026-09-02 03:33:12,94,4.96,4.849097336793498,6
Prospective operational challenge,2026-09-02 03:34:12,94,4.97,4.890457593108279,6
Prospective operational challenge,2026-09-02 03:35:12,94,5.0,4.91607653989213,6
Prospective operational challenge,2026-09-02 03:36:12,94,5.02,4.928594322131362,6
Prospective operational challenge,2026-09-02 03:37:12,94,5.03,4.930613300984224,6
Prospective operational challenge,2026-09-02 03:38:12,94,5.05,4.9234570439479715,6
Prospective operational challenge,2026-09-02 03:39:12,94,5.07,4.906645507486987,6
Prospective operational challenge,2026-09-02 03:40:12,94,5.09,4.913065168795036,6
Prospective operational challenge,2026-09-02 03:41:12,94,5.11,4.918863286131352,6
Prospective operational challenge,2026-09-02 03:42:12,94,5.14,4.926420240664276,6
Prospective operational challenge,2026-09-02 03:43:12,94,5.17,5.063626639181913,7
Prospective operational challenge,2026-09-02 03:44:12,94,5.19,5.133989573003256,7
Prospective operational challenge,2026-09-02 03:45:12,94,5.22,5.178630032351841,7
Prospective operational challenge,2026-09-02 03:46:12,94,5.24,5.214210874325201,7
Prospective operational challenge,2026-09-02 03:47:12,94,5.27,5.236348608109921,7
Prospective operational challenge,2026-09-02 03:48:12,94,5.29,5.250163509166759,7
Prospective operational challenge,2026-09-02 03:49:12,94,5.3,5.257408936037255,7
Prospective operational challenge,2026-09-02 03:50:12,94,5.31,5.1801474308870885,6
Prospective operational challenge,2026-09-02 03:51:12,94,5.31,5.140325354212992,6
Prospective operational challenge,2026-09-02 03:52:12,94,5.29,5.11670573869141,6
Prospective operational challenge,2026-09-02 03:53:12,94,5.27,5.102023509861249,6
Prospective operational challenge,2026-09-02 03:54:12,94,5.25,5.091800339500642,6
Prospective operational challenge,2026-09-02 03:55:12,94,5.21,5.0971140681611145,6
Prospective operational challenge,2026-09-02 03:56:12,94,5.18,5.1147878315786315,6
Prospective operational challenge,2026-09-02 03:57:12,94,5.14,5.052370458961901,5
Prospective operational challenge,2026-09-02 03:58:12,94,5.1,5.028477855282521,5
Prospective operational challenge,2026-09-02 03:59:12,94,5.06,4.9372330276618985,4
Prospective operational challenge,2026-09-02 04:00:12,94,5.01,4.891368372283881,4
Prospective operational challenge,2026-09-02 04:01:12,94,4.96,4.7834035395257715,3
Prospective operational challenge,2026-09-02 04:02:12,94,4.93,4.728657984279295,3
Prospective operational challenge,2026-09-02 04:03:12,94,4.9,4.707546553724497,3
Prospective operational challenge,2026-09-02 04:04:12,94,4.87,4.697650119017116,3
Prospective operational challenge,2026-09-02 04:05:12,94,4.84,4.687275057667671,3
Prospective operational challenge,2026-09-02 04:06:12,94,4.82,4.704015371612746,3
Prospective operational challenge,2026-09-02 04:07:12,94,4.8,4.723257825112115,3
Prospective operational challenge,2026-09-02 04:08:12,94,4.79,4.71378164103243,3
Prospective operational challenge,2026-09-02 04:09:12,94,4.77,4.710312802236992,3
Prospective operational challenge,2026-09-02 04:10:12,94,4.76,4.705408839191928,3
Prospective operational challenge,2026-09-02 04:11:12,94,4.76,4.679564984171498,4
Prospective operational challenge,2026-09-02 04:12:12,94,4.75,4.647280970116292,4
Prospective operational challenge,2026-09-02 04:13:12,94,4.75,4.608931423681612,4
Prospective operational challenge,2026-09-02 04:14:12,94,4.75,4.58219842072715,4
Prospective operational challenge,2026-09-02 04:15:12,94,4.76,4.5643275201866835,4
Prospective operational challenge,2026-09-02 04:16:12,94,4.76,4.559563073926762,5
Prospective operational challenge,2026-09-02 04:17:12,94,4.77,4.572055163162909,5
Prospective operational challenge,2026-09-02 04:18:12,94,4.77,4.602021706123508,5
Prospective operational challenge,2026-09-02 04:19:12,94,4.78,4.627315428607254,5
Prospective operational challenge,2026-09-02 04:20:12,94,4.79,4.606866065179794,5
Prospective operational challenge,2026-09-02 04:21:12,94,4.8,4.607306719074648,5
Prospective operational challenge,2026-09-02 04:22:12,94,4.8,4.603852521512588,5
Prospective operational challenge,2026-09-02 04:23:12,94,4.82,4.717440154644773,6
Prospective operational challenge,2026-09-02 04:24:12,94,4.83,4.79011848145018,6
Prospective operational challenge,2026-09-02 04:25:12,94,4.84,4.834809193290096,6
Prospective operational challenge,2026-09-02 04:26:12,94,4.86,4.8648428025455175,6
Prospective operational challenge,2026-09-02 04:27:12,94,4.87,4.882097543309751,6
Prospective operational challenge,2026-09-02 04:28:12,94,4.89,4.888800961166599,6
Prospective operational challenge,2026-09-02 04:29:12,94,4.91,4.886103573680758,6
Prospective operational challenge,2026-09-02 04:30:12,94,4.93,4.88520035127077,6
Prospective operational challenge,2026-09-02 04:31:12,94,4.95,4.8956075288740735,6
Prospective operational challenge,2026-09-02 04:32:12,94,4.98,4.906260868117245,6
Prospective operational challenge,2026-09-02 04:33:12,94,5.01,4.91896057948863,6
Prospective operational challenge,2026-09-02 04:34:12,94,5.04,4.935618335769374,6
Prospective operational challenge,2026-09-02 04:35:12,94,5.06,5.082111621388069,7
Prospective operational challenge,2026-09-02 04:36:12,94,5.09,5.169898945361675,7
Prospective operational challenge,2026-09-02 04:37:12,94,5.12,5.216019019417439,7
Prospective operational challenge,2026-09-02 04:38:12,94,5.14,5.241384058876665,7
Prospective operational challenge,2026-09-02 04:39:12,94,5.16,5.251631977644657,7
Prospective operational challenge,2026-09-02 04:40:12,94,5.18,5.2514264336199625,7
Prospective operational challenge,2026-09-02 04:41:12,94,5.19,5.168083432422964,6
Prospective operational challenge,2026-09-02 04:42:12,94,5.19,5.123249330955526,6
Prospective operational challenge,2026-09-02 04:43:12,94,5.19,5.09367422845372,6
Prospective operational challenge,2026-09-02 04:44:12,94,5.17,5.074008123782129,6
Prospective operational challenge,2026-09-02 04:45:12,94,5.14,5.060613189974276,6
Prospective operational challenge,2026-09-02 04:46:12,94,5.11,5.062831856358483,6
Prospective operational challenge,2026-09-02 04:47:12,94,5.07,5.0776661650966215,6
Prospective operational challenge,2026-09-02 04:48:12,94,5.03,5.108377049470178,6
Prospective operational challenge,2026-09-02 04:49:12,94,4.98,5.053393833945148,5
Prospective operational challenge,2026-09-02 04:50:12,94,4.94,5.0379734980336615,5
Prospective operational challenge,2026-09-02 04:51:12,94,4.9,4.954048531424831,4
Prospective operational challenge,2026-09-02 04:52:12,94,4.86,4.831308521619511,3
Prospective operational challenge,2026-09-02 04:53:12,94,4.82,4.76347427049168,3
Prospective operational challenge,2026-09-02 04:54:12,94,4.79,4.731154172880668,3
Prospective operational challenge,2026-09-02 04:55:12,94,4.75,4.7158758097031495,3
Prospective operational challenge,2026-09-02 04:56:12,94,4.72,4.7023395643783195,3
Prospective operational challenge,2026-09-02 04:57:12,94,4.7,4.688115747842205,3
Prospective operational challenge,2026-09-02 04:58:12,94,4.67,4.717066283666031,3
Prospective operational challenge,2026-09-02 04:59:12,94,4.65,4.699031401311745,3
Prospective operational challenge,2026-09-02 05:00:12,94,4.64,4.685244838125959,3
Prospective operational challenge,2026-09-02 05:01:12,94,4.63,4.678808174095278,3
Prospective operational challenge,2026-09-02 05:02:12,94,4.62,4.681307668781606,3
Prospective operational challenge,2026-09-02 05:03:12,94,4.61,4.65075028120958,4
Prospective operational challenge,2026-09-02 05:04:12,94,4.61,4.611494017360815,4
Prospective operational challenge,2026-09-02 05:05:12,94,4.61,4.565851153053562,4
Prospective operational challenge,2026-09-02 05:06:12,94,4.61,4.532464984733585,4
Prospective operational challenge,2026-09-02 05:07:12,94,4.61,4.510634055632785,4
Prospective operational challenge,2026-09-02 05:08:12,94,4.62,4.500814416555954,5
Prospective operational challenge,2026-09-02 05:09:12,94,4.63,4.503038750514372,5
Prospective operational challenge,2026-09-02 05:10:12,94,4.63,4.532564545120547,5
Prospective operational challenge,2026-09-02 05:11:12,94,4.64,4.554141189058443,5
Prospective operational challenge,2026-09-02 05:12:12,94,4.65,4.574970846715416,5
Prospective operational challenge,2026-09-02 05:13:12,94,4.66,4.5785621051137975,5
Prospective operational challenge,2026-09-02 05:14:12,94,4.67,4.577634984432557,5
Prospective operational challenge,2026-09-02 05:15:12,94,4.68,4.693627180383048,6
Prospective operational challenge,2026-09-02 05:16:12,94,4.69,4.761144897491231,6
Prospective operational challenge,2026-09-02 05:17:12,94,4.71,4.807161066019805,6
Prospective operational challenge,2026-09-02 05:18:12,94,4.72,4.838550736864621,6
Prospective operational challenge,2026-09-02 05:19:12,94,4.74,4.857449640907273,6
Prospective operational challenge,2026-09-02 05:20:12,94,4.76,4.867734021069351,6
Prospective operational challenge,2026-09-02 05:21:12,94,4.78,4.868565265286868,6
Prospective operational challenge,2026-09-02 05:22:12,94,4.8,4.879777238428039,6
Prospective operational challenge,2026-09-02 05:23:12,94,4.82,4.8943308133236245,6
Prospective operational challenge,2026-09-02 05:24:12,94,4.85,4.908933696114841,6
Prospective operational challenge,2026-09-02 05:25:12,94,4.87,4.922427056794812,6
Prospective operational challenge,2026-09-02 05:26:12,94,4.9,4.9360628625066045,6
Prospective operational challenge,2026-09-02 05:27:12,94,4.92,5.077564904437397,7
Prospective operational challenge,2026-09-02 05:28:12,94,4.95,5.16552678969668,7
Prospective operational challenge,2026-09-02 05:29:12,94,4.98,5.207651979610717,7
Prospective operational challenge,2026-09-02 05:30:12,94,5.01,5.230376118407067,7
Prospective operational challenge,2026-09-02 05:31:12,94,5.04,5.239377359767925,7
Prospective operational challenge,2026-09-02 05:32:12,94,5.06,5.236870969532974,7
Prospective operational challenge,2026-09-02 05:33:12,94,5.07,5.151891739661449,6
Prospective operational challenge,2026-09-02 05:34:12,94,5.08,5.106707571026953,6
Prospective operational challenge,2026-09-02 05:35:12,94,5.08,5.078188904357955,6
Prospective operational challenge,2026-09-02 05:36:12,94,5.07,5.059869415318739,6
Prospective operational challenge,2026-09-02 05:37:12,94,5.05,5.047492944596485,6
Prospective operational challenge,2026-09-02 05:38:12,94,5.02,5.052639290898612,6
Prospective operational challenge,2026-09-02 05:39:12,94,4.98,5.071413697227777,6
Prospective operational challenge,2026-09-02 05:40:12,94,4.94,5.106983392971856,6
Prospective operational challenge,2026-09-02 05:41:12,94,4.9,5.055492914513517,5
Prospective operational challenge,2026-09-02 05:42:12,94,4.86,5.041587521188453,5
Prospective operational challenge,2026-09-02 05:43:12,94,4.82,5.043195789830206,5
Prospective operational challenge,2026-09-02 05:44:12,94,4.78,4.9686761626234315,4
Prospective operational challenge,2026-09-02 05:45:12,94,4.74,4.851156555423254,3
Prospective operational challenge,2026-09-02 05:46:12,94,4.7,4.786822598127728,3
Prospective operational challenge,2026-09-02 05:47:12,94,4.67,4.758550470936879,3
Prospective operational challenge,2026-09-02 05:48:12,94,4.64,4.743739304793433,3
Prospective operational challenge,2026-09-02 05:49:12,94,4.61,4.728083859011788,3
Prospective operational challenge,2026-09-02 05:50:12,94,4.58,4.706948719104877,3
Prospective operational challenge,2026-09-02 05:51:12,94,4.56,4.710805503355012,3
Prospective operational challenge,2026-09-02 05:52:12,94,4.54,4.704141947436777,3
Prospective operational challenge,2026-09-02 05:53:12,94,4.53,4.691822057997055,3
Prospective operational challenge,2026-09-02 05:54:12,94,4.51,4.674549275454919,3
Prospective operational challenge,2026-09-02 05:55:12,94,4.51,4.644527095807488,3
Prospective operational challenge,2026-09-02 05:56:12,94,4.5,4.61798206739767,4
Prospective operational challenge,2026-09-02 05:57:12,94,4.5,4.574118538013752,4
Prospective operational challenge,2026-09-02 05:58:12,94,4.5,4.524549461672287,4
Prospective operational challenge,2026-09-02 05:59:12,94,4.5,4.486796899721096,4
Prospective operational challenge,2026-09-02 06:00:12,94,4.5,4.460330461673661,4
Prospective operational challenge,2026-09-02 06:01:12,94,4.51,4.4459055407126495,5
Prospective operational challenge,2026-09-02 06:02:12,94,4.52,4.462663140759066,5
Prospective operational challenge,2026-09-02 06:03:12,94,4.52,4.493247827146873,5
Prospective operational challenge,2026-09-02 06:04:13,94,4.53,4.556065424962423,5
Prospective operational challenge,2026-09-02 06:05:12,94,4.54,4.566419610746859,5
Prospective operational challenge,2026-09-02 06:06:12,94,4.55,4.569489263398748,5
Prospective operational challenge,2026-09-02 06:07:12,94,4.56,4.56816352333138,5
Prospective operational challenge,2026-09-02 06:08:13,94,4.57,4.565311977827019,5
Prospective operational challenge,2026-09-02 06:09:13,94,4.59,4.6931409025158,6
Prospective operational challenge,2026-09-02 06:10:13,94,4.6,4.775639340695889,6
Prospective operational challenge,2026-09-02 06:11:13,94,4.62,4.833129891051573,6
Prospective operational challenge,2026-09-02 06:12:13,94,4.64,4.868454180832345,6
Prospective operational challenge,2026-09-02 06:13:13,94,4.65,4.888487733231907,6
Prospective operational challenge,2026-09-02 06:14:13,94,4.67,4.8955310166222334,6
Prospective operational challenge,2026-09-02 06:15:13,94,4.69,4.906593932561673,6
Prospective operational challenge,2026-09-02 06:16:13,94,4.72,4.919260772002637,6
Prospective operational challenge,2026-09-02 06:17:13,94,4.74,4.9279465183991205,6
Prospective operational challenge,2026-09-02 06:18:13,94,4.76,4.935324377586998,6
Prospective operational challenge,2026-09-02 06:19:13,94,4.79,4.942781016056399,6
Prospective operational challenge,2026-09-02 06:20:13,94,4.82,4.9519154454112,6
Prospective operational challenge,2026-09-02 06:21:13,94,4.84,5.089692757570958,7
Prospective operational challenge,2026-09-02 06:22:13,94,4.87,5.148367830936602,7
Prospective operational challenge,2026-09-02 06:23:13,94,4.9,5.185492709043999,7
Prospective operational challenge,2026-09-02 06:24:13,94,4.93,5.204299231627022,7
Prospective operational challenge,2026-09-02 06:25:13,94,4.95,5.211073494161498,7
Prospective operational challenge,2026-09-02 06:26:13,94,4.96,5.221747803429248,7
Prospective operational challenge,2026-09-02 06:27:13,94,4.98,5.145053622457537,6
Prospective operational challenge,2026-09-02 06:28:13,94,5.0,5.1037938711254185,6
Prospective operational challenge,2026-09-02 06:29:13,94,5.0,5.079292003218427,6
Prospective operational challenge,2026-09-02 06:30:13,94,4.98,5.06580714389977,6
Prospective operational challenge,2026-09-02 06:31:13,94,4.96,5.070151150612854,6
Prospective operational challenge,2026-09-02 06:32:13,94,4.93,5.087871199219755,6
Prospective operational challenge,2026-09-02 06:33:13,94,4.89,5.1207038344585225,6
Prospective operational challenge,2026-09-02 06:34:13,94,4.85,5.156800425685024,6
Prospective operational challenge,2026-09-02 06:35:13,94,4.81,5.103616476052635,5
Prospective operational challenge,2026-09-02 06:36:13,94,4.76,5.087042788789344,5
Prospective operational challenge,2026-09-02 06:37:13,94,4.72,5.002630977555846,4
Prospective operational challenge,2026-09-02 06:38:13,94,4.68,4.960971473322758,4
Prospective operational challenge,2026-09-02 06:39:13,94,4.65,4.855344326007272,3
Prospective operational challenge,2026-09-02 06:40:13,94,4.61,4.793593932415529,3
Prospective operational challenge,2026-09-02 06:41:13,94,4.58,4.762898728330621,3
Prospective operational challenge,2026-09-02 06:42:13,94,4.55,4.745721538873498,3
Prospective operational challenge,2026-09-02 06:43:13,94,4.53,4.728071768186806,3
Prospective operational challenge,2026-09-02 06:44:13,94,4.5,4.711214985591708,3
Prospective operational challenge,2026-09-02 06:45:13,94,4.49,4.714307686378719,3
Prospective operational challenge,2026-09-02 06:46:13,94,4.47,4.704294783021316,3
Prospective operational challenge,2026-09-02 06:47:13,94,4.46,4.691031903692564,3
Prospective operational challenge,2026-09-02 06:48:13,94,4.45,4.670577156069604,3
Prospective operational challenge,2026-09-02 06:49:13,94,4.45,4.634398951774474,4
Prospective operational challenge,2026-09-02 06:50:13,94,4.44,4.591640410442432,4
Prospective operational challenge,2026-09-02 06:51:13,94,4.44,4.54181506528709,4
Prospective operational challenge,2026-09-02 06:52:13,94,4.44,4.5033502781768,4
Prospective operational challenge,2026-09-02 06:53:13,94,4.45,4.474637874929378,4
Prospective operational challenge,2026-09-02 06:54:13,94,4.45,4.454932663995735,4
Prospective operational challenge,2026-09-02 06:55:13,94,4.46,4.445560857741091,5
Prospective operational challenge,2026-09-02 06:56:13,94,4.46,4.478905936148043,5
Prospective operational challenge,2026-09-02 06:57:13,94,4.47,4.522928818826841,5
Prospective operational challenge,2026-09-02 06:58:13,94,4.48,4.572351577294109,5
Prospective operational challenge,2026-09-02 06:59:13,94,4.49,4.584968164243742,5
Prospective operational challenge,2026-09-02 07:00:13,94,4.5,4.590208592277761,5
Prospective operational challenge,2026-09-02 07:01:13,94,4.51,4.591233950911981,5
Prospective operational challenge,2026-09-02 07:02:13,94,4.52,4.59142542046072,5
Prospective operational challenge,2026-09-02 07:03:13,94,4.54,4.7143247835609206,6
Prospective operational challenge,2026-09-02 07:04:13,94,4.55,4.804346548666952,6
Prospective operational challenge,2026-09-02 07:05:13,94,4.57,4.865751125772295,6
Prospective operational challenge,2026-09-02 07:06:13,94,4.59,4.904277972820188,6
Prospective operational challenge,2026-09-02 07:07:13,94,4.61,4.925159394321616,6
Prospective operational challenge,2026-09-02 07:08:13,94,4.62,4.928409181373824,6
Prospective operational challenge,2026-09-02 07:09:13,94,4.65,4.9362495146172645,6
Prospective operational challenge,2026-09-02 07:10:13,94,4.67,4.940121223479487,6
Prospective operational challenge,2026-09-02 07:11:13,94,4.69,4.941473506686074,6
Prospective operational challenge,2026-09-02 07:12:13,94,4.72,4.943522712601391,6
Prospective operational challenge,2026-09-02 07:13:13,94,4.74,4.948021633009557,6
Prospective operational challenge,2026-09-02 07:14:13,94,4.77,4.956125508453779,6
Prospective operational challenge,2026-09-02 07:15:13,94,4.8,4.966643014835043,6
Prospective operational challenge,2026-09-02 07:16:13,94,4.83,4.982262471520453,6
Prospective operational challenge,2026-09-02 07:17:13,94,4.86,5.005742097959041,6
Prospective operational challenge,2026-09-02 07:18:13,94,4.89,5.115866182031718,7
Prospective operational challenge,2026-09-02 07:19:13,94,4.92,5.175905251590651,7
Prospective operational challenge,2026-09-02 07:20:13,94,4.95,5.221526956954186,7
Prospective operational challenge,2026-09-02 07:21:13,94,4.98,5.254545677546192,7
Prospective operational challenge,2026-09-02 07:22:13,94,5.01,5.276816599324855,7
Prospective operational challenge,2026-09-02 07:23:13,94,5.03,5.288132289074075,7
Prospective operational challenge,2026-09-02 07:24:13,94,5.04,5.205139921801555,6
Prospective operational challenge,2026-09-02 07:25:13,94,5.04,5.163550317650396,6
Prospective operational challenge,2026-09-02 07:26:13,94,5.04,5.1426860877907385,6
Prospective operational challenge,2026-09-02 07:27:13,94,5.02,5.132274753966348,6
Prospective operational challenge,2026-09-02 07:28:13,94,4.98,5.1407222733268565,6
Prospective operational challenge,2026-09-02 07:29:13,94,4.95,5.159336098386729,6
Prospective operational challenge,2026-09-02 07:30:13,94,4.91,5.18175437709486,6
Prospective operational challenge,2026-09-02 07:31:13,94,4.87,5.207851856061202,6
Prospective operational challenge,2026-09-02 07:32:13,94,4.83,5.1495325174368265,5
Prospective operational challenge,2026-09-02 07:33:13,94,4.79,5.130903389926587,5
Prospective operational challenge,2026-09-02 07:34:13,94,4.74,5.043501649918425,4
Prospective operational challenge,2026-09-02 07:35:13,94,4.7,4.9965411690668375,4
Prospective operational challenge,2026-09-02 07:36:13,94,4.66,4.883534462291212,3
Prospective operational challenge,2026-09-02 07:37:13,94,4.63,4.813432142423974,3
Prospective operational challenge,2026-09-02 07:38:13,94,4.6,4.765246143108972,3
Prospective operational challenge,2026-09-02 07:39:13,94,4.57,4.7426949597856085,3
Prospective operational challenge,2026-09-02 07:40:13,94,4.55,4.720795453036863,3
Prospective operational challenge,2026-09-02 07:41:13,94,4.52,4.697569356084618,3
Prospective operational challenge,2026-09-02 07:42:13,94,4.51,4.669768676608499,3
Prospective operational challenge,2026-09-02 07:43:13,94,4.49,4.668081817604363,3
Prospective operational challenge,2026-09-02 07:44:13,94,4.48,4.656389612008436,3
Prospective operational challenge,2026-09-02 07:45:13,94,4.48,4.634527322330339,3
Prospective operational challenge,2026-09-02 07:46:13,94,4.47,4.60096999326921,4
Prospective operational challenge,2026-09-02 07:47:13,94,4.47,4.5624091407760545,4
Prospective operational challenge,2026-09-02 07:48:13,94,4.47,4.518518218116786,4
Prospective operational challenge,2026-09-02 07:49:13,94,4.47,4.48774782421402,4
Prospective operational challenge,2026-09-02 07:50:13,94,4.47,4.466844771471023,4
Prospective operational challenge,2026-09-02 07:51:13,94,4.48,4.454466222638224,4
Prospective operational challenge,2026-09-02 07:52:13,94,4.48,4.45150349821977,5
Prospective operational challenge,2026-09-02 07:53:13,94,4.49,4.493738450154348,5
Prospective operational challenge,2026-09-02 07:54:13,94,4.5,4.553576037450102,5
Prospective operational challenge,2026-09-02 07:55:13,94,4.5,4.602295449957867,5
Prospective operational challenge,2026-09-02 07:56:13,94,4.51,4.620078314178933,5
Prospective operational challenge,2026-09-02 07:57:13,94,4.52,4.630551235643076,5
Prospective operational challenge,2026-09-02 07:58:13,94,4.53,4.6377791874930905,5
Prospective operational challenge,2026-09-02 07:59:13,94,4.54,4.6437086036319455,5
Prospective operational challenge,2026-09-02 08:00:13,94,4.56,4.773904307310964,6
Prospective operational challenge,2026-09-02 08:01:13,94,4.57,4.865035122230388,6
Prospective operational challenge,2026-09-02 08:02:13,94,4.59,4.92047419964107,6
Prospective operational challenge,2026-09-02 08:03:13,94,4.6,4.950209127735608,6
Prospective operational challenge,2026-09-02 08:04:13,94,4.62,4.960534503351141,6
Prospective operational challenge,2026-09-02 08:05:13,94,4.64,4.955101566713111,6
Prospective operational challenge,2026-09-02 08:06:13,94,4.66,4.9556671906193035,6
Prospective operational challenge,2026-09-02 08:07:13,94,4.68,4.956596861708939,6
Prospective operational challenge,2026-09-02 08:08:13,94,4.71,4.956859081475737,6
Prospective operational challenge,2026-09-02 08:09:13,94,4.73,4.9578486399328625,6
Prospective operational challenge,2026-09-02 08:10:13,94,4.75,4.962671178828439,6
Prospective operational challenge,2026-09-02 08:11:13,94,4.78,4.970827384874536,6
Prospective operational challenge,2026-09-02 08:12:13,94,4.81,4.983356502262189,6
Prospective operational challenge,2026-09-02 08:13:13,94,4.83,5.104047778450042,7
Prospective operational challenge,2026-09-02 08:14:13,94,4.86,5.165322001348547,7
Prospective operational challenge,2026-09-02 08:15:13,94,4.89,5.203548278044153,7
Prospective operational challenge,2026-09-02 08:16:13,94,4.91,5.236716622595312,7
Prospective operational challenge,2026-09-02 08:17:13,94,4.94,5.2641310568889965,7
Prospective operational challenge,2026-09-02 08:18:13,94,4.95,5.2854373575370595,7
Prospective operational challenge,2026-09-02 08:19:13,94,4.96,5.213775793544987,6
Prospective operational challenge,2026-09-02 08:20:13,94,4.97,5.173132863206094,6
Prospective operational challenge,2026-09-02 08:21:13,94,4.96,5.1439038605694,6
Prospective operational challenge,2026-09-02 08:22:13,94,4.95,5.13531295158137,6
Prospective operational challenge,2026-09-02 08:23:13,94,4.93,5.146357542364195,6
Prospective operational challenge,2026-09-02 08:24:13,94,4.9,5.167888845708409,6
Prospective operational challenge,2026-09-02 08:25:13,94,4.86,5.191462364959747,6
Prospective operational challenge,2026-09-02 08:26:13,94,4.82,5.217407197260691,6
Prospective operational challenge,2026-09-02 08:27:13,94,4.78,5.157202256696536,5
Prospective operational challenge,2026-09-02 08:28:13,94,4.74,5.133686168863862,5
Prospective operational challenge,2026-09-02 08:29:13,94,4.7,5.041857108801725,4
Prospective operational challenge,2026-09-02 08:30:13,94,4.65,4.910368348066617,3
Prospective operational challenge,2026-09-02 08:31:13,94,4.62,4.833683424132783,3
Prospective operational challenge,2026-09-02 08:32:13,94,4.58,4.7816839975103544,3
Prospective operational challenge,2026-09-02 08:33:13,94,4.55,4.7553707728857395,3
Prospective operational challenge,2026-09-02 08:34:13,94,4.52,4.733926183426944,3
Prospective operational challenge,2026-09-02 08:35:13,94,4.49,4.709084072148191,3
Prospective operational challenge,2026-09-02 08:36:13,94,4.47,4.703923556910539,3
Prospective operational challenge,2026-09-02 08:37:13,94,4.45,4.682113786753457,3
Prospective operational challenge,2026-09-02 08:38:13,94,4.43,4.660853110077787,3
Prospective operational challenge,2026-09-02 08:39:13,94,4.42,4.647237613173583,3
Prospective operational challenge,2026-09-02 08:40:13,94,4.41,4.644131688046747,3
Prospective operational challenge,2026-09-02 08:41:13,94,4.41,4.612233541335694,3
Prospective operational challenge,2026-09-02 08:42:13,94,4.4,4.582497763105026,4
Prospective operational challenge,2026-09-02 08:43:13,94,4.41,4.537830571698082,4
Prospective operational challenge,2026-09-02 08:44:13,94,4.41,4.506926423043953,4
Prospective operational challenge,2026-09-02 08:45:13,94,4.41,4.48991841067701,4
Prospective operational challenge,2026-09-02 08:46:13,94,4.41,4.481166920419687,4
Prospective operational challenge,2026-09-02 08:47:13,94,4.42,4.48160691309755,5
Prospective operational challenge,2026-09-02 08:48:13,94,4.43,4.50965517110709,5
Prospective operational challenge,2026-09-02 08:49:13,94,4.43,4.55544435328854,5
Prospective operational challenge,2026-09-02 08:50:13,94,4.44,4.58490090902978,5
Prospective operational challenge,2026-09-02 08:51:13,94,4.45,4.602246519900518,5
Prospective operational challenge,2026-09-02 08:52:13,94,4.47,4.610579554261978,5
Prospective operational challenge,2026-09-02 08:53:13,94,4.48,4.613329177890123,5
Prospective operational challenge,2026-09-02 08:54:13,94,4.49,4.613496843627178,5
Prospective operational challenge,2026-09-02 08:55:13,94,4.51,4.735499974325585,6
Prospective operational challenge,2026-09-02 08:56:13,94,4.53,4.815230180342204,6
Prospective operational challenge,2026-09-02 08:57:13,94,4.57,4.865444887845796,6
Prospective operational challenge,2026-09-02 08:58:13,94,4.64,4.891298283282813,6
Prospective operational challenge,2026-09-02 08:59:13,94,4.73,4.899436542010577,6
Prospective operational challenge,2026-09-02 09:00:13,94,4.84,4.896304451582805,6
Prospective operational challenge,2026-09-02 09:01:13,94,4.96,4.902441112018618,6
Prospective operational challenge,2026-09-02 09:02:13,94,5.1,4.908981492657348,6
Prospective operational challenge,2026-09-02 09:03:13,94,5.24,4.914398749006729,6
Prospective operational challenge,2026-09-02 09:04:13,94,5.39,4.919833763755302,6
Prospective operational challenge,2026-09-02 09:05:13,94,5.55,4.9273325311930005,6
Prospective operational challenge,2026-09-02 09:06:13,94,5.71,5.0639345773806745,7
Prospective operational challenge,2026-09-02 09:07:13,94,5.88,5.132634644928705,7
Prospective operational challenge,2026-09-02 09:08:13,94,6.04,5.172090407389673,7
Prospective operational challenge,2026-09-02 09:09:13,94,6.2,5.203092605077641,7
Prospective operational challenge,2026-09-02 09:10:13,94,6.35,5.219952693757694,7
Prospective operational challenge,2026-09-02 09:11:13,94,6.49,5.226813481258448,7
Prospective operational challenge,2026-09-02 09:12:13,94,6.62,5.240632160698094,7
Prospective operational challenge,2026-09-02 09:13:13,94,6.74,5.257349237588906,7
Prospective operational challenge,2026-09-02 09:14:13,94,6.84,5.295649192749246,7
Prospective operational challenge,2026-09-02 09:15:13,94,6.92,5.341982556514458,7
Prospective operational challenge,2026-09-02 09:16:13,94,6.98,5.388060501601926,7
Prospective operational challenge,2026-09-02 09:17:13,94,7.04,5.442932254834153,7
Prospective operational challenge,2026-09-02 09:18:13,94,7.06,5.4914466900746435,7
Prospective operational challenge,2026-09-02 09:19:13,94,7.07,5.536529975888197,7
Prospective operational challenge,2026-09-02 09:20:13,94,7.07,5.577103383983443,7
Prospective operational challenge,2026-09-02 09:21:13,94,7.04,5.608305647041036,7
Prospective operational challenge,2026-09-02 09:22:13,94,7.01,5.629998287331103,7
Prospective operational challenge,2026-09-02 09:23:13,94,6.96,5.545861447906377,6
Prospective operational challenge,2026-09-02 09:24:13,94,6.9,5.485689568191782,6
Prospective operational challenge,2026-09-02 09:25:13,94,6.82,5.458607820504245,6
Prospective operational challenge,2026-09-02 09:26:13,94,6.74,5.372795079385521,5
Prospective operational challenge,2026-09-02 09:27:13,94,6.65,5.321831307490463,5
Prospective operational challenge,2026-09-02 09:28:13,94,6.56,5.207865458239307,4
Prospective operational challenge,2026-09-02 09:29:13,94,6.48,5.0609005359867405,3
Prospective operational challenge,2026-09-02 09:30:13,94,6.41,4.966094393651483,3
Prospective operational challenge,2026-09-02 09:31:13,94,6.35,4.898491001713153,3
Prospective operational challenge,2026-09-02 09:32:13,94,6.3,4.883877728369217,3
Prospective operational challenge,2026-09-02 09:33:13,94,6.26,4.863023133385719,3
Prospective operational challenge,2026-09-02 09:34:13,94,6.22,4.784935106996545,3
Prospective operational challenge,2026-09-02 09:35:13,94,6.19,4.65270191038891,3
Prospective operational challenge,2026-09-02 09:36:13,94,6.16,4.604990948252304,3
Prospective operational challenge,2026-09-02 09:37:13,94,6.14,4.584664949023489,3
Prospective operational challenge,2026-09-02 09:38:13,94,6.12,4.574794396238335,4
Prospective operational challenge,2026-09-02 09:39:13,94,6.1,4.570489212408592,4
Prospective operational challenge,2026-09-02 09:40:13,94,6.08,4.519455540431606,4
Prospective operational challenge,2026-09-02 09:41:13,94,6.06,4.47331780243622,4
Prospective operational challenge,2026-09-02 09:42:13,94,6.05,4.436273687261321,4
Prospective operational challenge,2026-09-02 09:43:13,94,6.03,4.427363504926109,5
Prospective operational challenge,2026-09-02 09:44:13,94,6.02,4.4227087262271585,5
Prospective operational challenge,2026-09-02 09:45:13,94,6.01,4.421831952496819,5
Prospective operational challenge,2026-09-02 09:46:13,94,6.0,4.422921827017467,5
Prospective operational challenge,2026-09-02 09:47:13,94,5.98,4.421524581055478,5
Prospective operational challenge,2026-09-02 09:48:13,94,5.97,4.41656375334917,5
Prospective operational challenge,2026-09-02 09:49:13,94,5.97,4.414317504770472,5
Prospective operational challenge,2026-09-02 09:50:13,94,5.96,4.567343047504863,6
Prospective operational challenge,2026-09-02 09:51:13,94,5.95,4.645768200099982,6
Prospective operational challenge,2026-09-02 09:52:13,94,5.95,4.690879257027166,6
Prospective operational challenge,2026-09-02 09:53:13,94,5.94,4.726721563090763,6
Prospective operational challenge,2026-09-02 09:54:13,94,5.94,4.753674845762866,6
Prospective operational challenge,2026-09-02 09:55:13,94,5.94,4.774890276304423,6
Prospective operational challenge,2026-09-02 09:56:13,94,5.94,4.795823367190735,6
Prospective operational challenge,2026-09-02 09:57:13,94,5.95,4.814436908871897,6
Prospective operational challenge,2026-09-02 09:58:13,94,5.95,4.832069298997679,6
Prospective operational challenge,2026-09-02 09:59:13,94,5.96,4.844955662479723,6
Prospective operational challenge,2026-09-02 10:00:13,94,5.96,4.982369021915607,7
Prospective operational challenge,2026-09-02 10:01:13,94,5.97,5.065340324703978,7
Prospective operational challenge,2026-09-02 10:02:13,94,5.98,5.114798977807912,7
Prospective operational challenge,2026-09-02 10:03:13,94,5.99,5.025004482427716,6
Prospective operational challenge,2026-09-02 10:04:13,94,6.0,4.974282149194017,6
Prospective operational challenge,2026-09-02 10:05:13,94,6.01,4.9501741776946435,6
Prospective operational challenge,2026-09-02 10:06:13,94,6.0,4.9450918749810935,6
Prospective operational challenge,2026-09-02 10:07:13,94,5.99,4.951323939582781,6
Prospective operational challenge,2026-09-02 10:08:13,94,5.98,4.952465011190462,6
Prospective operational challenge,2026-09-02 10:09:13,94,5.95,4.962027909155565,6
Prospective operational challenge,2026-09-02 10:10:13,94,5.92,4.9749174842629955,6
Prospective operational challenge,2026-09-02 10:11:13,94,5.88,4.988117642437153,6
Prospective operational challenge,2026-09-02 10:12:13,94,5.84,4.999855377545903,6
Prospective operational challenge,2026-09-02 10:13:13,94,5.8,5.021643988759266,6
Prospective operational challenge,2026-09-02 10:14:13,94,5.75,4.965348540885402,5
Prospective operational challenge,2026-09-02 10:15:13,94,5.7,4.9450850738920415,5
Prospective operational challenge,2026-09-02 10:16:13,94,5.65,4.865477004099654,4
Prospective operational challenge,2026-09-02 10:17:13,94,5.6,4.830511282847256,4
Prospective operational challenge,2026-09-02 10:18:13,94,5.55,4.740087970108423,3
Prospective operational challenge,2026-09-02 10:19:13,94,5.5,4.69189592538093,3
Prospective operational challenge,2026-09-02 10:20:13,94,5.46,4.660521840365194,3
Prospective operational challenge,2026-09-02 10:21:13,94,5.42,4.633771834688101,3
Prospective operational challenge,2026-09-02 10:22:13,94,5.38,4.606732782726281,3
Prospective operational challenge,2026-09-02 10:23:13,94,5.35,4.594547025876204,3
Prospective operational challenge,2026-09-02 10:24:13,94,5.32,4.561582808456187,3
Prospective operational challenge,2026-09-02 10:25:13,94,5.29,4.526483804750276,3
Prospective operational challenge,2026-09-02 10:26:13,94,5.27,4.505148882852451,3
Prospective operational challenge,2026-09-02 10:27:13,94,5.25,4.484592118893705,4
Prospective operational challenge,2026-09-02 10:28:13,94,5.23,4.43140476871679,4
Prospective operational challenge,2026-09-02 10:29:13,94,5.22,4.381916738686533,4
Prospective operational challenge,2026-09-02 10:30:13,94,5.21,4.3286736573632165,4
Prospective operational challenge,2026-09-02 10:31:13,94,5.2,4.288989775040283,4
Prospective operational challenge,2026-09-02 10:32:13,94,5.2,4.278690281346976,5
Prospective operational challenge,2026-09-02 10:33:13,94,5.19,4.332311389870122,5
Prospective operational challenge,2026-09-02 10:34:13,94,5.19,4.398185227078597,5
Prospective operational challenge,2026-09-02 10:35:13,94,5.18,4.458626033189472,5
Prospective operational challenge,2026-09-02 10:36:13,94,5.18,4.508200493726436,5
Prospective operational challenge,2026-09-02 10:37:13,94,5.18,4.518843159038179,5
Prospective operational challenge,2026-09-02 10:38:13,94,5.18,4.524347223732549,5
Prospective operational challenge,2026-09-02 10:39:13,94,5.18,4.648597358686213,6
Prospective operational challenge,2026-09-02 10:40:13,94,5.19,4.736869543633513,6
Prospective operational challenge,2026-09-02 10:41:13,94,5.19,4.791454517610696,6
Prospective operational challenge,2026-09-02 10:42:13,94,5.2,4.833453320619843,6
Prospective operational challenge,2026-09-02 10:43:13,94,5.21,4.86549060627776,6
Prospective operational challenge,2026-09-02 10:44:13,94,5.22,4.888911856701981,6
Prospective operational challenge,2026-09-02 10:45:13,94,5.23,4.903329976573939,6
Prospective operational challenge,2026-09-02 10:46:13,94,5.25,4.906672900762336,6
Prospective operational challenge,2026-09-02 10:47:13,94,5.26,4.923725498046401,6
Prospective operational challenge,2026-09-02 10:48:13,94,5.28,4.938557539754855,6
Prospective operational challenge,2026-09-02 10:49:13,94,5.3,5.077859051538913,7
Prospective operational challenge,2026-09-02 10:50:13,94,5.32,5.141362142455204,7
Prospective operational challenge,2026-09-02 10:51:13,94,5.34,5.18351472564459,7
Prospective operational challenge,2026-09-02 10:52:13,94,5.36,5.21285613516979,7
Prospective operational challenge,2026-09-02 10:53:13,94,5.38,5.145210236424883,6
Prospective operational challenge,2026-09-02 10:54:13,94,5.39,5.1013082619959045,6
Prospective operational challenge,2026-09-02 10:55:13,94,5.4,5.074264109217296,6
Prospective operational challenge,2026-09-02 10:56:13,94,5.41,5.052026248288193,6
Prospective operational challenge,2026-09-02 10:57:13,94,5.4,5.047646535857584,6
Prospective operational challenge,2026-09-02 10:58:13,94,5.39,5.053052834896826,6
Prospective operational challenge,2026-09-02 10:59:13,94,5.36,5.063144139697473,6
Prospective operational challenge,2026-09-02 11:00:13,94,5.33,5.0747076913588245,6
Prospective operational challenge,2026-09-02 11:01:13,94,5.3,5.086227035941336,6
Prospective operational challenge,2026-09-02 11:02:13,94,5.26,5.117483329873068,6
Prospective operational challenge,2026-09-02 11:03:13,94,5.22,5.07142106507425,5
Prospective operational challenge,2026-09-02 11:04:13,94,5.17,5.062062766538141,5
Prospective operational challenge,2026-09-02 11:05:13,94,5.13,4.982859078165662,4
Prospective operational challenge,2026-09-02 11:06:13,94,5.08,4.9442458950706305,4
Prospective operational challenge,2026-09-02 11:07:13,94,5.04,4.84213528863352,3
Prospective operational challenge,2026-09-02 11:08:13,94,5.0,4.801307406456228,3
Prospective operational challenge,2026-09-02 11:09:13,94,4.95,4.778815827121644,3
Prospective operational challenge,2026-09-02 11:10:13,94,4.91,4.760592309005723,3
Prospective operational challenge,2026-09-02 11:11:13,94,4.88,4.741009895513304,3
Prospective operational challenge,2026-09-02 11:12:13,94,4.85,4.697391866552264,3
Prospective operational challenge,2026-09-02 11:13:13,94,4.82,4.713910578345715,3
Prospective operational challenge,2026-09-02 11:14:13,94,4.8,4.6954132219358655,3
Prospective operational challenge,2026-09-02 11:15:13,94,4.78,4.675467894774845,3
Prospective operational challenge,2026-09-02 11:16:13,94,4.77,4.651800104872475,3
Prospective operational challenge,2026-09-02 11:17:13,94,4.76,4.616673330052933,4
Prospective operational challenge,2026-09-02 11:18:13,94,4.75,4.576928521307238,4
Prospective operational challenge,2026-09-02 11:19:13,94,4.74,4.5328300709723015,4
Prospective operational challenge,2026-09-02 11:20:13,94,4.74,4.505996563035176,4
Prospective operational challenge,2026-09-02 11:21:13,94,4.74,4.4880104218191,4
Prospective operational challenge,2026-09-02 11:22:13,94,4.74,4.533678695750729,5
Prospective operational challenge,2026-09-02 11:23:13,94,4.74,4.570363203341982,5
Prospective operational challenge,2026-09-02 11:24:13,94,4.74,4.600293284908496,5
Prospective operational challenge,2026-09-02 11:25:13,94,4.75,4.648656395917571,5
Prospective operational challenge,2026-09-02 11:26:13,94,4.75,4.653322037467091,5
Prospective operational challenge,2026-09-02 11:27:13,94,4.76,4.649270949881111,5
Prospective operational challenge,2026-09-02 11:28:13,94,4.76,4.639299136436732,5
Prospective operational challenge,2026-09-02 11:29:13,94,4.77,4.626649394177969,5
Prospective operational challenge,2026-09-02 11:30:13,94,4.78,4.622904544518489,5
Prospective operational challenge,2026-09-02 11:31:13,94,4.79,4.6183600945975,5
Prospective operational challenge,2026-09-02 11:32:13,94,4.79,4.624567883089653,5
Prospective operational challenge,2026-09-02 11:33:13,94,4.78,4.634259623908471,5
Prospective operational challenge,2026-09-02 11:34:13,94,4.77,4.644110906941309,5
Prospective operational challenge,2026-09-02 11:35:13,94,4.75,4.666377389120174,5
Prospective operational challenge,2026-09-02 11:36:13,94,4.73,4.694179391030275,5
Prospective operational challenge,2026-09-02 11:37:13,94,4.69,4.724314544323632,5
Prospective operational challenge,2026-09-02 11:38:13,94,4.65,4.636951816117951,4
Prospective operational challenge,2026-09-02 11:39:13,94,4.61,4.596961506949378,4
Prospective operational challenge,2026-09-02 11:40:13,94,4.56,4.5879395789426525,4
Prospective operational challenge,2026-09-02 11:41:13,94,4.51,4.491673752869522,3
Prospective operational challenge,2026-09-02 11:42:13,94,4.45,4.355387012727082,2
Prospective operational challenge,2026-09-02 11:43:13,94,4.39,4.293572858925472,2
Prospective operational challenge,2026-09-02 11:44:14,94,4.25,4.32722776472259,1
Prospective operational challenge,2026-09-02 11:45:14,94,4.17,4.296629287237537,1
Prospective operational challenge,2026-09-02 11:46:14,94,4.09,4.2492060489516765,0
Prospective operational challenge,2026-09-02 11:47:14,94,4.0,4.224024733356435,0
Prospective operational challenge,2026-09-02 11:48:14,94,3.91,4.139679610579479,-1
Prospective operational challenge,2026-09-02 11:49:14,94,3.83,4.046210165621728,-1
Prospective operational challenge,2026-09-02 11:50:14,94,3.74,3.947366726797736,-1
Prospective operational challenge,2026-09-02 11:51:14,94,3.66,3.85123975629276,-1
Prospective operational challenge,2026-09-02 11:52:14,94,3.58,3.760886272791176,-1
Prospective operational challenge,2026-09-02 11:53:14,94,3.51,3.675418875861002,-1
Prospective operational challenge,2026-09-02 11:54:14,94,3.45,3.5992801171619035,-1
Prospective operational challenge,2026-09-02 11:55:14,94,3.4,3.5414976867343873,-1
Prospective operational challenge,2026-09-02 11:56:14,94,3.35,3.5088422104194783,0
Prospective operational challenge,2026-09-02 11:57:14,94,3.3,3.491593278918811,0
Prospective operational challenge,2026-09-02 11:58:14,94,3.27,3.4941349025734367,0
Prospective operational challenge,2026-09-02 11:59:14,94,3.24,3.5092413493332413,1
Prospective operational challenge,2026-09-02 12:00:14,94,3.22,3.523796577271306,1
Prospective operational challenge,2026-09-02 12:01:14,94,3.21,3.5367343503744166,1
Prospective operational challenge,2026-09-02 12:02:14,94,3.2,3.522527489331148,2
Prospective operational challenge,2026-09-02 12:03:14,94,3.2,3.4986086967359373,2
Prospective operational challenge,2026-09-02 12:04:14,94,3.19,3.464691335023097,2
Prospective operational challenge,2026-09-02 12:05:14,94,3.19,3.418879577004375,2
Prospective operational challenge,2026-09-02 12:06:14,94,3.18,3.3631414878243127,2
Prospective operational challenge,2026-09-02 12:07:14,94,3.17,3.294135914411453,3
Prospective operational challenge,2026-09-02 12:08:14,94,3.15,3.2374493803021833,3
Prospective operational challenge,2026-09-02 12:09:14,94,3.11,3.1885265727249448,3
Prospective operational challenge,2026-09-02 12:10:14,94,3.08,3.1483207068172385,3
Prospective operational challenge,2026-09-02 12:11:14,94,3.03,3.090603028425076,2
Prospective operational challenge,2026-09-02 12:12:14,94,2.98,3.0525325627904696,2
Prospective operational challenge,2026-09-02 12:13:14,94,2.92,3.0323660585458905,2
Prospective operational challenge,2026-09-02 12:14:14,94,2.87,3.01484938139357,1
Prospective operational challenge,2026-09-02 12:15:14,94,2.8,2.9636543724707294,1
Prospective operational challenge,2026-09-02 12:16:14,94,2.74,2.895292470183916,0
Prospective operational challenge,2026-09-02 12:17:14,94,2.67,2.8470001093929,0
Prospective operational challenge,2026-09-02 12:18:14,94,2.6,2.7848434451898454,-1
Prospective operational challenge,2026-09-02 12:19:14,94,2.53,2.719988732283959,-1
Prospective operational challenge,2026-09-02 12:20:14,94,2.47,2.6524033821235324,-1
Prospective operational challenge,2026-09-02 12:21:14,94,2.41,2.5836985915969937,-1
Prospective operational challenge,2026-09-02 12:22:14,94,2.36,2.5242263739186654,-1
Prospective operational challenge,2026-09-02 12:23:14,94,2.31,2.4826585899282154,-1
Prospective operational challenge,2026-09-02 12:24:14,94,2.27,2.439977599903284,-1
Prospective operational challenge,2026-09-02 12:25:14,94,2.24,2.3935005631318393,-1
Prospective operational challenge,2026-09-02 12:26:14,94,2.21,2.37304062023252,0
Prospective operational challenge,2026-09-02 12:27:14,94,2.19,2.352031300473078,0
Prospective operational challenge,2026-09-02 12:28:14,94,2.18,2.328284731289185,0
Prospective operational challenge,2026-09-02 12:29:14,94,2.17,2.362458786883969,1
Prospective operational challenge,2026-09-02 12:30:14,94,2.17,2.3769459567017233,1
Prospective operational challenge,2026-09-02 12:31:14,94,2.18,2.3828530803820183,1
Prospective operational challenge,2026-09-02 12:32:14,94,2.19,2.3716811580986006,1
Prospective operational challenge,2026-09-02 12:33:14,94,2.2,2.3998339828523214,2
Prospective operational challenge,2026-09-02 12:34:14,94,2.22,2.3988103244903645,2
Prospective operational challenge,2026-09-02 12:35:14,94,2.24,2.3778371827462994,2
Prospective operational challenge,2026-09-02 12:36:14,94,2.25,2.346897233915074,2
Prospective operational challenge,2026-09-02 12:37:14,94,2.26,2.3055528468080815,2
Prospective operational challenge,2026-09-02 12:38:14,94,2.26,2.260994094987695,2
Prospective operational challenge,2026-09-02 12:39:14,94,2.25,2.2789960109519916,3
Prospective operational challenge,2026-09-02 12:40:14,94,2.22,2.277836992025977,3
Prospective operational challenge,2026-09-02 12:41:14,94,2.19,2.2816052676588603,3
Prospective operational challenge,2026-09-02 12:42:14,94,2.15,2.210512917036647,2
Prospective operational challenge,2026-09-02 12:43:14,94,2.1,2.1520867446384067,2
Prospective operational challenge,2026-09-02 12:44:14,94,2.05,2.0605457862652945,1
Prospective operational challenge,2026-09-02 12:45:14,94,2.0,2.0074292807660092,1
Prospective operational challenge,2026-09-02 12:46:14,94,1.94,1.9587304604445417,0
Prospective operational challenge,2026-09-02 12:47:14,94,1.88,1.9500216659129368,0
Prospective operational challenge,2026-09-02 12:48:14,94,1.82,1.9314494030639409,-1
Prospective operational challenge,2026-09-02 12:49:14,94,1.64,1.9151644787066664,-1
Prospective operational challenge,2026-09-02 12:50:14,94,1.6,1.8981887715127224,-1
Prospective operational challenge,2026-09-02 12:51:14,94,1.56,1.900027238126986,-1
Prospective operational challenge,2026-09-02 12:52:14,94,1.52,1.905450917727139,-1
Prospective operational challenge,2026-09-02 12:53:14,94,1.49,1.9152341898694536,-1
Prospective operational challenge,2026-09-02 12:54:14,94,1.47,1.914922378828315,-1
Prospective operational challenge,2026-09-02 12:55:14,94,1.45,1.9045638479036509,-1
Prospective operational challenge,2026-09-02 12:56:14,94,1.43,1.880348098034711,-1
Prospective operational challenge,2026-09-02 12:57:14,94,1.42,1.891736143814683,0
Prospective operational challenge,2026-09-02 12:58:14,94,1.42,1.8700107260537655,0
Prospective operational challenge,2026-09-02 12:59:14,94,1.42,1.8347807069240256,0
Prospective operational challenge,2026-09-02 13:00:14,94,1.43,1.7852238158671128,0
Prospective operational challenge,2026-09-02 13:01:14,94,1.44,1.7955142414416827,1
Prospective operational challenge,2026-09-02 13:02:14,94,1.45,1.7877598664070986,1
Prospective operational challenge,2026-09-02 13:03:14,94,1.47,1.7485818150824373,1
Prospective operational challenge,2026-09-02 13:04:14,94,1.49,1.7394439851831096,2
Prospective operational challenge,2026-09-02 13:05:14,94,1.52,1.7040337371934808,2
Prospective operational challenge,2026-09-02 13:06:14,94,1.54,1.670684974863292,2
Prospective operational challenge,2026-09-02 13:07:14,94,1.56,1.656006902254219,2
Prospective operational challenge,2026-09-02 13:08:14,94,1.57,1.6384292986791371,2
Prospective operational challenge,2026-09-02 13:09:14,94,1.57,1.6215782781178207,2
Prospective operational challenge,2026-09-02 13:10:14,94,1.56,1.6059265162594116,2
Prospective operational challenge,2026-09-02 13:11:14,94,1.55,1.5898804801551034,2
Prospective operational challenge,2026-09-02 13:12:14,94,1.52,1.5723501063651075,2
Prospective operational challenge,2026-09-02 13:13:14,94,1.49,1.552466177924699,2
Prospective operational challenge,2026-09-02 13:14:14,94,1.45,1.528699394392788,2
Prospective operational challenge,2026-09-02 13:15:14,94,1.41,1.4575139066343843,1
Prospective operational challenge,2026-09-02 13:16:14,94,1.36,1.424406582965556,1
Prospective operational challenge,2026-09-02 13:17:14,94,1.31,1.3889222786729123,0
Prospective operational challenge,2026-09-02 13:18:14,94,1.26,1.3677191278754774,0
Prospective operational challenge,2026-09-02 13:19:14,94,1.22,1.3302054541772517,-1
Prospective operational challenge,2026-09-02 13:20:14,94,1.18,1.301680553176622,-1
Prospective operational challenge,2026-09-02 13:21:14,94,1.13,1.2818589680525272,-1
Prospective operational challenge,2026-09-02 13:22:14,94,1.1,1.2611660878531628,-1
Prospective operational challenge,2026-09-02 13:23:14,94,1.07,1.238397553058833,-1
Prospective operational challenge,2026-09-02 13:24:14,94,1.05,1.2177972432382376,-1
Prospective operational challenge,2026-09-02 13:25:14,94,1.03,1.2102761833419788,-1
Prospective operational challenge,2026-09-02 13:26:14,94,1.02,1.2009466005152016,-1
Prospective operational challenge,2026-09-02 13:27:14,94,1.01,1.187345555925233,-1
Prospective operational challenge,2026-09-02 13:28:14,94,1.01,1.2028987019923822,0
Prospective operational challenge,2026-09-02 13:29:14,94,1.01,1.204512260370065,0
Prospective operational challenge,2026-09-02 13:30:14,94,1.01,1.1947984160118272,0
Prospective operational challenge,2026-09-02 13:31:14,94,1.02,1.186515067384278,0
Prospective operational challenge,2026-09-02 13:32:14,94,1.04,1.2081166486487,1
Prospective operational challenge,2026-09-02 13:33:14,94,1.06,1.2174868490906512,1
Prospective operational challenge,2026-09-02 13:34:14,94,1.08,1.212216005075037,1
Prospective operational challenge,2026-09-02 13:35:14,94,1.11,1.1991913527822602,1
Prospective operational challenge,2026-09-02 13:36:14,94,1.13,1.233296358431248,2
Prospective operational challenge,2026-09-02 13:37:14,94,1.16,1.256952813185198,2
Prospective operational challenge,2026-09-02 13:38:14,94,1.18,1.2639105162049489,2
Prospective operational challenge,2026-09-02 13:39:14,94,1.21,1.2653007721587448,2
Prospective operational challenge,2026-09-02 13:40:14,94,1.22,1.263624303707327,2
Prospective operational challenge,2026-09-02 13:41:14,94,1.22,1.2553864845926008,2
Prospective operational challenge,2026-09-02 13:42:14,94,1.21,1.2398592204476788,2
Prospective operational challenge,2026-09-02 13:43:14,94,1.2,1.2232122325579344,2
Prospective operational challenge,2026-09-02 13:44:14,94,1.17,1.2041691832111998,2
Prospective operational challenge,2026-09-02 13:45:14,94,1.14,1.1820786792115665,2
Prospective operational challenge,2026-09-02 13:46:14,94,1.1,1.154732822565827,2
Prospective operational challenge,2026-09-02 13:47:14,94,1.06,1.0909299169738094,1
Prospective operational challenge,2026-09-02 13:48:14,94,1.02,1.078788461662143,1
Prospective operational challenge,2026-09-02 13:49:14,94,0.97,1.0451623660339284,0
Prospective operational challenge,2026-09-02 13:50:14,94,0.93,1.02638040293915,0
Prospective operational challenge,2026-09-02 13:51:14,94,0.88,0.9883097956151884,-1
Prospective operational challenge,2026-09-02 13:52:14,94,0.85,0.9570822173927888,-1
Prospective operational challenge,2026-09-02 13:53:14,94,0.81,0.9318422424044708,-1
Prospective operational challenge,2026-09-02 13:54:14,94,0.78,0.9056739187604994,-1
Prospective operational challenge,2026-09-02 13:55:14,94,0.76,0.8752101406225128,-1
Prospective operational challenge,2026-09-02 13:56:14,94,0.74,0.843241054774261,-1
Prospective operational challenge,2026-09-02 13:57:14,94,0.72,0.82917262423108,-1
Prospective operational challenge,2026-09-02 13:58:14,94,0.71,0.8119590678394419,-1
Prospective operational challenge,2026-09-02 13:59:14,94,0.71,0.7964650534632205,-1
Prospective operational challenge,2026-09-02 14:00:14,94,0.71,0.7801114569984313,-1
Prospective operational challenge,2026-09-02 14:01:14,94,0.71,0.7963144849083661,0
Prospective operational challenge,2026-09-02 14:02:14,94,0.72,0.810402563042143,0
Prospective operational challenge,2026-09-02 14:03:14,94,0.74,0.826154640964075,0
Prospective operational challenge,2026-09-02 14:04:14,94,0.76,0.8560263465162214,1
Prospective operational challenge,2026-09-02 14:05:14,94,0.78,0.8710582646751601,1
Prospective operational challenge,2026-09-02 14:06:14,94,0.8,0.8694720995728269,1
Prospective operational challenge,2026-09-02 14:07:14,94,0.83,0.8588057249089709,1
Prospective operational challenge,2026-09-02 14:08:14,94,0.86,0.8777822747183044,2
Prospective operational challenge,2026-09-02 14:09:14,94,0.89,0.9071289739794332,2
Prospective operational challenge,2026-09-02 14:10:14,94,0.91,0.9287685279910644,2
Prospective operational challenge,2026-09-02 14:11:14,94,0.94,0.9440449075176088,2
Prospective operational challenge,2026-09-02 14:12:14,94,0.96,0.9582863879933456,2
Prospective operational challenge,2026-09-02 14:13:14,94,0.97,0.9713000829759828,2
Prospective operational challenge,2026-09-02 14:14:14,94,0.97,0.9781391447755974,2
Prospective operational challenge,2026-09-02 14:15:14,94,0.96,0.9799493679783788,2
Prospective operational challenge,2026-09-02 14:16:14,94,0.94,0.9770267888772484,2
Prospective operational challenge,2026-09-02 14:17:14,94,0.91,0.9683251732729764,2
Prospective operational challenge,2026-09-02 14:18:14,94,0.87,0.9495885507718804,2
Prospective operational challenge,2026-09-02 14:19:14,94,0.84,0.885459948581909,1
Prospective operational challenge,2026-09-02 14:20:14,94,0.8,0.8596637956444164,1
Prospective operational challenge,2026-09-02 14:21:14,94,0.75,0.8243625539987662,0
Prospective operational challenge,2026-09-02 14:22:14,94,0.7,0.8020706621955256,0
Prospective operational challenge,2026-09-02 14:23:14,94,0.66,0.7592306022544246,-1
Prospective operational challenge,2026-09-02 14:24:14,94,0.62,0.72350467038128,-1
Prospective operational challenge,2026-09-02 14:25:14,94,0.58,0.6686518090630873,-2
Prospective operational challenge,2026-09-02 14:26:14,94,0.55,0.6189377372814078,-2
Prospective operational challenge,2026-09-02 14:27:14,94,0.52,0.5753522024125073,-2
Prospective operational challenge,2026-09-02 14:28:14,94,0.5,0.53651080499594,-2
Prospective operational challenge,2026-09-02 14:29:14,94,0.48,0.5299456759498251,-1
Prospective operational challenge,2026-09-02 14:30:14,94,0.47,0.5440086278379361,-1
Prospective operational challenge,2026-09-02 14:31:14,94,0.47,0.5476766818668666,-1
Prospective operational challenge,2026-09-02 14:32:14,94,0.46,0.5420262992983003,-1
Prospective operational challenge,2026-09-02 14:33:14,94,0.47,0.5254371206655013,-1
Prospective operational challenge,2026-09-02 14:34:14,94,0.47,0.5366787541117062,0
Prospective operational challenge,2026-09-02 14:35:14,94,0.49,0.5317721461986764,0
Prospective operational challenge,2026-09-02 14:36:14,94,0.5,0.5279410549516284,0
Prospective operational challenge,2026-09-02 14:37:14,94,0.52,0.5437789021632771,1
Prospective operational challenge,2026-09-02 14:38:14,94,0.54,0.5487880931695139,1
Prospective operational challenge,2026-09-02 14:39:14,94,0.57,0.5537156711071218,1
Prospective operational challenge,2026-09-02 14:40:14,94,0.6,0.5546020797136189,1
Prospective operational challenge,2026-09-02 14:41:14,94,0.63,0.5980383684616473,2
Prospective operational challenge,2026-09-02 14:42:14,94,0.66,0.6309439264885874,2
Prospective operational challenge,2026-09-02 14:43:14,94,0.69,0.6546557345506581,2
Prospective operational challenge,2026-09-02 14:44:14,94,0.73,0.6725065152026781,2
Prospective operational challenge,2026-09-02 14:45:14,94,0.76,0.6896524385420726,2
Prospective operational challenge,2026-09-02 14:46:14,94,0.8,0.703003354190225,2
Prospective operational challenge,2026-09-02 14:47:14,94,0.83,0.7686104375725336,3
Prospective operational challenge,2026-09-02 14:48:14,94,0.87,0.8187949180136709,3
Prospective operational challenge,2026-09-02 14:49:14,94,0.9,0.8575701937311173,3
Prospective operational challenge,2026-09-02 14:50:14,94,0.94,0.8861853980808321,3
Prospective operational challenge,2026-09-02 14:51:14,94,0.98,0.9046511105346736,3
Prospective operational challenge,2026-09-02 14:52:14,94,1.01,0.91820152479503,3
Prospective operational challenge,2026-09-02 14:53:14,94,1.05,0.942496337324204,3
Prospective operational challenge,2026-09-02 14:54:14,94,1.09,0.991004160394783,3
Prospective operational challenge,2026-09-02 14:55:14,94,1.13,1.0346524164182784,3
Prospective operational challenge,2026-09-02 14:56:14,94,1.17,1.1139380012380964,4
Prospective operational challenge,2026-09-02 14:57:14,94,1.2,1.1786337386873824,4
Prospective operational challenge,2026-09-02 14:58:14,94,1.24,1.2289015324694117,4
Prospective operational challenge,2026-09-02 14:59:14,94,1.28,1.2759129270293212,4
Prospective operational challenge,2026-09-02 15:00:14,94,1.32,1.3211906106382885,4
Prospective operational challenge,2026-09-02 15:01:14,94,1.35,1.3659249627996246,4
Prospective operational challenge,2026-09-02 15:02:14,94,1.39,1.4034138880904652,4
Prospective operational challenge,2026-09-02 15:03:14,94,1.43,1.4334369178740278,4
Prospective operational challenge,2026-09-02 15:04:14,94,1.47,1.4623740404388894,4
Prospective operational challenge,2026-09-02 15:05:14,94,1.51,1.4883217065269383,4
Prospective operational challenge,2026-09-02 15:06:14,94,1.55,1.5112205955281064,4
Prospective operational challenge,2026-09-02 15:07:14,94,1.59,1.5369800981523722,4
Prospective operational challenge,2026-09-02 15:08:14,94,1.62,1.56355214199926,4
Prospective operational challenge,2026-09-02 15:09:14,94,1.67,1.5899738062104336,4
Prospective operational challenge,2026-09-02 15:10:14,94,1.83,1.6169845203012017,4
Prospective operational challenge,2026-09-02 15:11:14,94,1.88,1.7744794175982948,5
Prospective operational challenge,2026-09-02 15:12:14,94,1.93,1.9254429079158248,5
Prospective operational challenge,2026-09-02 15:13:14,94,1.98,2.046434282158115,5
Prospective operational challenge,2026-09-02 15:14:14,94,2.02,2.1561150674679745,5
Prospective operational challenge,2026-09-02 15:15:14,94,2.08,2.299376796731506,5
Prospective operational challenge,2026-09-02 15:16:14,94,2.13,2.4259817143099953,5
Prospective operational challenge,2026-09-02 15:17:14,94,2.18,2.5344967740643587,5
Prospective operational challenge,2026-09-02 15:18:14,94,2.23,2.6246459651305525,5
Prospective operational challenge,2026-09-02 15:19:14,94,2.28,2.686066222524544,5
Prospective operational challenge,2026-09-02 15:20:14,94,2.34,2.703746692571543,5
Prospective operational challenge,2026-09-02 15:21:14,94,2.39,2.692463119076182,5
Prospective operational challenge,2026-09-02 15:22:14,94,2.44,2.6743112013144525,5
Prospective operational challenge,2026-09-02 15:23:14,94,2.5,2.649359894772581,5
Prospective operational challenge,2026-09-02 15:24:14,94,2.55,2.6161843712940884,5
Prospective operational challenge,2026-09-02 15:25:14,94,2.61,2.5587658935904463,5
Prospective operational challenge,2026-09-02 15:26:14,94,2.67,2.5603987217204445,5
Prospective operational challenge,2026-09-02 15:27:14,94,2.72,2.595450306722129,5
Prospective operational challenge,2026-09-02 15:28:14,94,2.78,2.6508579290959435,5
Prospective operational challenge,2026-09-02 15:29:14,94,2.84,2.70577870684509,5
Prospective operational challenge,2026-09-02 15:30:14,94,2.89,2.762630804965979,5
Prospective operational challenge,2026-09-02 15:31:14,94,2.95,2.8195758513039175,5
Prospective operational challenge,2026-09-02 15:32:14,94,3.01,2.8720499372664614,5
Prospective operational challenge,2026-09-02 15:33:14,94,3.06,2.9179708905483017,5
Prospective operational challenge,2026-09-02 15:34:14,94,3.12,2.956558191721106,5
Prospective operational challenge,2026-09-02 15:35:14,94,3.18,2.9875649234684425,5
Prospective operational challenge,2026-09-02 15:36:14,94,3.24,3.010667939600753,5
Prospective operational challenge,2026-09-02 15:37:14,94,3.29,3.026041801403715,5
Prospective operational challenge,2026-09-02 15:38:14,94,3.35,3.033678763192575,5
Prospective operational challenge,2026-09-02 15:39:14,94,3.4,3.0034956244375706,5
Prospective operational challenge,2026-09-02 15:40:14,94,3.46,2.967994884179717,5
Prospective operational challenge,2026-09-02 15:41:14,94,3.52,2.9903466633504463,5
Prospective operational challenge,2026-09-02 15:42:14,94,3.58,3.0105473147296427,5
Prospective operational challenge,2026-09-02 15:43:14,94,3.63,3.030340561982686,5
Prospective operational challenge,2026-09-02 15:44:14,94,3.69,3.0507070135224272,5
Prospective operational challenge,2026-09-02 15:45:14,94,3.74,3.071908558507169,5
Prospective operational challenge,2026-09-02 15:46:14,94,3.8,3.093847549356246,5
Prospective operational challenge,2026-09-02 15:47:14,94,3.85,3.115032941754489,5
Prospective operational challenge,2026-09-02 15:48:14,94,3.91,3.1372379307531713,5
Prospective operational challenge,2026-09-02 15:49:14,94,3.96,3.4448997408125313,6
Prospective operational challenge,2026-09-02 15:50:14,94,4.01,3.6532679649662434,6
Prospective operational challenge,2026-09-02 15:51:14,94,4.07,3.794320095964304,6
Prospective operational challenge,2026-09-02 15:52:14,94,4.12,3.891920092621441,6
Prospective operational challenge,2026-09-02 15:53:14,94,4.17,3.9622136931182776,6
Prospective operational challenge,2026-09-02 15:54:14,94,4.23,4.016684465475123,6
Prospective operational challenge,2026-09-02 15:55:14,94,4.28,4.06305825793637,6
Prospective operational challenge,2026-09-02 15:56:14,94,4.33,4.113254545823779,6
Prospective operational challenge,2026-09-02 15:57:14,94,4.38,4.156934445803282,6
Prospective operational challenge,2026-09-02 15:58:14,94,4.43,4.202776619803599,6
Prospective operational challenge,2026-09-02 15:59:14,94,4.48,4.250665165932128,6
Prospective operational challenge,2026-09-02 16:00:14,94,4.54,4.299572741903676,6
Prospective operational challenge,2026-09-02 16:01:14,94,4.59,4.348569393249897,6
Prospective operational challenge,2026-09-02 16:02:14,94,4.64,4.3927911133239075,6
Prospective operational challenge,2026-09-02 16:03:14,94,4.69,4.408590515490497,6
Prospective operational challenge,2026-09-02 16:04:14,94,4.74,4.438590308219797,6
Prospective operational challenge,2026-09-02 16:05:14,94,4.79,4.399363043459076,6
Prospective operational challenge,2026-09-02 16:06:14,94,4.83,4.457205739092362,6
Prospective operational challenge,2026-09-02 16:07:14,94,4.88,4.523760724261349,6
Prospective operational challenge,2026-09-02 16:08:14,94,4.93,4.573906192900004,6
Prospective operational challenge,2026-09-02 16:09:14,94,4.98,4.619956933631262,6
Prospective operational challenge,2026-09-02 16:10:14,94,5.04,4.6687227257879815,6
Prospective operational challenge,2026-09-02 16:11:14,94,5.09,4.710107824969719,6
Prospective operational challenge,2026-09-02 16:12:14,94,5.13,4.745540082039198,6
Prospective operational challenge,2026-09-02 16:13:14,94,5.18,4.789768603202261,6
Prospective operational challenge,2026-09-02 16:14:14,94,5.23,4.828119377611354,6
Prospective operational challenge,2026-09-02 16:15:14,94,5.27,4.861295090008987,6
Prospective operational challenge,2026-09-02 16:16:14,94,5.32,4.883222934628783,6
Prospective operational challenge,2026-09-02 16:17:14,94,5.37,4.90734356371056,6
Prospective operational challenge,2026-09-02 16:18:14,94,5.41,4.9516762737795235,6
Prospective operational challenge,2026-09-02 16:19:14,94,5.46,4.976171340597463,6
Prospective operational challenge,2026-09-02 16:20:14,94,5.5,5.00050053641018,6
Prospective operational challenge,2026-09-02 16:21:14,94,5.55,5.016166278284975,6
Prospective operational challenge,2026-09-02 16:22:14,94,5.59,5.029554127625064,6
Prospective operational challenge,2026-09-02 16:23:14,94,5.63,5.042825319395991,6
Prospective operational challenge,2026-09-02 16:24:14,94,5.68,5.057867817026789,6
Prospective operational challenge,2026-09-02 16:25:14,94,5.72,5.074599440691408,6
Prospective operational challenge,2026-09-02 16:26:14,94,5.76,5.255004184299809,7
Prospective operational challenge,2026-09-02 16:27:14,94,5.81,5.462655979843548,7
Prospective operational challenge,2026-09-02 16:28:14,94,5.85,5.592910437375215,7
Prospective operational challenge,2026-09-02 16:29:14,94,5.89,5.684800518319684,7
Prospective operational challenge,2026-09-02 16:30:14,94,5.92,5.716076082003731,7
Prospective operational challenge,2026-09-02 16:31:14,94,5.95,5.733807465759053,7
Prospective operational challenge,2026-09-02 16:32:14,94,5.97,5.743222817875548,7
Prospective operational challenge,2026-09-02 16:33:14,94,5.98,5.747219213370396,7
Prospective operational challenge,2026-09-02 16:34:14,94,5.98,5.747410777378706,7
Prospective operational challenge,2026-09-02 16:35:14,94,5.97,5.743784096641511,7
Prospective operational challenge,2026-09-02 16:36:14,94,5.94,5.735664163070361,7
Prospective operational challenge,2026-09-02 16:37:14,94,5.89,5.721334268436943,7
Prospective operational challenge,2026-09-02 16:38:14,94,5.84,5.698299357654726,7
Prospective operational challenge,2026-09-02 16:39:14,94,5.78,5.761317870976033,7
Prospective operational challenge,2026-09-02 16:40:14,94,5.71,5.8164541110047425,7
Prospective operational challenge,2026-09-02 16:41:14,94,5.63,5.7288313356023775,6
Prospective operational challenge,2026-09-02 16:42:14,94,5.56,5.713391163181154,6
Prospective operational challenge,2026-09-02 16:43:14,94,5.48,5.731876145387311,6
Prospective operational challenge,2026-09-02 16:44:14,94,5.4,5.764077601778187,6
Prospective operational challenge,2026-09-02 16:45:14,94,5.32,5.679388362787092,5
Prospective operational challenge,2026-09-02 16:46:14,94,5.23,5.645449039224186,5
Prospective operational challenge,2026-09-02 16:47:14,94,5.15,5.532329925560056,4
Prospective operational challenge,2026-09-02 16:48:14,94,5.07,5.457838730683902,4
Prospective operational challenge,2026-09-02 16:49:14,94,5.0,5.313551926164861,3
Prospective operational challenge,2026-09-02 16:50:14,94,4.93,5.215374427310583,3
Prospective operational challenge,2026-09-02 16:51:14,94,4.88,5.139971508663127,3
Prospective operational challenge,2026-09-02 16:52:14,94,4.83,5.076760675656949,3
Prospective operational challenge,2026-09-02 16:53:14,94,4.79,5.020232384942611,3
Prospective operational challenge,2026-09-02 16:54:14,94,4.75,4.905141711129843,3
Prospective operational challenge,2026-09-02 16:55:14,94,4.72,4.824719210923432,3
Prospective operational challenge,2026-09-02 16:56:14,94,4.69,4.8070544211650805,3
Prospective operational challenge,2026-09-02 16:57:14,94,4.67,4.8020964272458775,3
Prospective operational challenge,2026-09-02 16:58:14,94,4.65,4.801987137523188,3
Prospective operational challenge,2026-09-02 16:59:14,94,4.64,4.777844593821132,3
Prospective operational challenge,2026-09-02 17:00:14,94,4.62,4.758505602641048,4
Prospective operational challenge,2026-09-02 17:01:14,94,4.61,4.731970114647816,4
Prospective operational challenge,2026-09-02 17:02:14,94,4.6,4.719458566740215,4
Prospective operational challenge,2026-09-02 17:03:14,94,4.59,4.716494897726059,4
Prospective operational challenge,2026-09-02 17:04:14,94,4.58,4.724735739547031,4
Prospective operational challenge,2026-09-02 17:05:14,94,4.58,4.79268428675477,5
Prospective operational challenge,2026-09-02 17:06:14,94,4.57,4.84445993865546,5
Prospective operational challenge,2026-09-02 17:07:14,94,4.57,4.888269153786528,5
Prospective operational challenge,2026-09-02 17:08:14,94,4.57,4.9258272234827345,5
Prospective operational challenge,2026-09-02 17:09:14,94,4.57,4.931374267281532,5
Prospective operational challenge,2026-09-02 17:10:14,94,4.57,4.910666462470081,5
Prospective operational challenge,2026-09-02 17:11:14,94,4.58,4.885643933412299,5
Prospective operational challenge,2026-09-02 17:12:14,94,4.58,4.863395304092197,5
Prospective operational challenge,2026-09-02 17:13:14,94,4.58,4.85518374473798,5
Prospective operational challenge,2026-09-02 17:14:14,94,4.59,4.876779847347331,6
Prospective operational challenge,2026-09-02 17:15:14,94,4.6,4.954393119936819,6
Prospective operational challenge,2026-09-02 17:16:14,94,4.61,5.004838308791632,6
Prospective operational challenge,2026-09-02 17:17:14,94,4.62,5.02909146465036,6
Prospective operational challenge,2026-09-02 17:18:14,94,4.63,5.033236917346942,6
Prospective operational challenge,2026-09-02 17:19:14,94,4.64,5.023160442698812,6
Prospective operational challenge,2026-09-02 17:20:14,94,4.65,5.021954005068571,6
Prospective operational challenge,2026-09-02 17:21:14,94,4.66,5.024037216429151,6
Prospective operational challenge,2026-09-02 17:22:14,94,4.68,5.026314636666005,6
Prospective operational challenge,2026-09-02 17:23:14,94,4.69,5.030583359101661,6
Prospective operational challenge,2026-09-02 17:24:14,94,4.71,5.03809894034285,6
Prospective operational challenge,2026-09-02 17:25:14,94,4.72,5.0518250494037265,6
Prospective operational challenge,2026-09-02 17:26:14,94,4.74,5.069025948212961,6
Prospective operational challenge,2026-09-02 17:27:14,94,4.76,5.090744659344397,6
Prospective operational challenge,2026-09-02 17:28:14,94,4.78,5.119302243356306,6
Prospective operational challenge,2026-09-02 17:29:14,94,4.81,5.156258038833094,6
Prospective operational challenge,2026-09-02 17:30:14,94,4.84,5.300560712559925,7
Prospective operational challenge,2026-09-02 17:31:14,94,4.86,5.366201990306635,7
Prospective operational challenge,2026-09-02 17:32:14,94,4.89,5.412396120665414,7
Prospective operational challenge,2026-09-02 17:33:14,94,4.91,5.441322285920136,7
Prospective operational challenge,2026-09-02 17:34:14,94,4.93,5.455266974426391,7
Prospective operational challenge,2026-09-02 17:35:14,94,4.94,5.46932879279966,7
Prospective operational challenge,2026-09-02 17:36:14,94,4.94,5.485118276711381,7
Prospective operational challenge,2026-09-02 17:37:14,94,4.94,5.504057231611785,7
Prospective operational challenge,2026-09-02 17:38:14,94,4.92,5.520800757182245,7
Prospective operational challenge,2026-09-02 17:39:14,94,4.9,5.53709673330923,7
Prospective operational challenge,2026-09-02 17:40:14,94,4.86,5.460421822089834,6
Prospective operational challenge,2026-09-02 17:41:14,94,4.82,5.423895628738189,6
Prospective operational challenge,2026-09-02 17:42:14,94,4.78,5.411449257934007,6
Prospective operational challenge,2026-09-02 17:43:14,94,4.73,5.417313496969443,6
Prospective operational challenge,2026-09-02 17:44:14,94,4.68,5.439107397918736,6
Prospective operational challenge,2026-09-02 17:45:14,94,4.63,5.3787407425704465,5
Prospective operational challenge,2026-09-02 17:46:14,94,4.58,5.355215208780756,5
Prospective operational challenge,2026-09-02 17:47:14,94,4.52,5.260970628590171,4
Prospective operational challenge,2026-09-02 17:48:14,94,4.46,5.208626613455755,4
Prospective operational challenge,2026-09-02 17:49:14,94,4.41,5.07906888971368,3
Prospective operational challenge,2026-09-02 17:50:14,94,4.36,4.992585202268022,3
Prospective operational challenge,2026-09-02 17:51:15,94,4.32,4.926025210741816,3
Prospective operational challenge,2026-09-02 17:52:15,94,4.28,4.869595441359166,3
Prospective operational challenge,2026-09-02 17:53:15,94,4.25,4.8177630192568035,3
Prospective operational challenge,2026-09-02 17:54:15,94,4.23,4.85491510172041,3
Prospective operational challenge,2026-09-02 17:55:15,94,4.21,4.825794538670273,3
Prospective operational challenge,2026-09-02 17:56:15,94,4.2,4.777697047972523,3
Prospective operational challenge,2026-09-02 17:57:15,94,4.19,4.760766397993551,3
Prospective operational challenge,2026-09-02 17:58:15,94,4.18,4.7462165070212015,3
Prospective operational challenge,2026-09-02 17:59:15,94,4.18,4.716645182902203,4
Prospective operational challenge,2026-09-02 18:00:15,94,4.17,4.679171937900011,4
Prospective operational challenge,2026-09-02 18:01:15,94,4.17,4.642294071568616,4
Prospective operational challenge,2026-09-02 18:02:15,94,4.18,4.6227631385419405,4
Prospective operational challenge,2026-09-02 18:03:15,94,4.18,4.619589108065011,4
Prospective operational challenge,2026-09-02 18:04:15,94,4.19,4.624854473425556,4
Prospective operational challenge,2026-09-02 18:05:15,94,4.19,4.651208693503626,5
Prospective operational challenge,2026-09-02 18:06:15,94,4.2,4.707692871598693,5
Prospective operational challenge,2026-09-02 18:07:15,94,4.21,4.757278667284079,5
Prospective operational challenge,2026-09-02 18:08:15,94,4.22,4.800850222136594,5
Prospective operational challenge,2026-09-02 18:09:15,94,4.23,4.778182003405787,5
Prospective operational challenge,2026-09-02 18:10:15,94,4.25,4.758646630779315,5
Prospective operational challenge,2026-09-02 18:11:15,94,4.26,4.741324540341549,5
Prospective operational challenge,2026-09-02 18:12:15,94,4.27,4.72424218829288,5
Prospective operational challenge,2026-09-02 18:13:15,94,4.29,4.837580637078951,6
Prospective operational challenge,2026-09-02 18:14:15,94,4.3,4.934357111588433,6
Prospective operational challenge,2026-09-02 18:15:15,94,4.32,4.996172209985745,6
Prospective operational challenge,2026-09-02 18:16:15,94,4.34,5.03186555330718,6
Prospective operational challenge,2026-09-02 18:17:15,94,4.36,5.047074299781482,6
Prospective operational challenge,2026-09-02 18:18:15,94,4.38,5.04290164272869,6
Prospective operational challenge,2026-09-02 18:19:15,94,4.4,5.032728158101993,6
Prospective operational challenge,2026-09-02 18:20:15,94,4.42,5.033843158868307,6
Prospective operational challenge,2026-09-02 18:21:15,94,4.44,5.033593407764772,6
Prospective operational challenge,2026-09-02 18:22:15,94,4.46,5.034829316780906,6
Prospective operational challenge,2026-09-02 18:23:15,94,4.48,5.0389148821099985,6
Prospective operational challenge,2026-09-02 18:24:15,94,4.51,5.046559872962323,6
Prospective operational challenge,2026-09-02 18:25:15,94,4.53,5.058293829688266,6
Prospective operational challenge,2026-09-02 18:26:15,94,4.56,5.0654344064358705,6
Prospective operational challenge,2026-09-02 18:27:15,94,4.58,5.076970942660153,6
Prospective operational challenge,2026-09-02 18:28:15,94,4.61,5.096156059200427,6
Prospective operational challenge,2026-09-02 18:29:15,94,4.64,5.208443739727902,7
Prospective operational challenge,2026-09-02 18:30:15,94,4.67,5.2554562678026535,7
Prospective operational challenge,2026-09-02 18:31:15,94,4.7,5.283752576643466,7
Prospective operational challenge,2026-09-02 18:32:15,94,4.73,5.295986602333901,7
Prospective operational challenge,2026-09-02 18:33:15,94,4.74,5.294808124736432,7
Prospective operational challenge,2026-09-02 18:34:15,94,4.76,5.283095704792488,7
Prospective operational challenge,2026-09-02 18:35:15,94,4.76,5.276993049801937,7
Prospective operational challenge,2026-09-02 18:36:15,94,4.75,5.273692443500977,7
Prospective operational challenge,2026-09-02 18:37:15,94,4.74,5.186835735212709,6
Prospective operational challenge,2026-09-02 18:38:15,94,4.71,5.135337699988755,6
Prospective operational challenge,2026-09-02 18:39:15,94,4.68,5.108845191099952,6
Prospective operational challenge,2026-09-02 18:40:15,94,4.64,5.11203433510811,6
Prospective operational challenge,2026-09-02 18:41:15,94,4.6,5.12125623402489,6
Prospective operational challenge,2026-09-02 18:42:15,94,4.55,5.138365129212778,6
Prospective operational challenge,2026-09-02 18:43:15,94,4.5,5.075271992831034,5
Prospective operational challenge,2026-09-02 18:44:15,94,4.45,5.049411229547544,5
Prospective operational challenge,2026-09-02 18:45:15,94,4.4,5.038742965692284,5
Prospective operational challenge,2026-09-02 18:46:15,94,4.36,4.949803140503007,4
Prospective operational challenge,2026-09-02 18:47:15,94,4.32,4.813624556568415,3
Prospective operational challenge,2026-09-02 18:48:15,94,4.29,4.729720276605452,3
Prospective operational challenge,2026-09-02 18:49:15,94,4.26,4.670878293179314,3
Prospective operational challenge,2026-09-02 18:50:15,94,4.23,4.638264709683776,3
Prospective operational challenge,2026-09-02 18:51:15,94,4.21,4.6167848868053065,3
Prospective operational challenge,2026-09-02 18:52:15,94,4.19,4.623891174728938,3
Prospective operational challenge,2026-09-02 18:53:15,94,4.18,4.599070033474764,3
Prospective operational challenge,2026-09-02 18:54:15,94,4.17,4.595559538008881,3
Prospective operational challenge,2026-09-02 18:55:15,94,4.16,4.590668515924929,3
Prospective operational challenge,2026-09-02 18:56:15,94,4.16,4.594616831498561,3
Prospective operational challenge,2026-09-02 18:57:15,94,4.16,4.577145400480353,3
Prospective operational challenge,2026-09-02 18:58:15,94,4.16,4.562944820998501,4
Prospective operational challenge,2026-09-02 18:59:15,94,4.16,4.535203556592021,4
Prospective operational challenge,2026-09-02 19:00:15,94,4.17,4.505199985479914,4
Prospective operational challenge,2026-09-02 19:01:15,94,4.17,4.490634603138056,4
Prospective operational challenge,2026-09-02 19:02:15,94,4.18,4.488499155635171,4
Prospective operational challenge,2026-09-02 19:03:15,94,4.19,4.493499939739662,4
Prospective operational challenge,2026-09-02 19:04:15,94,4.19,4.505493187985728,5
Prospective operational challenge,2026-09-02 19:05:15,94,4.2,4.553723961136992,5
Prospective operational challenge,2026-09-02 19:06:15,94,4.22,4.605396463187054,5
Prospective operational challenge,2026-09-02 19:07:15,94,4.23,4.603657084661901,5
Prospective operational challenge,2026-09-02 19:08:15,94,4.24,4.606785018868586,5
Prospective operational challenge,2026-09-02 19:09:15,94,4.25,4.612963052596135,5
Prospective operational challenge,2026-09-02 19:10:15,94,4.27,4.613291394062054,5
Prospective operational challenge,2026-09-02 19:11:15,94,4.28,4.611940811127731,5
Prospective operational challenge,2026-09-02 19:12:15,94,4.3,4.737706077586958,6
Prospective operational challenge,2026-09-02 19:13:15,94,4.31,4.824866001095479,6
Prospective operational challenge,2026-09-02 19:14:15,94,4.33,4.876426379635746,6
Prospective operational challenge,2026-09-02 19:15:15,94,4.35,4.902372912208953,6
Prospective operational challenge,2026-09-02 19:16:15,94,4.37,4.910055309051066,6
Prospective operational challenge,2026-09-02 19:17:15,94,4.39,4.912035181641878,6
Prospective operational challenge,2026-09-02 19:18:15,94,4.41,4.917435813106908,6
Prospective operational challenge,2026-09-02 19:19:15,94,4.43,4.923543757833389,6
Prospective operational challenge,2026-09-02 19:20:15,94,4.45,4.9288669324508785,6
Prospective operational challenge,2026-09-02 19:21:15,94,4.48,4.9359308080275035,6
Prospective operational challenge,2026-09-02 19:22:15,94,4.5,4.945924252713452,6
Prospective operational challenge,2026-09-02 19:23:15,94,4.52,4.959507538904228,6
Prospective operational challenge,2026-09-02 19:24:15,94,4.55,4.97727689540676,6
Prospective operational challenge,2026-09-02 19:25:15,94,4.58,5.000103239458035,6
Prospective operational challenge,2026-09-02 19:26:15,94,4.6,5.030033415484119,6
Prospective operational challenge,2026-09-02 19:27:15,94,4.63,5.069711346854131,6
Prospective operational challenge,2026-09-02 19:28:15,94,4.67,5.123556891316007,6
Prospective operational challenge,2026-09-02 19:29:15,94,4.7,5.244569613421156,7
Prospective operational challenge,2026-09-02 19:30:15,94,4.73,5.310605921090327,7
Prospective operational challenge,2026-09-02 19:31:15,94,4.77,5.350073774376277,7
Prospective operational challenge,2026-09-02 19:32:15,94,4.8,5.367107290827167,7
Prospective operational challenge,2026-09-02 19:33:15,94,4.82,5.365445369149555,7
Prospective operational challenge,2026-09-02 19:34:15,94,4.83,5.362124737419718,7
Prospective operational challenge,2026-09-02 19:35:15,94,4.84,5.3563277535982445,7
Prospective operational challenge,2026-09-02 19:36:15,94,4.83,5.348221233286058,7
Prospective operational challenge,2026-09-02 19:37:15,94,4.82,5.3393811399519135,7
Prospective operational challenge,2026-09-02 19:38:15,94,4.79,5.250789776117001,6
Prospective operational challenge,2026-09-02 19:39:15,94,4.76,5.2055920053044,6
Prospective operational challenge,2026-09-02 19:40:15,94,4.72,5.184414169671771,6
Prospective operational challenge,2026-09-02 19:41:15,94,4.68,5.1808845933727135,6
Prospective operational challenge,2026-09-02 19:42:15,94,4.63,5.193021514625011,6
Prospective operational challenge,2026-09-02 19:43:15,94,4.59,5.214537704437998,6
Prospective operational challenge,2026-09-02 19:44:15,94,4.54,5.152300371762015,5
Prospective operational challenge,2026-09-02 19:45:15,94,4.49,5.123495492595395,5
Prospective operational challenge,2026-09-02 19:46:15,94,4.45,5.0237545933951955,4
Prospective operational challenge,2026-09-02 19:47:15,94,4.4,4.964473089589045,4
Prospective operational challenge,2026-09-02 19:48:15,94,4.36,4.841182947247042,3
Prospective operational challenge,2026-09-02 19:49:15,94,4.33,4.763976889864567,3
Prospective operational challenge,2026-09-02 19:50:15,94,4.3,4.711395497830308,3
Prospective operational challenge,2026-09-02 19:51:15,94,4.27,4.685247294074783,3
Prospective operational challenge,2026-09-02 19:52:15,94,4.25,4.670925428504829,3
Prospective operational challenge,2026-09-02 19:53:15,94,4.23,4.669525065377025,3
Prospective operational challenge,2026-09-02 19:54:15,94,4.22,4.659797335461972,3
Prospective operational challenge,2026-09-02 19:55:15,94,4.21,4.6611036168578845,3
Prospective operational challenge,2026-09-02 19:56:15,94,4.2,4.6615443652123085,3
Prospective operational challenge,2026-09-02 19:57:15,94,4.19,4.654318585932408,3
Prospective operational challenge,2026-09-02 19:58:15,94,4.19,4.634341236977099,3
Prospective operational challenge,2026-09-02 19:59:15,94,4.19,4.616251851450824,4
Prospective operational challenge,2026-09-02 20:00:15,94,4.2,4.58655149555897,4
Prospective operational challenge,2026-09-02 20:01:15,94,4.2,4.571122847205308,4
Prospective operational challenge,2026-09-02 20:02:15,94,4.21,4.5659862302389085,4
Prospective operational challenge,2026-09-02 20:03:15,94,4.21,4.570568180609256,4
Prospective operational challenge,2026-09-02 20:04:15,94,4.22,4.584055401417167,5
Prospective operational challenge,2026-09-02 20:05:15,94,4.23,4.602946559775065,5
Prospective operational challenge,2026-09-02 20:06:15,94,4.24,4.651996202940152,5
Prospective operational challenge,2026-09-02 20:07:15,94,4.25,4.669448458665616,5
Prospective operational challenge,2026-09-02 20:08:15,94,4.26,4.641870987153814,5
Prospective operational challenge,2026-09-02 20:09:15,94,4.28,4.635457560177396,5
Prospective operational challenge,2026-09-02 20:10:15,94,4.29,4.634822225108417,5
Prospective operational challenge,2026-09-02 20:11:15,94,4.31,4.6323616477649985,5
Prospective operational challenge,2026-09-02 20:12:15,94,4.33,4.756203528456378,6
Prospective operational challenge,2026-09-02 20:13:15,94,4.34,4.838760814948684,6
Prospective operational challenge,2026-09-02 20:14:15,94,4.36,4.89109916250889,6
Prospective operational challenge,2026-09-02 20:15:15,94,4.38,4.919408695689527,6
Prospective operational challenge,2026-09-02 20:16:15,94,4.4,4.9306365380384864,6
Prospective operational challenge,2026-09-02 20:17:15,94,4.42,4.928445642767911,6
Prospective operational challenge,2026-09-02 20:18:15,94,4.45,4.934696977121913,6
Prospective operational challenge,2026-09-02 20:19:15,94,4.47,4.942982214940866,6
Prospective operational challenge,2026-09-02 20:20:15,94,4.49,4.94972776176601,6
Prospective operational challenge,2026-09-02 20:21:15,94,4.52,4.957484781668558,6
Prospective operational challenge,2026-09-02 20:22:15,94,4.54,4.967434586033087,6
Prospective operational challenge,2026-09-02 20:23:15,94,4.57,4.980224600753556,6
Prospective operational challenge,2026-09-02 20:24:15,94,4.59,4.9964523770708755,6
Prospective operational challenge,2026-09-02 20:25:15,94,4.62,5.017021326314174,6
Prospective operational challenge,2026-09-02 20:26:15,94,4.65,5.169206367793172,7
Prospective operational challenge,2026-09-02 20:27:15,94,4.68,5.241191550272655,7
Prospective operational challenge,2026-09-02 20:28:15,94,4.71,5.2822455686609375,7
Prospective operational challenge,2026-09-02 20:29:15,94,4.73,5.311498564028455,7
Prospective operational challenge,2026-09-02 20:30:15,94,4.75,5.331449747682827,7
Prospective operational challenge,2026-09-02 20:31:15,94,4.76,5.341900376688409,7
Prospective operational challenge,2026-09-02 20:32:15,94,4.77,5.343674327416244,7
Prospective operational challenge,2026-09-02 20:33:15,94,4.78,5.338280308121126,7
Prospective operational challenge,2026-09-02 20:34:15,94,4.77,5.253652845688924,6
Prospective operational challenge,2026-09-02 20:35:15,94,4.74,5.207468350206303,6
Prospective operational challenge,2026-09-02 20:36:15,94,4.71,5.182177555969232,6
Prospective operational challenge,2026-09-02 20:37:15,94,4.68,5.178723925164592,6
Prospective operational challenge,2026-09-02 20:38:15,94,4.64,5.184608756386327,6
Prospective operational challenge,2026-09-02 20:39:15,94,4.6,5.197604692969771,6
Prospective operational challenge,2026-09-02 20:40:15,94,4.56,5.21657330817521,6
Prospective operational challenge,2026-09-02 20:41:15,94,4.51,5.151907608869239,5
Prospective operational challenge,2026-09-02 20:42:15,94,4.47,5.126998053457383,5
Prospective operational challenge,2026-09-02 20:43:15,94,4.43,5.0323983052829515,4
Prospective operational challenge,2026-09-02 20:44:15,94,4.39,4.97925639015929,4
Prospective operational challenge,2026-09-02 20:45:15,94,4.35,4.861436968283385,3
Prospective operational challenge,2026-09-02 20:46:15,94,4.32,4.788087411772334,3
Prospective operational challenge,2026-09-02 20:47:15,94,4.29,4.7445867015974486,3
Prospective operational challenge,2026-09-02 20:48:15,94,4.27,4.720822751852643,3
Prospective operational challenge,2026-09-02 20:49:15,94,4.25,4.699729268616178,3
Prospective operational challenge,2026-09-02 20:50:15,94,4.23,4.69561838812228,3
Prospective operational challenge,2026-09-02 20:51:15,94,4.22,4.685749630068959,3
Prospective operational challenge,2026-09-02 20:52:15,94,4.2,4.685689364863189,3
Prospective operational challenge,2026-09-02 20:53:15,94,4.2,4.679719236649589,3
Prospective operational challenge,2026-09-02 20:54:15,94,4.19,4.665656001382768,3
Prospective operational challenge,2026-09-02 20:55:15,94,4.19,4.640343386984988,3
Prospective operational challenge,2026-09-02 20:56:15,94,4.19,4.614671826220552,4
Prospective operational challenge,2026-09-02 20:57:15,94,4.19,4.57768637043873,4
Prospective operational challenge,2026-09-02 20:58:15,94,4.2,4.5553575449435515,4
Prospective operational challenge,2026-09-02 20:59:15,94,4.2,4.543289390258339,4
Prospective operational challenge,2026-09-02 21:00:15,94,4.21,4.541845953566536,4
Prospective operational challenge,2026-09-02 21:01:15,94,4.22,4.549993469332177,5
Prospective operational challenge,2026-09-02 21:02:15,94,4.23,4.586194721762429,5
Prospective operational challenge,2026-09-02 21:03:15,94,4.24,4.642112992572596,5
Prospective operational challenge,2026-09-02 21:04:15,94,4.25,4.647492654013048,5
Prospective operational challenge,2026-09-02 21:05:15,94,4.26,4.642511234120441,5
Prospective operational challenge,2026-09-02 21:06:15,94,4.28,4.646879328023919,5
Prospective operational challenge,2026-09-02 21:07:15,94,4.29,4.64493374425708,5
Prospective operational challenge,2026-09-02 21:08:15,94,4.31,4.639985574133175,5
Prospective operational challenge,2026-09-02 21:09:15,94,4.32,4.763813663727309,6
Prospective operational challenge,2026-09-02 21:10:15,94,4.34,4.843533479191209,6
Prospective operational challenge,2026-09-02 21:11:15,94,4.36,4.896153127351388,6
Prospective operational challenge,2026-09-02 21:12:15,94,4.38,4.924979165461727,6
Prospective operational challenge,2026-09-02 21:13:15,94,4.4,4.935790630025368,6
Prospective operational challenge,2026-09-02 21:14:15,94,4.42,4.932333409757062,6
Prospective operational challenge,2026-09-02 21:15:15,94,4.45,4.934286455829945,6
Prospective operational challenge,2026-09-02 21:16:15,94,4.47,4.940285205293306,6
Prospective operational challenge,2026-09-02 21:17:15,94,4.5,4.945983951161801,6
Prospective operational challenge,2026-09-02 21:18:15,94,4.52,4.954299038204928,6
Prospective operational challenge,2026-09-02 21:19:15,94,4.55,4.9646217689524965,6
Prospective operational challenge,2026-09-02 21:20:15,94,4.57,4.977539115173558,6
Prospective operational challenge,2026-09-02 21:21:15,94,4.6,4.993549634479481,6
Prospective operational challenge,2026-09-02 21:22:15,94,4.62,5.013363473918822,6
Prospective operational challenge,2026-09-02 21:23:15,94,4.65,5.1637314911059855,7
Prospective operational challenge,2026-09-02 21:24:15,94,4.68,5.224686251738168,7
Prospective operational challenge,2026-09-02 21:25:15,94,4.71,5.259974835801415,7
Prospective operational challenge,2026-09-02 21:26:15,94,4.73,5.296808022756119,7
Prospective operational challenge,2026-09-02 21:27:15,94,4.75,5.32739497617361,7
Prospective operational challenge,2026-09-02 21:28:15,94,4.77,5.351651249198154,7
Prospective operational challenge,2026-09-02 21:29:15,94,4.78,5.360641533248873,7
Prospective operational challenge,2026-09-02 21:30:15,94,4.78,5.273833755017954,6
Prospective operational challenge,2026-09-02 21:31:15,94,4.78,5.2275268399323895,6
Prospective operational challenge,2026-09-02 21:32:15,94,4.76,5.200386527311345,6
Prospective operational challenge,2026-09-02 21:33:15,94,4.73,5.192652933382199,6
Prospective operational challenge,2026-09-02 21:34:15,94,4.7,5.19622218270073,6
Prospective operational challenge,2026-09-02 21:35:15,94,4.66,5.206349571057181,6
Prospective operational challenge,2026-09-02 21:36:15,94,4.62,5.222112795208394,6
Prospective operational challenge,2026-09-02 21:37:15,94,4.57,5.243279295692602,6
Prospective operational challenge,2026-09-02 21:38:15,94,4.52,5.181488001106974,5
Prospective operational challenge,2026-09-02 21:39:15,94,4.48,5.158944091170514,5
Prospective operational challenge,2026-09-02 21:40:15,94,4.43,5.067375928441192,4
Prospective operational challenge,2026-09-02 21:41:15,94,4.4,5.016630830451081,4
Prospective operational challenge,2026-09-02 21:42:15,94,4.36,4.900812062271426,3
Prospective operational challenge,2026-09-02 21:43:15,94,4.33,4.829310323872086,3
Prospective operational challenge,2026-09-02 21:44:15,94,4.3,4.786771495500265,3
Prospective operational challenge,2026-09-02 21:45:15,94,4.28,4.762537231555571,3
Prospective operational challenge,2026-09-02 21:46:15,94,4.26,4.738031018508352,3
Prospective operational challenge,2026-09-02 21:47:15,94,4.24,4.713872322219795,3
Prospective operational challenge,2026-09-02 21:48:15,94,4.22,4.690888608524613,3
Prospective operational challenge,2026-09-02 21:49:15,94,4.21,4.687776543525716,3
Prospective operational challenge,2026-09-02 21:50:15,94,4.2,4.67667716619219,3
Prospective operational challenge,2026-09-02 21:51:15,94,4.2,4.65748298153318,3
Prospective operational challenge,2026-09-02 21:52:15,94,4.2,4.628598284029764,3
Prospective operational challenge,2026-09-02 21:53:15,94,4.2,4.599056242377519,4
Prospective operational challenge,2026-09-02 21:54:15,94,4.2,4.557354420256994,4
Prospective operational challenge,2026-09-02 21:55:15,94,4.2,4.528427593785281,4
Prospective operational challenge,2026-09-02 21:56:15,94,4.21,4.509167570805861,4
Prospective operational challenge,2026-09-02 21:57:15,94,4.22,4.499213232381964,4
Prospective operational challenge,2026-09-02 21:58:15,94,4.23,4.499946616484781,5
Prospective operational challenge,2026-09-02 21:59:15,94,4.23,4.546987671349725,5
Prospective operational challenge,2026-09-02 22:00:15,94,4.24,4.596720729505009,5
Prospective operational challenge,2026-09-02 22:01:15,94,4.25,4.6257619465162,5
Prospective operational challenge,2026-09-02 22:02:15,94,4.27,4.644221991395832,5
Prospective operational challenge,2026-09-02 22:03:15,94,4.28,4.654218931085877,5
Prospective operational challenge,2026-09-02 22:04:15,94,4.3,4.656405386756655,5
Prospective operational challenge,2026-09-02 22:05:15,94,4.31,4.653736431601437,5
Prospective operational challenge,2026-09-02 22:06:15,94,4.33,4.783253821107048,6
Prospective operational challenge,2026-09-02 22:07:15,94,4.35,4.861309825701934,6
Prospective operational challenge,2026-09-02 22:08:15,94,4.37,4.910778491520306,6
Prospective operational challenge,2026-09-02 22:09:15,94,4.39,4.936761107649318,6
Prospective operational challenge,2026-09-02 22:10:15,94,4.4,4.945954101937627,6
Prospective operational challenge,2026-09-02 22:11:15,94,4.43,4.941868158770253,6
Prospective operational challenge,2026-09-02 22:12:15,94,4.45,4.939025303546348,6
Prospective operational challenge,2026-09-02 22:13:15,94,4.47,4.943909430081677,6
Prospective operational challenge,2026-09-02 22:14:15,94,4.5,4.947435605836208,6
Prospective operational challenge,2026-09-02 22:15:15,94,4.52,4.952477479853725,6
Prospective operational challenge,2026-09-02 22:16:15,94,4.55,4.960542626874176,6
Prospective operational challenge,2026-09-02 22:17:15,94,4.57,4.972513866040392,6
Prospective operational challenge,2026-09-02 22:18:15,94,4.6,4.989141017420399,6
Prospective operational challenge,2026-09-02 22:19:15,94,4.63,5.009320604315448,6
Prospective operational challenge,2026-09-02 22:20:15,94,4.66,5.034457901750988,6
Prospective operational challenge,2026-09-02 22:21:15,94,4.69,5.181970878429695,7
Prospective operational challenge,2026-09-02 22:22:15,94,4.71,5.233947445836141,7
Prospective operational challenge,2026-09-02 22:23:15,94,4.74,5.2776746700603,7
Prospective operational challenge,2026-09-02 22:24:15,94,4.77,5.312015257877298,7
Prospective operational challenge,2026-09-02 22:25:15,94,4.78,5.337233885002757,7
Prospective operational challenge,2026-09-02 22:26:15,94,4.8,5.351152880505925,7
Prospective operational challenge,2026-09-02 22:27:15,94,4.8,5.3527108966563475,7
Prospective operational challenge,2026-09-02 22:28:15,94,4.8,5.271636058658325,6
Prospective operational challenge,2026-09-02 22:29:15,94,4.78,5.225646905566821,6
Prospective operational challenge,2026-09-02 22:30:15,94,4.76,5.196359337996619,6
Prospective operational challenge,2026-09-02 22:31:15,94,4.73,5.186728051302712,6
Prospective operational challenge,2026-09-02 22:32:15,94,4.69,5.189022096423916,6
Prospective operational challenge,2026-09-02 22:33:15,94,4.65,5.198282723764468,6
Prospective operational challenge,2026-09-02 22:34:15,94,4.6,5.214959371959246,6
Prospective operational challenge,2026-09-02 22:35:15,94,4.55,5.14940801972334,5
Prospective operational challenge,2026-09-02 22:36:15,94,4.5,5.124107212771831,5
Prospective operational challenge,2026-09-02 22:37:15,94,4.45,5.03096081954407,4
Prospective operational challenge,2026-09-02 22:38:15,94,4.41,4.979687881475837,4
Prospective operational challenge,2026-09-02 22:39:15,94,4.38,4.863804314031044,3
Prospective operational challenge,2026-09-02 22:40:15,94,4.34,4.792582648257264,3
Prospective operational challenge,2026-09-02 22:41:15,94,4.32,4.740303432387986,3
Prospective operational challenge,2026-09-02 22:42:15,94,4.29,4.71598528834498,3
Prospective operational challenge,2026-09-02 22:43:15,94,4.27,4.692602766344529,3
Prospective operational challenge,2026-09-02 22:44:15,94,4.25,4.669649563090513,3
Prospective operational challenge,2026-09-02 22:45:15,94,4.24,4.672338354755467,3
Prospective operational challenge,2026-09-02 22:46:15,94,4.23,4.669419081739292,3
Prospective operational challenge,2026-09-02 22:47:15,94,4.22,4.6596727432889145,3
Prospective operational challenge,2026-09-02 22:48:15,94,4.21,4.643654761676947,3
Prospective operational challenge,2026-09-02 22:49:15,94,4.21,4.616100527219408,3
Prospective operational challenge,2026-09-02 22:50:15,94,4.21,4.593539047802896,4
Prospective operational challenge,2026-09-02 22:51:15,94,4.22,4.556023484913267,4
Prospective operational challenge,2026-09-02 22:52:15,94,4.22,4.5300115863175,4
Prospective operational challenge,2026-09-02 22:53:15,94,4.23,4.513106345962905,4
Prospective operational challenge,2026-09-02 22:54:15,94,4.23,4.505377663931408,4
Prospective operational challenge,2026-09-02 22:55:15,94,4.24,4.502776436288003,4
Prospective operational challenge,2026-09-02 22:56:15,94,4.25,4.510761292673807,5
Prospective operational challenge,2026-09-02 22:57:15,94,4.26,4.573764409085176,5
Prospective operational challenge,2026-09-02 22:58:15,94,4.27,4.612466478635739,5
Prospective operational challenge,2026-09-02 22:59:15,94,4.28,4.622879134894112,5
Prospective operational challenge,2026-09-02 23:00:15,94,4.3,4.642079837263465,5
Prospective operational challenge,2026-09-02 23:01:15,94,4.31,4.650053736339129,5
Prospective operational challenge,2026-09-02 23:02:15,94,4.33,4.65027344929935,5
Prospective operational challenge,2026-09-02 23:03:15,94,4.35,4.646668588722864,5
Prospective operational challenge,2026-09-02 23:04:15,94,4.36,4.771468572834502,6
Prospective operational challenge,2026-09-02 23:05:15,94,4.38,4.854322462377149,6
Prospective operational challenge,2026-09-02 23:06:15,94,4.4,4.901563015854296,6
Prospective operational challenge,2026-09-02 23:07:15,94,4.42,4.924096346318898,6
Prospective operational challenge,2026-09-02 23:08:15,94,4.44,4.928652887064868,6
Prospective operational challenge,2026-09-02 23:09:15,94,4.47,4.925360404286943,6
Prospective operational challenge,2026-09-02 23:10:15,94,4.49,4.926829061683982,6
Prospective operational challenge,2026-09-02 23:11:15,94,4.51,4.927653693731586,6
Prospective operational challenge,2026-09-02 23:12:15,94,4.54,4.9286226600024134,6
Prospective operational challenge,2026-09-02 23:13:15,94,4.56,4.932647582287455,6
Prospective operational challenge,2026-09-02 23:14:15,94,4.59,4.9411829490482235,6
Prospective operational challenge,2026-09-02 23:15:15,94,4.62,4.9550943877857785,6
Prospective operational challenge,2026-09-02 23:16:15,94,4.64,4.973076278321198,6
Prospective operational challenge,2026-09-02 23:17:15,94,4.67,4.995872773148299,6
Prospective operational challenge,2026-09-02 23:18:15,94,4.7,5.1208459016520615,7
Prospective operational challenge,2026-09-02 23:19:15,94,4.72,5.180901596095344,7
Prospective operational challenge,2026-09-02 23:20:15,94,4.75,5.229949727907309,7
Prospective operational challenge,2026-09-02 23:21:15,94,4.77,5.269556814599693,7
Prospective operational challenge,2026-09-02 23:22:15,94,4.79,5.301004861458875,7
Prospective operational challenge,2026-09-02 23:23:15,94,4.81,5.3223379886248665,7
Prospective operational challenge,2026-09-02 23:24:15,94,4.81,5.332332377906517,7
Prospective operational challenge,2026-09-02 23:25:15,94,4.81,5.3332777292848,7
Prospective operational challenge,2026-09-02 23:26:15,94,4.79,5.254727417759204,6
Prospective operational challenge,2026-09-02 23:27:15,94,4.77,5.213252676445373,6
Prospective operational challenge,2026-09-02 23:28:15,94,4.73,5.197423897352461,6
Prospective operational challenge,2026-09-02 23:29:15,94,4.7,5.196143025580925,6
Prospective operational challenge,2026-09-02 23:30:15,94,4.66,5.204216485043551,6
Prospective operational challenge,2026-09-02 23:31:16,94,4.62,5.219529137045042,6
Prospective operational challenge,2026-09-02 23:32:16,94,4.57,5.15147555079527,5
Prospective operational challenge,2026-09-02 23:33:16,94,4.53,5.122616451835372,5
Prospective operational challenge,2026-09-02 23:34:16,94,4.48,5.114541103181342,5
Prospective operational challenge,2026-09-02 23:35:16,94,4.44,5.030789847722058,4
Prospective operational challenge,2026-09-02 23:36:16,94,4.4,4.901667299219767,3
Prospective operational challenge,2026-09-02 23:37:16,94,4.36,4.824631930280592,3
Prospective operational challenge,2026-09-02 23:38:16,94,4.33,4.770323817303584,3
Prospective operational challenge,2026-09-02 23:39:16,94,4.3,4.73841452436325,3
Prospective operational challenge,2026-09-02 23:40:16,94,4.28,4.717121825893292,3
Prospective operational challenge,2026-09-02 23:41:16,94,4.26,4.696380393474859,3
Prospective operational challenge,2026-09-02 23:42:16,94,4.24,4.703630826702574,3
Prospective operational challenge,2026-09-02 23:43:16,94,4.23,4.702261446313787,3
Prospective operational challenge,2026-09-02 23:44:16,94,4.22,4.691417676577148,3
Prospective operational challenge,2026-09-02 23:45:16,94,4.22,4.682758567779453,3
Prospective operational challenge,2026-09-02 23:46:16,94,4.21,4.658885139392818,3
Prospective operational challenge,2026-09-02 23:47:16,94,4.21,4.639688404325413,4
Prospective operational challenge,2026-09-02 23:48:16,94,4.21,4.606020935405462,4
Prospective operational challenge,2026-09-02 23:49:16,94,4.22,4.568280464279253,4
Prospective operational challenge,2026-09-02 23:50:16,94,4.22,4.544600678011471,4
Prospective operational challenge,2026-09-02 23:51:16,94,4.23,4.533052712179197,4
Prospective operational challenge,2026-09-02 23:52:16,94,4.24,4.529164095053915,4
Prospective operational challenge,2026-09-02 23:53:16,94,4.25,4.534292021739858,5
Prospective operational challenge,2026-09-02 23:54:16,94,4.26,4.57813562015447,5
Prospective operational challenge,2026-09-02 23:55:16,94,4.27,4.6323294370515695,5
Prospective operational challenge,2026-09-02 23:56:16,94,4.28,4.626552856497253,5
Prospective operational challenge,2026-09-02 23:57:16,94,4.29,4.636591925155595,5
Prospective operational challenge,2026-09-02 23:58:16,94,4.3,4.648028806533346,5
Prospective operational challenge,2026-09-02 23:59:16,94,4.32,4.651821925033184,5
Prospective operational challenge,2026-09-03 00:00:16,94,4.34,4.651981372787635,5
Prospective operational challenge,2026-09-03 00:01:16,94,4.35,4.777238163380625,6
Prospective operational challenge,2026-09-03 00:02:16,94,4.37,4.861439990989631,6
Prospective operational challenge,2026-09-03 00:03:16,94,4.39,4.9094456669851745,6
Prospective operational challenge,2026-09-03 00:04:16,94,4.41,4.932439204475655,6
Prospective operational challenge,2026-09-03 00:05:16,94,4.43,4.937644115711288,6
Prospective operational challenge,2026-09-03 00:06:16,94,4.45,4.936447690795486,6
Prospective operational challenge,2026-09-03 00:07:16,94,4.47,4.937933350915157,6
Prospective operational challenge,2026-09-03 00:08:16,94,4.5,4.938641986610589,6
Prospective operational challenge,2026-09-03 00:09:16,94,4.52,4.939286956555725,6
Prospective operational challenge,2026-09-03 00:10:16,94,4.55,4.942770058746259,6
Prospective operational challenge,2026-09-03 00:11:16,94,4.57,4.9505571167921225,6
Prospective operational challenge,2026-09-03 00:12:16,94,4.6,4.963523204151393,6
Prospective operational challenge,2026-09-03 00:13:16,94,4.63,4.9804737850996705,6
Prospective operational challenge,2026-09-03 00:14:16,94,4.65,5.002184750546352,6
Prospective operational challenge,2026-09-03 00:15:16,94,4.68,5.030455838681929,6
Prospective operational challenge,2026-09-03 00:16:16,94,4.71,5.153560084589833,7
Prospective operational challenge,2026-09-03 00:17:16,94,4.74,5.219159989044808,7
Prospective operational challenge,2026-09-03 00:18:16,94,4.77,5.270019666493537,7
Prospective operational challenge,2026-09-03 00:19:16,94,4.79,5.3081767987837765,7
Prospective operational challenge,2026-09-03 00:20:16,94,4.81,5.339660173522202,7
Prospective operational challenge,2026-09-03 00:21:16,94,4.82,5.351955220094969,7
Prospective operational challenge,2026-09-03 00:22:16,94,4.83,5.351278511734255,7
Prospective operational challenge,2026-09-03 00:23:16,94,4.83,5.2691757646936175,6
Prospective operational challenge,2026-09-03 00:24:16,94,4.81,5.222177405554392,6
Prospective operational challenge,2026-09-03 00:25:16,94,4.78,5.192053115111605,6
Prospective operational challenge,2026-09-03 00:26:16,94,4.75,5.184428527526437,6
Prospective operational challenge,2026-09-03 00:27:16,94,4.71,5.186024327504928,6
Prospective operational challenge,2026-09-03 00:28:16,94,4.67,5.196172685885959,6
Prospective operational challenge,2026-09-03 00:29:16,94,4.63,5.213029185102346,6
Prospective operational challenge,2026-09-03 00:30:16,94,4.58,5.147618199787715,5
Prospective operational challenge,2026-09-03 00:31:16,94,4.53,5.122408640780993,5
Prospective operational challenge,2026-09-03 00:32:16,94,4.49,5.029246000507162,4
Prospective operational challenge,2026-09-03 00:33:16,94,4.44,4.977882570170705,4
Prospective operational challenge,2026-09-03 00:34:16,94,4.41,4.861784390582479,3
Prospective operational challenge,2026-09-03 00:35:16,94,4.37,4.788821362632573,3
Prospective operational challenge,2026-09-03 00:36:16,94,4.34,4.735591316729941,3
Prospective operational challenge,2026-09-03 00:37:16,94,4.31,4.710524391674179,3
Prospective operational challenge,2026-09-03 00:38:16,94,4.29,4.687579028564485,3
Prospective operational challenge,2026-09-03 00:39:16,94,4.27,4.667847180032055,3
Prospective operational challenge,2026-09-03 00:40:16,94,4.25,4.665435721665126,3
Prospective operational challenge,2026-09-03 00:41:16,94,4.24,4.663307642008714,3
Prospective operational challenge,2026-09-03 00:42:16,94,4.23,4.655462396867625,3
Prospective operational challenge,2026-09-03 00:43:16,94,4.22,4.641229323293633,3
Prospective operational challenge,2026-09-03 00:44:16,94,4.22,4.614772331203215,3
Prospective operational challenge,2026-09-03 00:45:16,94,4.22,4.59320702241374,4
Prospective operational challenge,2026-09-03 00:46:16,94,4.22,4.55654055660039,4
Prospective operational challenge,2026-09-03 00:47:16,94,4.22,4.531236160185214,4
Prospective operational challenge,2026-09-03 00:48:16,94,4.23,4.515048245806507,4
Prospective operational challenge,2026-09-03 00:49:16,94,4.23,4.508623672600809,4
Prospective operational challenge,2026-09-03 00:50:16,94,4.24,4.5084233238524725,4
Prospective operational challenge,2026-09-03 00:51:16,94,4.25,4.521219289525863,5
Prospective operational challenge,2026-09-03 00:52:16,94,4.26,4.584110849184858,5
Prospective operational challenge,2026-09-03 00:53:16,94,4.27,4.621250746363912,5
Prospective operational challenge,2026-09-03 00:54:16,94,4.28,4.62798769736817,5
Prospective operational challenge,2026-09-03 00:55:16,94,4.29,4.646046100155429,5
Prospective operational challenge,2026-09-03 00:56:16,94,4.3,4.652915577936639,5
Prospective operational challenge,2026-09-03 00:57:16,94,4.32,4.652133074857332,5
Prospective operational challenge,2026-09-03 00:58:16,94,4.34,4.64839304263593,5
Prospective operational challenge,2026-09-03 00:59:16,94,4.36,4.773661924053902,6
Prospective operational challenge,2026-09-03 01:00:16,94,4.37,4.856822051523048,6
Prospective operational challenge,2026-09-03 01:01:16,94,4.39,4.904578165334196,6
Prospective operational challenge,2026-09-03 01:02:16,94,4.41,4.927873028853526,6
Prospective operational challenge,2026-09-03 01:03:16,94,4.43,4.933561573088442,6
Prospective operational challenge,2026-09-03 01:04:16,94,4.45,4.931019288216825,6
Prospective operational challenge,2026-09-03 01:05:16,94,4.48,4.932133533306578,6
Prospective operational challenge,2026-09-03 01:06:16,94,4.5,4.932645315257771,6
Prospective operational challenge,2026-09-03 01:07:16,94,4.52,4.933446521331972,6
Prospective operational challenge,2026-09-03 01:08:16,94,4.55,4.937333343725422,6
Prospective operational challenge,2026-09-03 01:09:16,94,4.57,4.945533190092938,6
Prospective operational challenge,2026-09-03 01:10:16,94,4.6,4.959147081184451,6
Prospective operational challenge,2026-09-03 01:11:16,94,4.63,4.976807053504722,6
Prospective operational challenge,2026-09-03 01:12:16,94,4.65,4.999256881709291,6
Prospective operational challenge,2026-09-03 01:13:16,94,4.68,5.124465592381064,7
Prospective operational challenge,2026-09-03 01:14:16,94,4.71,5.184048044377784,7
Prospective operational challenge,2026-09-03 01:15:16,94,4.74,5.232573248009274,7
Prospective operational challenge,2026-09-03 01:16:16,94,4.76,5.271597330234555,7
Prospective operational challenge,2026-09-03 01:17:16,94,4.78,5.302386993889636,7
Prospective operational challenge,2026-09-03 01:18:16,94,4.8,5.32284939273778,7
Prospective operational challenge,2026-09-03 01:19:16,94,4.81,5.331792635922552,7
Prospective operational challenge,2026-09-03 01:20:16,94,4.81,5.246148221757875,6
Prospective operational challenge,2026-09-03 01:21:16,94,4.8,5.201871431754453,6
Prospective operational challenge,2026-09-03 01:22:16,94,4.78,5.177677124207943,6
Prospective operational challenge,2026-09-03 01:23:16,94,4.76,5.175968161664386,6
Prospective operational challenge,2026-09-03 01:24:16,94,4.73,5.183044505904273,6
Prospective operational challenge,2026-09-03 01:25:16,94,4.7,5.196026462471332,6
Prospective operational challenge,2026-09-03 01:26:16,94,4.66,5.215055720720822,6
Prospective operational challenge,2026-09-03 01:27:16,94,4.61,5.238898827585432,6
Prospective operational challenge,2026-09-03 01:28:16,94,4.56,5.17882159636015,5
Prospective operational challenge,2026-09-03 01:29:16,94,4.51,5.1579541548751076,5
Prospective operational challenge,2026-09-03 01:30:16,94,4.47,5.067919448807963,4
Prospective operational challenge,2026-09-03 01:31:16,94,4.43,5.018656043635576,4
Prospective operational challenge,2026-09-03 01:32:16,94,4.39,4.901824291025393,3
Prospective operational challenge,2026-09-03 01:33:16,94,4.36,4.828061946192689,3
Prospective operational challenge,2026-09-03 01:34:16,94,4.33,4.783588113525888,3
Prospective operational challenge,2026-09-03 01:35:16,94,4.31,4.758855953186816,3
Prospective operational challenge,2026-09-03 01:36:16,94,4.29,4.734275117079161,3
Prospective operational challenge,2026-09-03 01:37:16,94,4.27,4.713710040678239,3
Prospective operational challenge,2026-09-03 01:38:16,94,4.25,4.6843160171724545,3
Prospective operational challenge,2026-09-03 01:39:16,94,4.24,4.683690789277484,3
Prospective operational challenge,2026-09-03 01:40:16,94,4.24,4.675195284455327,3
Prospective operational challenge,2026-09-03 01:41:16,94,4.23,4.657983333876383,3
Prospective operational challenge,2026-09-03 01:42:16,94,4.23,4.630384703420862,3
Prospective operational challenge,2026-09-03 01:43:16,94,4.23,4.601958134832782,4
Prospective operational challenge,2026-09-03 01:44:16,94,4.23,4.561246437926803,4
Prospective operational challenge,2026-09-03 01:45:16,94,4.24,4.533382564998239,4
Prospective operational challenge,2026-09-03 01:46:16,94,4.24,4.515934182115153,4
Prospective operational challenge,2026-09-03 01:47:16,94,4.25,4.509426578947273,4
Prospective operational challenge,2026-09-03 01:48:16,94,4.26,4.512836569430493,5
Prospective operational challenge,2026-09-03 01:49:16,94,4.27,4.570375672005245,5
Prospective operational challenge,2026-09-03 01:50:16,94,4.28,4.621171872622818,5
Prospective operational challenge,2026-09-03 01:51:16,94,4.29,4.639386133700861,5
Prospective operational challenge,2026-09-03 01:52:16,94,4.3,4.657170698194191,5
Prospective operational challenge,2026-09-03 01:53:16,94,4.32,4.663893291343783,5
Prospective operational challenge,2026-09-03 01:54:16,94,4.33,4.662626210669492,5
Prospective operational challenge,2026-09-03 01:55:16,94,4.34,4.6569762059392055,5
Prospective operational challenge,2026-09-03 01:56:16,94,4.36,4.7855528725854715,6
Prospective operational challenge,2026-09-03 01:57:16,94,4.38,4.863283463961114,6
Prospective operational challenge,2026-09-03 01:58:16,94,4.4,4.913165107020278,6
Prospective operational challenge,2026-09-03 01:59:16,94,4.42,4.940335646703778,6
Prospective operational challenge,2026-09-03 02:00:16,94,4.44,4.951671172962734,6
Prospective operational challenge,2026-09-03 02:01:16,94,4.46,4.948740659257709,6
Prospective operational challenge,2026-09-03 02:02:16,94,4.48,4.945647297253707,6
Prospective operational challenge,2026-09-03 02:03:16,94,4.5,4.9503717871154445,6
Prospective operational challenge,2026-09-03 02:04:16,94,4.53,4.954228571365579,6
Prospective operational challenge,2026-09-03 02:05:16,94,4.55,4.960092432562735,6
Prospective operational challenge,2026-09-03 02:06:16,94,4.58,4.969142415061802,6
Prospective operational challenge,2026-09-03 02:07:16,94,4.6,4.982411717641326,6
Prospective operational challenge,2026-09-03 02:08:16,94,4.63,4.9985771506423315,6
Prospective operational challenge,2026-09-03 02:09:16,94,4.65,5.018326379735674,6
Prospective operational challenge,2026-09-03 02:10:16,94,4.68,5.168423675794724,7
Prospective operational challenge,2026-09-03 02:11:16,94,4.71,5.227372304075588,7
Prospective operational challenge,2026-09-03 02:12:16,94,4.74,5.261123842012991,7
Prospective operational challenge,2026-09-03 02:13:16,94,4.77,5.2919178508083,7
Prospective operational challenge,2026-09-03 02:14:16,94,4.78,5.318159475078724,7
Prospective operational challenge,2026-09-03 02:15:16,94,4.8,5.343431566320902,7
Prospective operational challenge,2026-09-03 02:16:16,94,4.81,5.35357293469374,7
Prospective operational challenge,2026-09-03 02:17:16,94,4.81,5.268375692134258,6
Prospective operational challenge,2026-09-03 02:18:16,94,4.8,5.224106647815591,6
Prospective operational challenge,2026-09-03 02:19:16,94,4.78,5.199379966131589,6
Prospective operational challenge,2026-09-03 02:20:16,94,4.75,5.195014800474787,6
Prospective operational challenge,2026-09-03 02:21:16,94,4.72,5.200683886038248,6
Prospective operational challenge,2026-09-03 02:22:16,94,4.69,5.2119002043196465,6
Prospective operational challenge,2026-09-03 02:23:16,94,4.65,5.229221444621281,6
Prospective operational challenge,2026-09-03 02:24:16,94,4.6,5.162419447676292,5
Prospective operational challenge,2026-09-03 02:25:16,94,4.55,5.13411766018041,5
Prospective operational challenge,2026-09-03 02:26:16,94,4.51,5.126258435022934,5
Prospective operational challenge,2026-09-03 02:27:16,94,4.46,5.042727648200433,4
Prospective operational challenge,2026-09-03 02:28:16,94,4.42,4.913369328610991,3
Prospective operational challenge,2026-09-03 02:29:16,94,4.39,4.835323997947535,3
Prospective operational challenge,2026-09-03 02:30:16,94,4.35,4.77920887339313,3
Prospective operational challenge,2026-09-03 02:31:16,94,4.32,4.751524945945745,3
Prospective operational challenge,2026-09-03 02:32:16,94,4.3,4.728679898899575,3
Prospective operational challenge,2026-09-03 02:33:16,94,4.28,4.705450495862374,3
Prospective operational challenge,2026-09-03 02:34:16,94,4.26,4.690658221632963,3
Prospective operational challenge,2026-09-03 02:35:16,94,4.25,4.690320339750456,3
Prospective operational challenge,2026-09-03 02:36:16,94,4.24,4.680160362842294,3
Prospective operational challenge,2026-09-03 02:37:16,94,4.23,4.6664023264467,3
Prospective operational challenge,2026-09-03 02:38:16,94,4.22,4.641323593944666,3
Prospective operational challenge,2026-09-03 02:39:16,94,4.22,4.620761162411709,4
Prospective operational challenge,2026-09-03 02:40:16,94,4.22,4.5854706891570585,4
Prospective operational challenge,2026-09-03 02:41:16,94,4.22,4.5458445216314995,4
Prospective operational challenge,2026-09-03 02:42:16,94,4.23,4.520029665699113,4
Prospective operational challenge,2026-09-03 02:43:16,94,4.23,4.50605900081106,4
Prospective operational challenge,2026-09-03 02:44:16,94,4.24,4.499316382232592,4
Prospective operational challenge,2026-09-03 02:45:16,94,4.25,4.511842099075719,5
Prospective operational challenge,2026-09-03 02:46:16,94,4.26,4.571769611882278,5
Prospective operational challenge,2026-09-03 02:47:16,94,4.27,4.617111622458532,5
Prospective operational challenge,2026-09-03 02:48:16,94,4.28,4.627149085304181,5
Prospective operational challenge,2026-09-03 02:49:16,94,4.29,4.647171774853172,5
Prospective operational challenge,2026-09-03 02:50:16,94,4.3,4.658721440957709,5
Prospective operational challenge,2026-09-03 02:51:16,94,4.32,4.662722464971497,5
Prospective operational challenge,2026-09-03 02:52:16,94,4.33,4.6623615349538685,5
Prospective operational challenge,2026-09-03 02:53:16,94,4.35,4.792177700079936,6
Prospective operational challenge,2026-09-03 02:54:16,94,4.37,4.87591270849315,6
Prospective operational challenge,2026-09-03 02:55:16,94,4.39,4.923611579804773,6
Prospective operational challenge,2026-09-03 02:56:16,94,4.41,4.9463663235018585,6
Prospective operational challenge,2026-09-03 02:57:16,94,4.43,4.951292012248063,6
Prospective operational challenge,2026-09-03 02:58:16,94,4.45,4.947553491379784,6
Prospective operational challenge,2026-09-03 02:59:16,94,4.47,4.949570769960383,6
Prospective operational challenge,2026-09-03 03:00:16,94,4.49,4.95026542563943,6
Prospective operational challenge,2026-09-03 03:01:16,94,4.52,4.950477959672318,6
Prospective operational challenge,2026-09-03 03:02:16,94,4.54,4.953205385301473,6
Prospective operational challenge,2026-09-03 03:03:16,94,4.57,4.95989255611225,6
Prospective operational challenge,2026-09-03 03:04:16,94,4.59,4.971248863476644,6
Prospective operational challenge,2026-09-03 03:05:16,94,4.62,4.988317896725919,6
Prospective operational challenge,2026-09-03 03:06:16,94,4.65,5.010001279978109,6
Prospective operational challenge,2026-09-03 03:07:16,94,4.68,5.038107063865885,6
Prospective operational challenge,2026-09-03 03:08:16,94,4.71,5.074869595062101,6
Prospective operational challenge,2026-09-03 03:09:16,94,4.74,5.120761076958047,6
Prospective operational challenge,2026-09-03 03:10:16,94,4.78,5.22862389338037,7
Prospective operational challenge,2026-09-03 03:11:16,94,4.81,5.296375964682151,7
Prospective operational challenge,2026-09-03 03:12:16,94,4.84,5.343045604517178,7
Prospective operational challenge,2026-09-03 03:13:16,94,4.87,5.368883319665546,7
Prospective operational challenge,2026-09-03 03:14:16,94,4.89,5.374364052846083,7
Prospective operational challenge,2026-09-03 03:15:16,94,4.89,5.377862079648704,7
Prospective operational challenge,2026-09-03 03:16:16,94,4.9,5.3774041396525085,7
Prospective operational challenge,2026-09-03 03:17:16,94,4.9,5.37318935363142,7
Prospective operational challenge,2026-09-03 03:18:16,94,4.88,5.366838458890456,7
Prospective operational challenge,2026-09-03 03:19:16,94,4.85,5.281922516930948,6
Prospective operational challenge,2026-09-03 03:20:16,94,4.82,5.2372803573101,6
Prospective operational challenge,2026-09-03 03:21:16,94,4.78,5.215943073923021,6
Prospective operational challenge,2026-09-03 03:22:16,94,4.73,5.2124798082422235,6
Prospective operational challenge,2026-09-03 03:23:16,94,4.68,5.224905397940968,6
Prospective operational challenge,2026-09-03 03:24:16,94,4.63,5.157595019589313,5
Prospective operational challenge,2026-09-03 03:25:16,94,4.58,5.127548185994067,5
Prospective operational challenge,2026-09-03 03:26:16,94,4.53,5.114658421967496,5
Prospective operational challenge,2026-09-03 03:27:16,94,4.48,5.025037732196417,4
Prospective operational challenge,2026-09-03 03:28:16,94,4.43,4.88907602743494,3
Prospective operational challenge,2026-09-03 03:29:16,94,4.39,4.806492292262986,3
Prospective operational challenge,2026-09-03 03:30:16,94,4.35,4.7487642705478885,3
Prospective operational challenge,2026-09-03 03:31:16,94,4.32,4.709213576218898,3
Prospective operational challenge,2026-09-03 03:32:16,94,4.29,4.685270153290764,3
Prospective operational challenge,2026-09-03 03:33:16,94,4.26,4.671878620027438,3
Prospective operational challenge,2026-09-03 03:34:16,94,4.24,4.687891689741756,3
Prospective operational challenge,2026-09-03 03:35:16,94,4.23,4.68788866703551,3
Prospective operational challenge,2026-09-03 03:36:16,94,4.22,4.684375715620803,3
Prospective operational challenge,2026-09-03 03:37:16,94,4.21,4.681618062929193,3
Prospective operational challenge,2026-09-03 03:38:16,94,4.21,4.663216677442639,3
Prospective operational challenge,2026-09-03 03:39:16,94,4.2,4.64959948026617,4
Prospective operational challenge,2026-09-03 03:40:16,94,4.2,4.621576065123586,4
Prospective operational challenge,2026-09-03 03:41:16,94,4.21,4.589758020128039,4
Prospective operational challenge,2026-09-03 03:42:16,94,4.21,4.573233546300807,4
Prospective operational challenge,2026-09-03 03:43:16,94,4.22,4.570785815458933,4
Prospective operational challenge,2026-09-03 03:44:16,94,4.23,4.5760686558399595,4
Prospective operational challenge,2026-09-03 03:45:16,94,4.24,4.587942034891476,5
Prospective operational challenge,2026-09-03 03:46:16,94,4.25,4.621203044280975,5
Prospective operational challenge,2026-09-03 03:47:16,94,4.26,4.676446968219681,5
Prospective operational challenge,2026-09-03 03:48:16,94,4.27,4.677151164315315,5
Prospective operational challenge,2026-09-03 03:49:16,94,4.29,4.652736482591592,5
Prospective operational challenge,2026-09-03 03:50:16,94,4.3,4.651647174828366,5
Prospective operational challenge,2026-09-03 03:51:16,94,4.32,4.654447995543545,5
Prospective operational challenge,2026-09-03 03:52:16,94,4.34,4.654725517760711,5
Prospective operational challenge,2026-09-03 03:53:16,94,4.35,4.776062991868113,6
Prospective operational challenge,2026-09-03 03:54:16,94,4.37,4.8617653097493045,6
Prospective operational challenge,2026-09-03 03:55:16,94,4.39,4.911704195307994,6
Prospective operational challenge,2026-09-03 03:56:16,94,4.42,4.935121289511127,6
Prospective operational challenge,2026-09-03 03:57:16,94,4.44,4.94084081648506,6
Prospective operational challenge,2026-09-03 03:58:16,94,4.46,4.943930022267974,6
Prospective operational challenge,2026-09-03 03:59:16,94,4.48,4.945111144733408,6
Prospective operational challenge,2026-09-03 04:00:16,94,4.5,4.946364812148735,6
Prospective operational challenge,2026-09-03 04:01:16,94,4.53,4.948365843683265,6
Prospective operational challenge,2026-09-03 04:02:16,94,4.56,4.953942736706238,6
Prospective operational challenge,2026-09-03 04:03:16,94,4.58,4.962495672947059,6
Prospective operational challenge,2026-09-03 04:04:16,94,4.61,4.974709484289477,6
Prospective operational challenge,2026-09-03 04:05:16,94,4.64,4.991184366842367,6
Prospective operational challenge,2026-09-03 04:06:16,94,4.66,5.012765355920491,6
Prospective operational challenge,2026-09-03 04:07:16,94,4.69,5.144776855916932,7
Prospective operational challenge,2026-09-03 04:08:16,94,4.72,5.204228009111112,7
Prospective operational challenge,2026-09-03 04:09:16,94,4.75,5.254158393308486,7
Prospective operational challenge,2026-09-03 04:10:16,94,4.77,5.292835997830375,7
Prospective operational challenge,2026-09-03 04:11:16,94,4.79,5.231953971067225,6
Prospective operational challenge,2026-09-03 04:12:16,94,4.8,5.195401517955072,6
Prospective operational challenge,2026-09-03 04:13:16,94,4.8,5.167877699479129,6
Prospective operational challenge,2026-09-03 04:14:16,94,4.8,5.144691275546356,6
Prospective operational challenge,2026-09-03 04:15:16,94,4.79,5.136730222972235,6
Prospective operational challenge,2026-09-03 04:16:16,94,4.77,5.139397761233901,6
Prospective operational challenge,2026-09-03 04:17:16,94,4.74,5.156137886259835,6
Prospective operational challenge,2026-09-03 04:18:16,94,4.71,5.175178857496026,6
Prospective operational challenge,2026-09-03 04:19:16,94,4.67,5.196166262635187,6
Prospective operational challenge,2026-09-03 04:20:16,94,4.63,5.2193183032844175,6
Prospective operational challenge,2026-09-03 04:21:16,94,4.59,5.157232294839851,5
Prospective operational challenge,2026-09-03 04:22:16,94,4.54,5.131991753094112,5
Prospective operational challenge,2026-09-03 04:23:16,94,4.5,5.126378398677053,5
Prospective operational challenge,2026-09-03 04:24:16,94,4.46,5.042971731729758,4
Prospective operational challenge,2026-09-03 04:25:16,94,4.42,4.910596562388154,3
Prospective operational challenge,2026-09-03 04:26:16,94,4.38,4.8273293177664325,3
Prospective operational challenge,2026-09-03 04:27:16,94,4.36,4.781570457107008,3
Prospective operational challenge,2026-09-03 04:28:16,94,4.33,4.749360027056966,3
Prospective operational challenge,2026-09-03 04:29:16,94,4.31,4.718696466928065,3
Prospective operational challenge,2026-09-03 04:30:16,94,4.29,4.688118014871889,3
Prospective operational challenge,2026-09-03 04:31:16,94,4.27,4.661366497841674,3
Prospective operational challenge,2026-09-03 04:32:16,94,4.26,4.592052443087524,3
Prospective operational challenge,2026-09-03 04:33:16,94,4.25,4.584011099878756,3
Prospective operational challenge,2026-09-03 04:34:16,94,4.25,4.567386876745424,3
Prospective operational challenge,2026-09-03 04:35:16,94,4.24,4.541008286098249,3
Prospective operational challenge,2026-09-03 04:36:16,94,4.24,4.518958116335079,4
Prospective operational challenge,2026-09-03 04:37:16,94,4.24,4.481539280045306,4
Prospective operational challenge,2026-09-03 04:38:16,94,4.25,4.4398963062369985,4
Prospective operational challenge,2026-09-03 04:39:16,94,4.25,4.413513842747447,4
Prospective operational challenge,2026-09-03 04:40:16,94,4.26,4.399062756485497,4
Prospective operational challenge,2026-09-03 04:41:16,94,4.27,4.432883060989987,5
Prospective operational challenge,2026-09-03 04:42:16,94,4.28,4.494030141307039,5
Prospective operational challenge,2026-09-03 04:43:16,94,4.29,4.586484807102428,5
Prospective operational challenge,2026-09-03 04:44:16,94,4.3,4.642226721895082,5
Prospective operational challenge,2026-09-03 04:45:16,94,4.31,4.656078462184288,5
Prospective operational challenge,2026-09-03 04:46:16,94,4.32,4.659158505388897,5
Prospective operational challenge,2026-09-03 04:47:16,94,4.33,4.65606297081478,5
Prospective operational challenge,2026-09-03 04:48:16,94,4.35,4.655719893655914,5
Prospective operational challenge,2026-09-03 04:49:16,94,4.36,4.6630576075264685,5
Prospective operational challenge,2026-09-03 04:50:16,94,4.38,4.79491041544502,6
Prospective operational challenge,2026-09-03 04:51:16,94,4.4,4.878746117760038,6
Prospective operational challenge,2026-09-03 04:52:16,94,4.42,4.929329973263863,6
Prospective operational challenge,2026-09-03 04:53:16,94,4.44,4.955077007224867,6
Prospective operational challenge,2026-09-03 04:54:16,94,4.46,4.961187030061891,6
Prospective operational challenge,2026-09-03 04:55:16,94,4.48,4.96312156205902,6
Prospective operational challenge,2026-09-03 04:56:16,94,4.5,4.971253586455153,6
Prospective operational challenge,2026-09-03 04:57:16,94,4.52,4.976541244274258,6
Prospective operational challenge,2026-09-03 04:58:16,94,4.55,4.982067884805899,6
Prospective operational challenge,2026-09-03 04:59:16,94,4.57,4.989895371547796,6
Prospective operational challenge,2026-09-03 05:00:16,94,4.6,4.999292587426817,6
Prospective operational challenge,2026-09-03 05:01:16,94,4.62,5.0111153361487215,6
Prospective operational challenge,2026-09-03 05:02:16,94,4.65,5.026285354199252,6
Prospective operational challenge,2026-09-03 05:03:16,94,4.68,5.046011251778762,6
Prospective operational challenge,2026-09-03 05:04:16,94,4.7,5.0727004254926635,6
Prospective operational challenge,2026-09-03 05:05:16,94,4.73,5.108815719714059,6
Prospective operational challenge,2026-09-03 05:06:16,94,4.76,5.148106744684646,6
Prospective operational challenge,2026-09-03 05:07:16,94,4.79,5.258765186545789,7
Prospective operational challenge,2026-09-03 05:08:16,94,4.83,5.330228007602218,7
Prospective operational challenge,2026-09-03 05:09:16,94,4.85,5.379972684284633,7
Prospective operational challenge,2026-09-03 05:10:16,94,4.88,5.401488874097619,7
Prospective operational challenge,2026-09-03 05:11:16,94,4.9,5.415627960399289,7
Prospective operational challenge,2026-09-03 05:12:17,94,4.91,5.420824559192748,7
Prospective operational challenge,2026-09-03 05:13:17,94,4.92,5.417715516900097,7
Prospective operational challenge,2026-09-03 05:14:17,94,4.92,5.408440531704879,7
Prospective operational challenge,2026-09-03 05:15:17,94,4.9,5.312607897220559,6
Prospective operational challenge,2026-09-03 05:16:17,94,4.88,5.258922934027977,6
Prospective operational challenge,2026-09-03 05:17:17,94,4.85,5.228741590004805,6
Prospective operational challenge,2026-09-03 05:18:17,94,4.81,5.216149373624277,6
Prospective operational challenge,2026-09-03 05:19:17,94,4.77,5.218066525060494,6
Prospective operational challenge,2026-09-03 05:20:17,94,4.73,5.233232764728218,6
Prospective operational challenge,2026-09-03 05:21:17,94,4.69,5.270198006162023,6
Prospective operational challenge,2026-09-03 05:22:17,94,4.64,5.195308002980601,5
Prospective operational challenge,2026-09-03 05:23:17,94,4.6,5.169283068964152,5
Prospective operational challenge,2026-09-03 05:24:17,94,4.55,5.071599026904455,4
Prospective operational challenge,2026-09-03 05:25:17,94,4.51,4.930750078441834,3
Prospective operational challenge,2026-09-03 05:26:17,94,4.48,4.844140665308277,3
Prospective operational challenge,2026-09-03 05:27:17,94,4.44,4.783000102701566,3
Prospective operational challenge,2026-09-03 05:28:17,94,4.41,4.7426539643321535,3
Prospective operational challenge,2026-09-03 05:29:17,94,4.39,4.717797778577445,3
Prospective operational challenge,2026-09-03 05:30:17,94,4.37,4.700797700814397,3
Prospective operational challenge,2026-09-03 05:31:17,94,4.35,4.68420984461558,3
Prospective operational challenge,2026-09-03 05:32:17,94,4.33,4.6755547031198335,3
Prospective operational challenge,2026-09-03 05:33:17,94,4.32,4.667178122896525,3
Prospective operational challenge,2026-09-03 05:34:17,94,4.31,4.667210616988664,3
Prospective operational challenge,2026-09-03 05:35:17,94,4.31,4.673092992261573,3
Prospective operational challenge,2026-09-03 05:36:17,94,4.31,4.6484222306431136,3
Prospective operational challenge,2026-09-03 05:37:17,94,4.3,4.62418277142206,4
Prospective operational challenge,2026-09-03 05:38:17,94,4.31,4.588341598873305,4
Prospective operational challenge,2026-09-03 05:39:17,94,4.31,4.569181514119127,4
Prospective operational challenge,2026-09-03 05:40:17,94,4.32,4.564557151401772,4
Prospective operational challenge,2026-09-03 05:41:17,94,4.32,4.569303178045509,4
Prospective operational challenge,2026-09-03 05:42:17,94,4.33,4.582574842114287,5
Prospective operational challenge,2026-09-03 05:43:17,94,4.34,4.623703766941716,5
Prospective operational challenge,2026-09-03 05:44:17,94,4.34,4.6831692779905625,5
Prospective operational challenge,2026-09-03 05:45:17,94,4.35,4.69175348034911,5
Prospective operational challenge,2026-09-03 05:46:17,94,4.37,4.671699241303681,5
Prospective operational challenge,2026-09-03 05:47:17,94,4.38,4.666765806872722,5
Prospective operational challenge,2026-09-03 05:48:17,94,4.39,4.664037153269155,5
Prospective operational challenge,2026-09-03 05:49:17,94,4.41,4.657634589143306,5
Prospective operational challenge,2026-09-03 05:50:17,94,4.42,4.771885233998532,6
Prospective operational challenge,2026-09-03 05:51:17,94,4.44,4.848657721953916,6
Prospective operational challenge,2026-09-03 05:52:17,94,4.46,4.8981054177477095,6
Prospective operational challenge,2026-09-03 05:53:17,94,4.48,4.923570206513038,6
Prospective operational challenge,2026-09-03 05:54:17,94,4.49,4.930762736024237,6
Prospective operational challenge,2026-09-03 05:55:17,94,4.52,4.928540291257223,6
Prospective operational challenge,2026-09-03 05:56:17,94,4.54,4.933200737530384,6
Prospective operational challenge,2026-09-03 05:57:17,94,4.56,4.938205961234674,6
Prospective operational challenge,2026-09-03 05:58:17,94,4.58,4.943435620877692,6
Prospective operational challenge,2026-09-03 05:59:17,94,4.6,4.951566322839843,6
Prospective operational challenge,2026-09-03 06:00:17,94,4.63,4.961747930989574,6
Prospective operational challenge,2026-09-03 06:01:17,94,4.65,4.974508096485869,6
Prospective operational challenge,2026-09-03 06:02:17,94,4.68,4.990331585842852,6
Prospective operational challenge,2026-09-03 06:03:17,94,4.7,5.009950460729357,6
Prospective operational challenge,2026-09-03 06:04:17,94,4.73,5.034818737309047,6
Prospective operational challenge,2026-09-03 06:05:17,94,4.76,5.189820468711012,7
Prospective operational challenge,2026-09-03 06:06:17,94,4.78,5.242751266695339,7
Prospective operational challenge,2026-09-03 06:07:17,94,4.81,5.2859801222272695,7
Prospective operational challenge,2026-09-03 06:08:17,94,4.83,5.315406923203904,7
Prospective operational challenge,2026-09-03 06:09:17,94,4.85,5.332067324352613,7
Prospective operational challenge,2026-09-03 06:10:17,94,4.86,5.337129790556427,7
Prospective operational challenge,2026-09-03 06:11:17,94,4.86,5.247692068972771,6
Prospective operational challenge,2026-09-03 06:12:17,94,4.86,5.198562135173037,6
Prospective operational challenge,2026-09-03 06:13:17,94,4.85,5.16845938151225,6
Prospective operational challenge,2026-09-03 06:14:17,94,4.82,5.149356444798025,6
Prospective operational challenge,2026-09-03 06:15:17,94,4.79,5.145969880288209,6
Prospective operational challenge,2026-09-03 06:16:17,94,4.76,5.154222624015022,6
Prospective operational challenge,2026-09-03 06:17:17,94,4.72,5.168046215352316,6
Prospective operational challenge,2026-09-03 06:18:17,94,4.67,5.187196381851626,6
Prospective operational challenge,2026-09-03 06:19:17,94,4.61,5.123680444433792,5
Prospective operational challenge,2026-09-03 06:20:17,94,4.56,5.09984697244534,5
Prospective operational challenge,2026-09-03 06:21:17,94,4.51,5.006528568340295,4
Prospective operational challenge,2026-09-03 06:22:17,94,4.47,4.954575049068971,4
Prospective operational challenge,2026-09-03 06:23:17,94,4.43,4.838574918514585,3
Prospective operational challenge,2026-09-03 06:24:17,94,4.4,4.766118382779943,3
Prospective operational challenge,2026-09-03 06:25:17,94,4.37,4.722830017718804,3
Prospective operational challenge,2026-09-03 06:26:17,94,4.34,4.698007365111508,3
Prospective operational challenge,2026-09-03 06:27:17,94,4.32,4.674602550652496,3
Prospective operational challenge,2026-09-03 06:28:17,94,4.3,4.65753748470517,3
Prospective operational challenge,2026-09-03 06:29:17,94,4.29,4.635413353098555,3
Prospective operational challenge,2026-09-03 06:30:17,94,4.28,4.6360950678164885,3
Prospective operational challenge,2026-09-03 06:31:17,94,4.27,4.62847567550768,3
Prospective operational challenge,2026-09-03 06:32:17,94,4.27,4.612163641253767,3
Prospective operational challenge,2026-09-03 06:33:17,94,4.27,4.585368767280842,3
Prospective operational challenge,2026-09-03 06:34:17,94,4.27,4.563548701030612,4
Prospective operational challenge,2026-09-03 06:35:17,94,4.27,4.527367379569667,4
Prospective operational challenge,2026-09-03 06:36:17,94,4.27,4.504059291710513,4
Prospective operational challenge,2026-09-03 06:37:17,94,4.28,4.4902065123660355,4
Prospective operational challenge,2026-09-03 06:38:17,94,4.29,4.486829582732375,4
Prospective operational challenge,2026-09-03 06:39:17,94,4.3,4.493322922505159,5
Prospective operational challenge,2026-09-03 06:40:17,94,4.31,4.546340812213185,5
Prospective operational challenge,2026-09-03 06:41:17,94,4.32,4.594126397410227,5
Prospective operational challenge,2026-09-03 06:42:17,94,4.33,4.627907123354813,5
Prospective operational challenge,2026-09-03 06:43:17,94,4.34,4.639724110042938,5
Prospective operational challenge,2026-09-03 06:44:17,94,4.35,4.641646173376804,5
Prospective operational challenge,2026-09-03 06:45:17,94,4.37,4.637435543576803,5
Prospective operational challenge,2026-09-03 06:46:17,94,4.38,4.6307574408847625,5
Prospective operational challenge,2026-09-03 06:47:17,94,4.4,4.757473631836914,6
Prospective operational challenge,2026-09-03 06:48:17,94,4.42,4.836459401981006,6
Prospective operational challenge,2026-09-03 06:49:17,94,4.43,4.889038810364292,6
Prospective operational challenge,2026-09-03 06:50:17,94,4.45,4.918818512295091,6
Prospective operational challenge,2026-09-03 06:51:17,94,4.47,4.9310693517890165,6
Prospective operational challenge,2026-09-03 06:52:17,94,4.49,4.9293830595423005,6
Prospective operational challenge,2026-09-03 06:53:17,94,4.52,4.930614623418207,6
Prospective operational challenge,2026-09-03 06:54:17,94,4.54,4.9388127695134605,6
Prospective operational challenge,2026-09-03 06:55:17,94,4.56,4.946986167201329,6
Prospective operational challenge,2026-09-03 06:56:17,94,4.59,4.955939989857961,6
Prospective operational challenge,2026-09-03 06:57:17,94,4.61,4.966797172853564,6
Prospective operational challenge,2026-09-03 06:58:17,94,4.64,4.980136753353296,6
Prospective operational challenge,2026-09-03 06:59:17,94,4.66,4.996455966534542,6
Prospective operational challenge,2026-09-03 07:00:17,94,4.69,5.016466848637263,6
Prospective operational challenge,2026-09-03 07:01:17,94,4.71,5.166541285480331,7
Prospective operational challenge,2026-09-03 07:02:17,94,4.74,5.225846404179024,7
Prospective operational challenge,2026-09-03 07:03:17,94,4.77,5.261261564066302,7
Prospective operational challenge,2026-09-03 07:04:17,94,4.79,5.298076048026113,7
Prospective operational challenge,2026-09-03 07:05:17,94,4.82,5.328383590035034,7
Prospective operational challenge,2026-09-03 07:06:17,94,4.83,5.35213714922712,7
Prospective operational challenge,2026-09-03 07:07:17,94,4.84,5.360422764884354,7
Prospective operational challenge,2026-09-03 07:08:17,94,4.84,5.272750870505499,6
Prospective operational challenge,2026-09-03 07:09:17,94,4.84,5.225496148092826,6
Prospective operational challenge,2026-09-03 07:10:17,94,4.82,5.197345495909218,6
Prospective operational challenge,2026-09-03 07:11:17,94,4.81,5.189576763019968,6
Prospective operational challenge,2026-09-03 07:12:17,94,4.78,5.193244817048899,6
Prospective operational challenge,2026-09-03 07:13:17,94,4.74,5.203463264430997,6
Prospective operational challenge,2026-09-03 07:14:17,94,4.7,5.219302622995769,6
Prospective operational challenge,2026-09-03 07:15:17,94,4.65,5.151872847747415,5
Prospective operational challenge,2026-09-03 07:16:17,94,4.61,5.122882449984976,5
Prospective operational challenge,2026-09-03 07:17:17,94,4.56,5.11426565907472,5
Prospective operational challenge,2026-09-03 07:18:17,94,4.51,5.029909106689772,4
Prospective operational challenge,2026-09-03 07:19:17,94,4.47,4.89965757740478,3
Prospective operational challenge,2026-09-03 07:20:17,94,4.44,4.821348704540544,3
Prospective operational challenge,2026-09-03 07:21:17,94,4.41,4.76702122735165,3
Prospective operational challenge,2026-09-03 07:22:17,94,4.38,4.7415415139742345,3
Prospective operational challenge,2026-09-03 07:23:17,94,4.36,4.719968742878716,3
Prospective operational challenge,2026-09-03 07:24:17,94,4.34,4.696762765814917,3
Prospective operational challenge,2026-09-03 07:25:17,94,4.32,4.681645739583254,3
Prospective operational challenge,2026-09-03 07:26:17,94,4.31,4.6803716689007695,3
Prospective operational challenge,2026-09-03 07:27:17,94,4.3,4.667801556059661,3
Prospective operational challenge,2026-09-03 07:28:17,94,4.29,4.654115781235248,3
Prospective operational challenge,2026-09-03 07:29:17,94,4.29,4.628412293136095,3
Prospective operational challenge,2026-09-03 07:30:17,94,4.29,4.6072719579528245,4
Prospective operational challenge,2026-09-03 07:31:17,94,4.29,4.571474425725489,4
Prospective operational challenge,2026-09-03 07:32:17,94,4.29,4.531445482592716,4
Prospective operational challenge,2026-09-03 07:33:17,94,4.29,4.505320421431883,4
Prospective operational challenge,2026-09-03 07:34:17,94,4.3,4.490946508638765,4
Prospective operational challenge,2026-09-03 07:35:17,94,4.31,4.483093423353351,4
Prospective operational challenge,2026-09-03 07:36:17,94,4.32,4.483546640371038,5
Prospective operational challenge,2026-09-03 07:37:17,94,4.32,4.542074073428503,5
Prospective operational challenge,2026-09-03 07:38:17,94,4.33,4.591777565738322,5
Prospective operational challenge,2026-09-03 07:39:17,94,4.34,4.6125607492867715,5
Prospective operational challenge,2026-09-03 07:40:17,94,4.36,4.633531246162872,5
Prospective operational challenge,2026-09-03 07:41:17,94,4.37,4.646272614204703,5
Prospective operational challenge,2026-09-03 07:42:17,94,4.38,4.651568962304263,5
Prospective operational challenge,2026-09-03 07:43:17,94,4.4,4.652495799606793,5
Prospective operational challenge,2026-09-03 07:44:17,94,4.42,4.781448226423205,6
Prospective operational challenge,2026-09-03 07:45:17,94,4.43,4.865528956863249,6
Prospective operational challenge,2026-09-03 07:46:17,94,4.45,4.913393510260955,6
Prospective operational challenge,2026-09-03 07:47:17,94,4.47,4.9361151931084795,6
Prospective operational challenge,2026-09-03 07:48:17,94,4.49,4.940757503144168,6
Prospective operational challenge,2026-09-03 07:49:17,94,4.51,4.937775981271249,6
Prospective operational challenge,2026-09-03 07:50:17,94,4.53,4.938792555165444,6
Prospective operational challenge,2026-09-03 07:51:17,94,4.55,4.940209259798888,6
Prospective operational challenge,2026-09-03 07:52:17,94,4.58,4.941096046243665,6
Prospective operational challenge,2026-09-03 07:53:17,94,4.6,4.944329775168944,6
Prospective operational challenge,2026-09-03 07:54:17,94,4.63,4.951457883253285,6
Prospective operational challenge,2026-09-03 07:55:17,94,4.65,4.963182960779632,6
Prospective operational challenge,2026-09-03 07:56:17,94,4.68,4.98049003214574,6
Prospective operational challenge,2026-09-03 07:57:17,94,4.7,5.002418065684678,6
Prospective operational challenge,2026-09-03 07:58:17,94,4.73,5.127952472954404,7
Prospective operational challenge,2026-09-03 07:59:17,94,4.76,5.186573326526769,7
Prospective operational challenge,2026-09-03 08:00:17,94,4.78,5.233855820053074,7
Prospective operational challenge,2026-09-03 08:01:17,94,4.8,5.2711773629855685,7
Prospective operational challenge,2026-09-03 08:02:17,94,4.82,5.299317624616457,7
Prospective operational challenge,2026-09-03 08:03:17,94,4.83,5.31994929501435,7
Prospective operational challenge,2026-09-03 08:04:17,94,4.83,5.252452075632894,6
Prospective operational challenge,2026-09-03 08:05:17,94,4.83,5.206275892592448,6
Prospective operational challenge,2026-09-03 08:06:17,94,4.81,5.182070627735797,6
Prospective operational challenge,2026-09-03 08:07:17,94,4.79,5.173983566095066,6
Prospective operational challenge,2026-09-03 08:08:17,94,4.77,5.182941544972785,6
Prospective operational challenge,2026-09-03 08:09:17,94,4.73,5.196537299826824,6
Prospective operational challenge,2026-09-03 08:10:17,94,4.7,5.213661308545939,6
Prospective operational challenge,2026-09-03 08:11:17,94,4.65,5.234667227760854,6
Prospective operational challenge,2026-09-03 08:12:17,94,4.61,5.17106929943611,5
Prospective operational challenge,2026-09-03 08:13:17,94,4.57,5.145347013882493,5
Prospective operational challenge,2026-09-03 08:14:17,94,4.52,5.053677212655665,4
Prospective operational challenge,2026-09-03 08:15:17,94,4.48,4.920792339473411,3
Prospective operational challenge,2026-09-03 08:16:17,94,4.44,4.841315568483564,3
Prospective operational challenge,2026-09-03 08:17:17,94,4.41,4.786147590039277,3
Prospective operational challenge,2026-09-03 08:18:17,94,4.38,4.754234329796996,3
Prospective operational challenge,2026-09-03 08:19:17,94,4.36,4.7292587471455905,3
Prospective operational challenge,2026-09-03 08:20:17,94,4.34,4.702818474399093,3
Prospective operational challenge,2026-09-03 08:21:17,94,4.32,4.686909876969385,3
Prospective operational challenge,2026-09-03 08:22:17,94,4.31,4.670501682873036,3
Prospective operational challenge,2026-09-03 08:23:17,94,4.29,4.650155941594056,3
Prospective operational challenge,2026-09-03 08:24:17,94,4.29,4.63876033904847,3
Prospective operational challenge,2026-09-03 08:25:17,94,4.28,4.638302776890555,3
Prospective operational challenge,2026-09-03 08:26:17,94,4.28,4.6069156564541345,3
Prospective operational challenge,2026-09-03 08:27:17,94,4.28,4.579314003292369,4
Prospective operational challenge,2026-09-03 08:28:17,94,4.28,4.5367034801067865,4
Prospective operational challenge,2026-09-03 08:29:17,94,4.28,4.507708359365839,4
Prospective operational challenge,2026-09-03 08:30:17,94,4.29,4.492381538428822,4
Prospective operational challenge,2026-09-03 08:31:17,94,4.29,4.485076413109978,4
Prospective operational challenge,2026-09-03 08:32:17,94,4.3,4.486897310244189,5
Prospective operational challenge,2026-09-03 08:33:17,94,4.31,4.519146468718002,5
Prospective operational challenge,2026-09-03 08:34:17,94,4.32,4.567460744129298,5
Prospective operational challenge,2026-09-03 08:35:17,94,4.33,4.597336133604681,5
Prospective operational challenge,2026-09-03 08:36:17,94,4.34,4.615744981397279,5
Prospective operational challenge,2026-09-03 08:37:17,94,4.35,4.625286720418664,5
Prospective operational challenge,2026-09-03 08:38:17,94,4.37,4.628888085991052,5
Prospective operational challenge,2026-09-03 08:39:17,94,4.38,4.627096943621446,5
Prospective operational challenge,2026-09-03 08:40:17,94,4.4,4.747518254357746,6
Prospective operational challenge,2026-09-03 08:41:17,94,4.42,4.825242328023046,6
Prospective operational challenge,2026-09-03 08:42:17,94,4.44,4.873673449922645,6
Prospective operational challenge,2026-09-03 08:43:17,94,4.45,4.897973552187749,6
Prospective operational challenge,2026-09-03 08:44:17,94,4.48,4.904801845596364,6
Prospective operational challenge,2026-09-03 08:45:17,94,4.5,4.900641468287695,6
Prospective operational challenge,2026-09-03 08:46:17,94,4.52,4.906094430354601,6
Prospective operational challenge,2026-09-03 08:47:17,94,4.54,4.910283145534322,6
Prospective operational challenge,2026-09-03 08:48:17,94,4.56,4.914702153146122,6
Prospective operational challenge,2026-09-03 08:49:17,94,4.59,4.920285658339006,6
Prospective operational challenge,2026-09-03 08:50:17,94,4.61,4.9283849997238605,6
Prospective operational challenge,2026-09-03 08:51:17,94,4.64,4.939897165379039,6
Prospective operational challenge,2026-09-03 08:52:17,94,4.66,4.955584632954972,6
Prospective operational challenge,2026-09-03 08:53:17,94,4.69,4.976393320587368,6
Prospective operational challenge,2026-09-03 08:54:17,94,4.72,5.00196976056464,6
Prospective operational challenge,2026-09-03 08:55:17,94,4.75,5.034985552909971,6
Prospective operational challenge,2026-09-03 08:56:17,94,4.78,5.071517602754966,6
Prospective operational challenge,2026-09-03 08:57:17,94,4.81,5.196791018232307,7
Prospective operational challenge,2026-09-03 08:58:17,94,4.84,5.261373215278246,7
Prospective operational challenge,2026-09-03 08:59:17,94,4.86,5.306286473865488,7
Prospective operational challenge,2026-09-03 09:00:17,94,4.89,5.334443927138148,7
Prospective operational challenge,2026-09-03 09:01:17,94,4.9,5.345456968424536,7
Prospective operational challenge,2026-09-03 09:02:17,94,4.92,5.352857308990115,7
Prospective operational challenge,2026-09-03 09:03:17,94,4.92,5.354596309676986,7
Prospective operational challenge,2026-09-03 09:04:17,94,4.92,5.352038911274142,7
Prospective operational challenge,2026-09-03 09:05:17,94,4.91,5.2622805939093205,6
Prospective operational challenge,2026-09-03 09:06:17,94,4.89,5.204301687575846,6
Prospective operational challenge,2026-09-03 09:07:17,94,4.86,5.178155467471296,6
Prospective operational challenge,2026-09-03 09:08:17,94,4.83,5.1689492488431625,6
Prospective operational challenge,2026-09-03 09:09:17,94,4.79,5.173093190186622,6
Prospective operational challenge,2026-09-03 09:10:17,94,4.74,5.1902753860009625,6
Prospective operational challenge,2026-09-03 09:11:17,94,4.7,5.126515365053803,5
Prospective operational challenge,2026-09-03 09:12:17,94,4.65,5.099117366725329,5
Prospective operational challenge,2026-09-03 09:13:17,94,4.61,5.002398040255801,4
Prospective operational challenge,2026-09-03 09:14:17,94,4.57,4.947426159879191,4
Prospective operational challenge,2026-09-03 09:15:17,94,4.53,4.827125662933141,3
Prospective operational challenge,2026-09-03 09:16:17,94,4.49,4.752235943130431,3
Prospective operational challenge,2026-09-03 09:17:17,94,4.46,4.698926551188854,3
Prospective operational challenge,2026-09-03 09:18:17,94,4.44,4.6687426567572885,3
Prospective operational challenge,2026-09-03 09:19:17,94,4.42,4.646010016599623,3
Prospective operational challenge,2026-09-03 09:20:17,94,4.4,4.641219310579195,3
Prospective operational challenge,2026-09-03 09:21:17,94,4.38,4.6484123123882455,3
Prospective operational challenge,2026-09-03 09:22:17,94,4.37,4.6449997714966305,3
Prospective operational challenge,2026-09-03 09:23:17,94,4.36,4.64150155577487,3
Prospective operational challenge,2026-09-03 09:24:17,94,4.35,4.632667035555365,3
Prospective operational challenge,2026-09-03 09:25:17,94,4.35,4.609306050336915,3
Prospective operational challenge,2026-09-03 09:26:17,94,4.34,4.5910147102496115,4
Prospective operational challenge,2026-09-03 09:27:17,94,4.34,4.557925144979976,4
Prospective operational challenge,2026-09-03 09:28:17,94,4.35,4.536668435606252,4
Prospective operational challenge,2026-09-03 09:29:17,94,4.35,4.5253895850894,4
Prospective operational challenge,2026-09-03 09:30:17,94,4.35,4.524851071079848,4
Prospective operational challenge,2026-09-03 09:31:17,94,4.36,4.5285958262797585,4
Prospective operational challenge,2026-09-03 09:32:17,94,4.37,4.537819614387942,5
Prospective operational challenge,2026-09-03 09:33:17,94,4.37,4.5793203320835705,5
Prospective operational challenge,2026-09-03 09:34:17,94,4.38,4.634457800086692,5
Prospective operational challenge,2026-09-03 09:35:17,94,4.39,4.619597609426327,5
Prospective operational challenge,2026-09-03 09:36:17,94,4.4,4.628066476649694,5
Prospective operational challenge,2026-09-03 09:37:17,94,4.42,4.634727198780824,5
Prospective operational challenge,2026-09-03 09:38:17,94,4.43,4.635074243241636,5
Prospective operational challenge,2026-09-03 09:39:17,94,4.45,4.750591968771152,6
Prospective operational challenge,2026-09-03 09:40:17,94,4.46,4.824573365347086,6
Prospective operational challenge,2026-09-03 09:41:17,94,4.48,4.876262586741068,6
Prospective operational challenge,2026-09-03 09:42:17,94,4.5,4.904187480551963,6
Prospective operational challenge,2026-09-03 09:43:17,94,4.51,4.915947697038414,6
Prospective operational challenge,2026-09-03 09:44:17,94,4.53,4.91396612417534,6
Prospective operational challenge,2026-09-03 09:45:17,94,4.55,4.906518742743815,6
Prospective operational challenge,2026-09-03 09:46:17,94,4.57,4.906352493900313,6
Prospective operational challenge,2026-09-03 09:47:17,94,4.6,4.908390364667209,6
Prospective operational challenge,2026-09-03 09:48:17,94,4.62,4.912639911810121,6
Prospective operational challenge,2026-09-03 09:49:17,94,4.64,4.921178301277135,6
Prospective operational challenge,2026-09-03 09:50:17,94,4.67,4.935189867159072,6
Prospective operational challenge,2026-09-03 09:51:17,94,4.7,4.953096378957494,6
Prospective operational challenge,2026-09-03 09:52:17,94,4.72,4.975196895671566,6
Prospective operational challenge,2026-09-03 09:53:17,94,4.75,5.002368568869907,6
Prospective operational challenge,2026-09-03 09:54:17,94,4.77,5.1564411014800875,7
Prospective operational challenge,2026-09-03 09:55:17,94,4.8,5.212997257767627,7
Prospective operational challenge,2026-09-03 09:56:17,94,4.82,5.260809102725177,7
Prospective operational challenge,2026-09-03 09:57:17,94,4.84,5.299274551052458,7
Prospective operational challenge,2026-09-03 09:58:17,94,4.86,5.325065603173162,7
Prospective operational challenge,2026-09-03 09:59:17,94,4.87,5.336442880562134,7
Prospective operational challenge,2026-09-03 10:00:17,94,4.87,5.250733289294038,6
Prospective operational challenge,2026-09-03 10:01:17,94,4.86,5.191624079743883,6
Prospective operational challenge,2026-09-03 10:02:17,94,4.85,5.157299172215533,6
Prospective operational challenge,2026-09-03 10:03:17,94,4.82,5.137650259185714,6
Prospective operational challenge,2026-09-03 10:04:17,94,4.79,5.132234892027736,6
Prospective operational challenge,2026-09-03 10:05:17,94,4.75,5.142376260400574,6
Prospective operational challenge,2026-09-03 10:06:17,94,4.71,5.157879531814672,6
Prospective operational challenge,2026-09-03 10:07:17,94,4.67,5.08974886655564,5
Prospective operational challenge,2026-09-03 10:08:17,94,4.63,5.060164695935098,5
Prospective operational challenge,2026-09-03 10:09:17,94,4.58,5.05116345457424,5
Prospective operational challenge,2026-09-03 10:10:17,94,4.54,4.967169910317464,4
Prospective operational challenge,2026-09-03 10:11:17,94,4.51,4.837622577128108,3
Prospective operational challenge,2026-09-03 10:12:17,94,4.47,4.7577977226221755,3
Prospective operational challenge,2026-09-03 10:13:17,94,4.44,4.7013503837594754,3
Prospective operational challenge,2026-09-03 10:14:17,94,4.42,4.674765587870614,3
Prospective operational challenge,2026-09-03 10:15:17,94,4.39,4.6500697944660585,3
Prospective operational challenge,2026-09-03 10:16:17,94,4.37,4.625588707664504,3
Prospective operational challenge,2026-09-03 10:17:17,94,4.36,4.617656559718856,3
Prospective operational challenge,2026-09-03 10:18:17,94,4.34,4.61741719916804,3
Prospective operational challenge,2026-09-03 10:19:17,94,4.33,4.60406788933258,3
Prospective operational challenge,2026-09-03 10:20:17,94,4.33,4.596660180920528,3
Prospective operational challenge,2026-09-03 10:21:17,94,4.32,4.5722474828477795,3
Prospective operational challenge,2026-09-03 10:22:17,94,4.32,4.5524633037134725,4
Prospective operational challenge,2026-09-03 10:23:17,94,4.32,4.523428321033912,4
Prospective operational challenge,2026-09-03 10:24:17,94,4.32,4.486813619065017,4
Prospective operational challenge,2026-09-03 10:25:17,94,4.33,4.462706875540055,4
Prospective operational challenge,2026-09-03 10:26:17,94,4.33,4.450803269426083,4
Prospective operational challenge,2026-09-03 10:27:17,94,4.34,4.453725659608073,5
Prospective operational challenge,2026-09-03 10:28:17,94,4.35,4.459162752467191,5
Prospective operational challenge,2026-09-03 10:29:17,94,4.36,4.514330164154057,5
Prospective operational challenge,2026-09-03 10:30:17,94,4.36,4.582331986559374,5
Prospective operational challenge,2026-09-03 10:31:17,94,4.37,4.603606454332288,5
Prospective operational challenge,2026-09-03 10:32:17,94,4.39,4.615385468273203,5
Prospective operational challenge,2026-09-03 10:33:17,94,4.4,4.619580701163266,5
Prospective operational challenge,2026-09-03 10:34:17,94,4.41,4.619738732024164,5
Prospective operational challenge,2026-09-03 10:35:17,94,4.43,4.752246617061861,6
Prospective operational challenge,2026-09-03 10:36:17,94,4.45,4.83301861767791,6
Prospective operational challenge,2026-09-03 10:37:17,94,4.46,4.885043170546004,6
Prospective operational challenge,2026-09-03 10:38:17,94,4.48,4.913564104244687,6
Prospective operational challenge,2026-09-03 10:39:17,94,4.5,4.9253830745837845,6
Prospective operational challenge,2026-09-03 10:40:17,94,4.52,4.922518493658739,6
Prospective operational challenge,2026-09-03 10:41:17,94,4.54,4.924809327154557,6
Prospective operational challenge,2026-09-03 10:42:17,94,4.56,4.931061795023402,6
Prospective operational challenge,2026-09-03 10:43:17,94,4.59,4.9361561885619345,6
Prospective operational challenge,2026-09-03 10:44:17,94,4.61,4.9429170378374465,6
Prospective operational challenge,2026-09-03 10:45:17,94,4.64,4.952533022080987,6
Prospective operational challenge,2026-09-03 10:46:17,94,4.66,4.96601089139145,6
Prospective operational challenge,2026-09-03 10:47:17,94,4.69,4.982222798500981,6
Prospective operational challenge,2026-09-03 10:48:17,94,4.71,5.001897215614747,6
Prospective operational challenge,2026-09-03 10:49:17,94,4.74,5.026476918207561,6
Prospective operational challenge,2026-09-03 10:50:17,94,4.77,5.058746857786812,6
Prospective operational challenge,2026-09-03 10:51:17,94,4.8,5.094822856827015,6
Prospective operational challenge,2026-09-03 10:52:18,94,4.83,5.142583315778391,6
Prospective operational challenge,2026-09-03 10:53:18,94,4.86,5.255974095166338,7
Prospective operational challenge,2026-09-03 10:54:18,94,4.89,5.3246981554451915,7
Prospective operational challenge,2026-09-03 10:55:18,94,4.91,5.36955417153291,7
Prospective operational challenge,2026-09-03 10:56:18,94,4.94,5.393426938702554,7
Prospective operational challenge,2026-09-03 10:57:18,94,4.95,5.404923801907365,7
Prospective operational challenge,2026-09-03 10:58:18,94,4.97,5.406776531916724,7
Prospective operational challenge,2026-09-03 10:59:18,94,4.97,5.400131678993383,7
Prospective operational challenge,2026-09-03 11:00:18,94,4.97,5.387439335468472,7
Prospective operational challenge,2026-09-03 11:01:18,94,4.95,5.372261193894907,7
Prospective operational challenge,2026-09-03 11:02:18,94,4.93,5.283537019904333,6
Prospective operational challenge,2026-09-03 11:03:18,94,4.9,5.235170508350731,6
Prospective operational challenge,2026-09-03 11:04:18,94,4.86,5.211880745648191,6
